..\miniperl.exe -I..\lib ..\make_ext.pl "MAKE=gmake" --dir=..\cpan --dir=..\dist --dir=..\ext lib
gmake[1]: Entering directory 'D:/perl-xp/perl-5.40.3/dist/lib'
gmake[1]: Leaving directory 'D:/perl-xp/perl-5.40.3/dist/lib'
..\miniperl.exe -I..\lib ..\mkppport
ppport.h in cpan/DB_File is up-to-date
ppport.h in cpan/IPC-SysV is up-to-date
ppport.h in cpan/Win32API-File is up-to-date
ppport.h in dist/Data-Dumper is up-to-date
ppport.h in dist/Devel-PPPort is up-to-date
ppport.h in dist/ExtUtils-ParseXS is up-to-date
ppport.h in dist/IO is up-to-date
ppport.h in dist/PathTools is up-to-date
ppport.h in dist/Storable is up-to-date
ppport.h in dist/threads is up-to-date
ppport.h in dist/threads-shared is up-to-date
ppport.h in dist/Time-HiRes is up-to-date
ppport.h in dist/Unicode-Normalize is up-to-date
..\miniperl.exe -I..\lib ..\make_ext.pl "MAKE=gmake" --dir=..\cpan --dir=..\dist --dir=..\ext --dynamic !Unicode/Normalize
Skipping extension Unicode/Normalize, not ported to current platform at ..\make_ext.pl line 194.
gmake[1]: Entering directory 'D:/perl-xp/perl-5.40.3/dist/PathTools'
"D:\perl-xp\perl-5.40.3\miniperl.exe" "-I..\..\lib" -MExtUtils::Command::MM -e cp_nonempty -- Cwd.bs ..\..\lib\auto\Cwd\Cwd.bs 644
gcc -c   -D_WIN32_WINNT=0x0501 -DWINVER=0x0501 -D_WIN32_WINDOWS=0x0501 -march=pentium4 -DWIN32 -DPERL_TEXTMODE_SCRIPTS -DMULTIPLICITY -DPERL_IMPLICIT_SYS -DUSE_PERLIO -D__USE_MINGW_ANSI_STDIO -fwrapv -fno-strict-aliasing -mms-bitfields -Os   -DVERSION=\"3.91\" -DXS_VERSION=\"3.91\"  "-I..\..\lib\CORE"  -DDOUBLE_SLASHES_SPECIAL=0 Cwd.c
In file included from Cwd.xs:8:
..\..\lib\CORE/inline.h: In function 'Perl_is_utf8_invariant_string_loc':
..\..\lib\CORE/perl.h:2524:25: warning: cast from pointer to integer of different size [-Wpointer-to-int-cast]
 2524 | #define PTR2nat(p)      (PTRV)(p)       /* pointer to integer of PTRSIZE */
      |                         ^
..\..\lib\CORE/inline.h:1370:48: note: in expansion of macro 'PTR2nat'
 1370 | #  define PERL_IS_SUBWORD_ADDR(x) (1 & (       PTR2nat(x)                     \
      |                                                ^~~~~~~
..\..\lib\CORE/inline.h:1384:45: note: in expansion of macro 'PERL_IS_SUBWORD_ADDR'
 1384 |                           + PERL_WORDSIZE * PERL_IS_SUBWORD_ADDR(x)
      |                                             ^~~~~~~~~~~~~~~~~~~~
..\..\lib\CORE/perl.h:2524:25: warning: cast from pointer to integer of different size [-Wpointer-to-int-cast]
 2524 | #define PTR2nat(p)      (PTRV)(p)       /* pointer to integer of PTRSIZE */
      |                         ^
..\..\lib\CORE/inline.h:1371:46: note: in expansion of macro 'PTR2nat'
 1371 |                                       |   (  PTR2nat(x) >> 1)                 \
      |                                              ^~~~~~~
..\..\lib\CORE/inline.h:1384:45: note: in expansion of macro 'PERL_IS_SUBWORD_ADDR'
 1384 |                           + PERL_WORDSIZE * PERL_IS_SUBWORD_ADDR(x)
      |                                             ^~~~~~~~~~~~~~~~~~~~
..\..\lib\CORE/perl.h:2524:25: warning: cast from pointer to integer of different size [-Wpointer-to-int-cast]
 2524 | #define PTR2nat(p)      (PTRV)(p)       /* pointer to integer of PTRSIZE */
      |                         ^
..\..\lib\CORE/inline.h:1372:46: note: in expansion of macro 'PTR2nat'
 1372 |                                       | ( ( (PTR2nat(x)                       \
      |                                              ^~~~~~~
..\..\lib\CORE/inline.h:1384:45: note: in expansion of macro 'PERL_IS_SUBWORD_ADDR'
 1384 |                           + PERL_WORDSIZE * PERL_IS_SUBWORD_ADDR(x)
      |                                             ^~~~~~~~~~~~~~~~~~~~
..\..\lib\CORE/perl.h:2524:25: warning: cast from pointer to integer of different size [-Wpointer-to-int-cast]
 2524 | #define PTR2nat(p)      (PTRV)(p)       /* pointer to integer of PTRSIZE */
      |                         ^
..\..\lib\CORE/inline.h:1387:30: note: in expansion of macro 'PTR2nat'
 1387 |                           - (PTR2nat(x) & PERL_WORD_BOUNDARY_MASK))
      |                              ^~~~~~~
..\..\lib\CORE/perl.h:2524:25: warning: cast from pointer to integer of different size [-Wpointer-to-int-cast]
 2524 | #define PTR2nat(p)      (PTRV)(p)       /* pointer to integer of PTRSIZE */
      |                         ^
..\..\lib\CORE/inline.h:1392:16: note: in expansion of macro 'PTR2nat'
 1392 |         while (PTR2nat(x) & PERL_WORD_BOUNDARY_MASK) {
      |                ^~~~~~~
g++ Cwd.def -o ..\..\lib\auto\Cwd\Cwd.dll -shared -s -L"c:\perl\lib\CORE" -L"C:\toolchains\w64devkit\lib" -L"C:\toolchains\w64devkit\i686-w64-mingw32\lib" -L"C:\toolchains\w64devkit\lib\gcc\i686-w64-mingw32\16.2.0" Cwd.o   "..\..\lib\CORE\libperl540.a" -lmoldname -lkernel32 -luser32 -lgdi32 -lwinspool -lcomdlg32 -ladvapi32 -lshell32 -lole32 -loleaut32 -lnetapi32 -luuid -lws2_32 -lmpr -lwinmm -lversion -lodbc32 -lodbccp32 -lcomctl32 -Wl,--enable-auto-image-base
"D:\perl-xp\perl-5.40.3\miniperl.exe" "-I..\..\lib" -MExtUtils::Command -e chmod -- 755 ..\..\lib\auto\Cwd\Cwd.dll
gmake[1]: Leaving directory 'D:/perl-xp/perl-5.40.3/dist/PathTools'
Generating a gmake-style Makefile
Writing Makefile for B
gmake[1]: Entering directory 'D:/perl-xp/perl-5.40.3/ext/B'
Running Mkbootstrap for B ()
"D:\perl-xp\perl-5.40.3\miniperl.exe" "-I..\..\lib" -MExtUtils::Command -e chmod -- 644 "B.bs"
"D:\perl-xp\perl-5.40.3\miniperl.exe" "-I..\..\lib" -MExtUtils::Command::MM -e cp_nonempty -- B.bs ..\..\lib\auto\B\B.bs 644
gcc -c   -D_WIN32_WINNT=0x0501 -DWINVER=0x0501 -D_WIN32_WINDOWS=0x0501 -march=pentium4 -DWIN32 -DPERL_TEXTMODE_SCRIPTS -DMULTIPLICITY -DPERL_IMPLICIT_SYS -DUSE_PERLIO -D__USE_MINGW_ANSI_STDIO -fwrapv -fno-strict-aliasing -mms-bitfields -Os   -DVERSION=\"1.89\" -DXS_VERSION=\"1.89\"  "-I..\..\lib\CORE"   B.c
In file included from B.xs:13:
..\..\lib\CORE/inline.h: In function 'Perl_is_utf8_invariant_string_loc':
..\..\lib\CORE/perl.h:2524:25: warning: cast from pointer to integer of different size [-Wpointer-to-int-cast]
 2524 | #define PTR2nat(p)      (PTRV)(p)       /* pointer to integer of PTRSIZE */
      |                         ^
..\..\lib\CORE/inline.h:1370:48: note: in expansion of macro 'PTR2nat'
 1370 | #  define PERL_IS_SUBWORD_ADDR(x) (1 & (       PTR2nat(x)                     \
      |                                                ^~~~~~~
..\..\lib\CORE/inline.h:1384:45: note: in expansion of macro 'PERL_IS_SUBWORD_ADDR'
 1384 |                           + PERL_WORDSIZE * PERL_IS_SUBWORD_ADDR(x)
      |                                             ^~~~~~~~~~~~~~~~~~~~
..\..\lib\CORE/perl.h:2524:25: warning: cast from pointer to integer of different size [-Wpointer-to-int-cast]
 2524 | #define PTR2nat(p)      (PTRV)(p)       /* pointer to integer of PTRSIZE */
      |                         ^
..\..\lib\CORE/inline.h:1371:46: note: in expansion of macro 'PTR2nat'
 1371 |                                       |   (  PTR2nat(x) >> 1)                 \
      |                                              ^~~~~~~
..\..\lib\CORE/inline.h:1384:45: note: in expansion of macro 'PERL_IS_SUBWORD_ADDR'
 1384 |                           + PERL_WORDSIZE * PERL_IS_SUBWORD_ADDR(x)
      |                                             ^~~~~~~~~~~~~~~~~~~~
..\..\lib\CORE/perl.h:2524:25: warning: cast from pointer to integer of different size [-Wpointer-to-int-cast]
 2524 | #define PTR2nat(p)      (PTRV)(p)       /* pointer to integer of PTRSIZE */
      |                         ^
..\..\lib\CORE/inline.h:1372:46: note: in expansion of macro 'PTR2nat'
 1372 |                                       | ( ( (PTR2nat(x)                       \
      |                                              ^~~~~~~
..\..\lib\CORE/inline.h:1384:45: note: in expansion of macro 'PERL_IS_SUBWORD_ADDR'
 1384 |                           + PERL_WORDSIZE * PERL_IS_SUBWORD_ADDR(x)
      |                                             ^~~~~~~~~~~~~~~~~~~~
..\..\lib\CORE/perl.h:2524:25: warning: cast from pointer to integer of different size [-Wpointer-to-int-cast]
 2524 | #define PTR2nat(p)      (PTRV)(p)       /* pointer to integer of PTRSIZE */
      |                         ^
..\..\lib\CORE/inline.h:1387:30: note: in expansion of macro 'PTR2nat'
 1387 |                           - (PTR2nat(x) & PERL_WORD_BOUNDARY_MASK))
      |                              ^~~~~~~
..\..\lib\CORE/perl.h:2524:25: warning: cast from pointer to integer of different size [-Wpointer-to-int-cast]
 2524 | #define PTR2nat(p)      (PTRV)(p)       /* pointer to integer of PTRSIZE */
      |                         ^
..\..\lib\CORE/inline.h:1392:16: note: in expansion of macro 'PTR2nat'
 1392 |         while (PTR2nat(x) & PERL_WORD_BOUNDARY_MASK) {
      |                ^~~~~~~
..\..\lib\CORE/inline.h: In function 'S_variant_under_utf8_count':
..\..\lib\CORE/perl.h:2524:25: warning: cast from pointer to integer of different size [-Wpointer-to-int-cast]
 2524 | #define PTR2nat(p)      (PTRV)(p)       /* pointer to integer of PTRSIZE */
      |                         ^
..\..\lib\CORE/inline.h:1370:48: note: in expansion of macro 'PTR2nat'
 1370 | #  define PERL_IS_SUBWORD_ADDR(x) (1 & (       PTR2nat(x)                     \
      |                                                ^~~~~~~
..\..\lib\CORE/inline.h:1921:45: note: in expansion of macro 'PERL_IS_SUBWORD_ADDR'
 1921 |                           + PERL_WORDSIZE * PERL_IS_SUBWORD_ADDR(x)
      |                                             ^~~~~~~~~~~~~~~~~~~~
..\..\lib\CORE/perl.h:2524:25: warning: cast from pointer to integer of different size [-Wpointer-to-int-cast]
 2524 | #define PTR2nat(p)      (PTRV)(p)       /* pointer to integer of PTRSIZE */
      |                         ^
..\..\lib\CORE/inline.h:1371:46: note: in expansion of macro 'PTR2nat'
 1371 |                                       |   (  PTR2nat(x) >> 1)                 \
      |                                              ^~~~~~~
..\..\lib\CORE/inline.h:1921:45: note: in expansion of macro 'PERL_IS_SUBWORD_ADDR'
 1921 |                           + PERL_WORDSIZE * PERL_IS_SUBWORD_ADDR(x)
      |                                             ^~~~~~~~~~~~~~~~~~~~
..\..\lib\CORE/perl.h:2524:25: warning: cast from pointer to integer of different size [-Wpointer-to-int-cast]
 2524 | #define PTR2nat(p)      (PTRV)(p)       /* pointer to integer of PTRSIZE */
      |                         ^
..\..\lib\CORE/inline.h:1372:46: note: in expansion of macro 'PTR2nat'
 1372 |                                       | ( ( (PTR2nat(x)                       \
      |                                              ^~~~~~~
..\..\lib\CORE/inline.h:1921:45: note: in expansion of macro 'PERL_IS_SUBWORD_ADDR'
 1921 |                           + PERL_WORDSIZE * PERL_IS_SUBWORD_ADDR(x)
      |                                             ^~~~~~~~~~~~~~~~~~~~
..\..\lib\CORE/perl.h:2524:25: warning: cast from pointer to integer of different size [-Wpointer-to-int-cast]
 2524 | #define PTR2nat(p)      (PTRV)(p)       /* pointer to integer of PTRSIZE */
      |                         ^
..\..\lib\CORE/inline.h:1922:30: note: in expansion of macro 'PTR2nat'
 1922 |                           - (PTR2nat(x) & PERL_WORD_BOUNDARY_MASK))
      |                              ^~~~~~~
..\..\lib\CORE/perl.h:2524:25: warning: cast from pointer to integer of different size [-Wpointer-to-int-cast]
 2524 | #define PTR2nat(p)      (PTRV)(p)       /* pointer to integer of PTRSIZE */
      |                         ^
..\..\lib\CORE/inline.h:1927:16: note: in expansion of macro 'PTR2nat'
 1927 |         while (PTR2nat(x) & PERL_WORD_BOUNDARY_MASK) {
      |                ^~~~~~~
In file included from ..\..\lib\CORE/perl.h:6225:
B.xs: In function 'make_op_object':
..\..\lib\CORE/perl.h:2496:33: warning: cast from pointer to integer of different size [-Wpointer-to-int-cast]
 2496 | #  define INT2PTR(any,d)        (any)(d)
      |                                 ^
..\..\lib\CORE/embed.h:726:71: note: in definition of macro 'sv_setiv'
  726 | # define sv_setiv(a,b)                          Perl_sv_setiv(aTHX_ a,b)
      |                                                                       ^
..\..\lib\CORE/perl.h:2521:25: note: in expansion of macro 'INT2PTR'
 2521 | #define PTR2IV(p)       INT2PTR(IV,p)
      |                         ^~~~~~~
B.xs:110:56: note: in expansion of macro 'PTR2IV'
  110 |     sv_setiv(newSVrv(opsv, opclassnames[op_class(o)]), PTR2IV(o));
      |                                                        ^~~~~~
B.xs: In function 'get_overlay_object':
..\..\lib\CORE/perl.h:2496:33: warning: cast from pointer to integer of different size [-Wpointer-to-int-cast]
 2496 | #  define INT2PTR(any,d)        (any)(d)
      |                                 ^
..\..\lib\CORE/embed.h:436:68: note: in definition of macro 'newSViv'
  436 | # define newSViv(a)                             Perl_newSViv(aTHX_ a)
      |                                                                    ^
..\..\lib\CORE/perl.h:2521:25: note: in expansion of macro 'INT2PTR'
 2521 | #define PTR2IV(p)       INT2PTR(IV,p)
      |                         ^~~~~~~
B.xs:127:19: note: in expansion of macro 'PTR2IV'
  127 |     key = newSViv(PTR2IV(o));
      |                   ^~~~~~
B.xs: In function 'make_sv_object':
..\..\lib\CORE/perl.h:2496:33: warning: cast from pointer to integer of different size [-Wpointer-to-int-cast]
 2496 | #  define INT2PTR(any,d)        (any)(d)
      |                                 ^
..\..\lib\CORE/perl.h:2521:25: note: in expansion of macro 'INT2PTR'
 2521 | #define PTR2IV(p)       INT2PTR(IV,p)
      |                         ^~~~~~~
B.xs:162:14: note: in expansion of macro 'PTR2IV'
  162 |         iv = PTR2IV(sv);
      |              ^~~~~~
B.xs: In function 'make_temp_object':
..\..\lib\CORE/perl.h:2496:33: warning: cast from pointer to integer of different size [-Wpointer-to-int-cast]
 2496 | #  define INT2PTR(any,d)        (any)(d)
      |                                 ^
..\..\lib\CORE/perl.h:2521:25: note: in expansion of macro 'INT2PTR'
 2521 | #define PTR2IV(p)       INT2PTR(IV,p)
      |                         ^~~~~~~
B.xs:174:19: note: in expansion of macro 'PTR2IV'
  174 |     const IV iv = PTR2IV(temp);
      |                   ^~~~~~
B.xs: In function 'make_mg_object':
..\..\lib\CORE/perl.h:2496:33: warning: cast from pointer to integer of different size [-Wpointer-to-int-cast]
 2496 | #  define INT2PTR(any,d)        (any)(d)
      |                                 ^
..\..\lib\CORE/embed.h:726:71: note: in definition of macro 'sv_setiv'
  726 | # define sv_setiv(a,b)                          Perl_sv_setiv(aTHX_ a,b)
      |                                                                       ^
..\..\lib\CORE/perl.h:2521:25: note: in expansion of macro 'INT2PTR'
 2521 | #define PTR2IV(p)       INT2PTR(IV,p)
      |                         ^~~~~~~
B.xs:237:40: note: in expansion of macro 'PTR2IV'
  237 |     sv_setiv(newSVrv(arg, "B::MAGIC"), PTR2IV(mg));
      |                                        ^~~~~~
B.xs: In function 'walkoptree':
..\..\lib\CORE/perl.h:2496:33: warning: cast from pointer to integer of different size [-Wpointer-to-int-cast]
 2496 | #  define INT2PTR(any,d)        (any)(d)
      |                                 ^
..\..\lib\CORE/embed.h:726:71: note: in definition of macro 'sv_setiv'
  726 | # define sv_setiv(a,b)                          Perl_sv_setiv(aTHX_ a,b)
      |                                                                       ^
..\..\lib\CORE/perl.h:2521:25: note: in expansion of macro 'INT2PTR'
 2521 | #define PTR2IV(p)       INT2PTR(IV,p)
      |                         ^~~~~~~
B.xs:383:22: note: in expansion of macro 'PTR2IV'
  383 |     sv_setiv(object, PTR2IV(o));
      |                      ^~~~~~
B.xs: In function 'XS_B_comppadlist':
..\..\lib\CORE/perl.h:2496:33: warning: cast from pointer to integer of different size [-Wpointer-to-int-cast]
 2496 | #  define INT2PTR(any,d)        (any)(d)
      |                                 ^
..\..\lib\CORE/embed.h:726:71: note: in definition of macro 'sv_setiv'
  726 | # define sv_setiv(a,b)                          Perl_sv_setiv(aTHX_ a,b)
      |                                                                       ^
..\..\lib\CORE/perl.h:2521:25: note: in expansion of macro 'INT2PTR'
 2521 | #define PTR2IV(p)       INT2PTR(IV,p)
      |                         ^~~~~~~
B.xs:665:22: note: in expansion of macro 'PTR2IV'
  665 |                      PTR2IV(padlist));
      |                      ^~~~~~
B.c: In function 'XS_B_walkoptree':
..\..\lib\CORE/perl.h:2496:33: warning: cast to pointer from integer of different size [-Wint-to-pointer-cast]
 2496 | #  define INT2PTR(any,d)        (any)(d)
      |                                 ^
B.c:899:18: note: in expansion of macro 'INT2PTR'
  899 |             op = INT2PTR(B__OP,tmp);
      |                  ^~~~~~~
B.c: In function 'XS_B_address':
..\..\lib\CORE/perl.h:2496:33: warning: cast from pointer to integer of different size [-Wpointer-to-int-cast]
 2496 | #  define INT2PTR(any,d)        (any)(d)
      |                                 ^
..\..\lib\CORE/perl.h:2521:25: note: in expansion of macro 'INT2PTR'
 2521 | #define PTR2IV(p)       INT2PTR(IV,p)
      |                         ^~~~~~~
B.c:933:21: note: in expansion of macro 'PTR2IV'
  933 | #define address(sv) PTR2IV(sv)
      |                     ^~~~~~
B.c:947:18: note: in expansion of macro 'address'
  947 |         RETVAL = address(sv);
      |                  ^~~~~~~
B.c: In function 'XS_B__OP_next':
..\..\lib\CORE/perl.h:2496:33: warning: cast to pointer from integer of different size [-Wint-to-pointer-cast]
 2496 | #  define INT2PTR(any,d)        (any)(d)
      |                                 ^
B.c:1171:17: note: in expansion of macro 'INT2PTR'
 1171 |             o = INT2PTR(B__OP,tmp);
      |                 ^~~~~~~
..\..\lib\CORE/perl.h:2496:33: warning: cast from pointer to integer of different size [-Wpointer-to-int-cast]
 2496 | #  define INT2PTR(any,d)        (any)(d)
      |                                 ^
..\..\lib\CORE/embed.h:726:71: note: in definition of macro 'sv_setiv'
  726 | # define sv_setiv(a,b)                          Perl_sv_setiv(aTHX_ a,b)
      |                                                                       ^
..\..\lib\CORE/perl.h:2521:25: note: in expansion of macro 'INT2PTR'
 2521 | #define PTR2IV(p)       INT2PTR(IV,p)
      |                         ^~~~~~~
B.xs:977:34: note: in expansion of macro 'PTR2IV'
  977 |                                  PTR2IV(target));
      |                                  ^~~~~~
..\..\lib\CORE/perl.h:2496:33: warning: cast from pointer to integer of different size [-Wpointer-to-int-cast]
 2496 | #  define INT2PTR(any,d)        (any)(d)
      |                                 ^
..\..\lib\CORE/embed.h:726:71: note: in definition of macro 'sv_setiv'
  726 | # define sv_setiv(a,b)                          Perl_sv_setiv(aTHX_ a,b)
      |                                                                       ^
..\..\lib\CORE/perl.h:2521:25: note: in expansion of macro 'INT2PTR'
 2521 | #define PTR2IV(p)       INT2PTR(IV,p)
      |                         ^~~~~~~
B.xs:1054:25: note: in expansion of macro 'PTR2IV'
 1054 |                         PTR2IV(CopHINTHASH_get(cCOPo)));
      |                         ^~~~~~
B.c: In function 'XS_B__OP_oplist':
..\..\lib\CORE/perl.h:2496:33: warning: cast to pointer from integer of different size [-Wint-to-pointer-cast]
 2496 | #  define INT2PTR(any,d)        (any)(d)
      |                                 ^
B.c:1457:17: note: in expansion of macro 'INT2PTR'
 1457 |             o = INT2PTR(B__OP,tmp);
      |                 ^~~~~~~
B.c: In function 'XS_B__UNOP_AUX_string':
..\..\lib\CORE/perl.h:2496:33: warning: cast to pointer from integer of different size [-Wint-to-pointer-cast]
 2496 | #  define INT2PTR(any,d)        (any)(d)
      |                                 ^
B.c:1489:17: note: in expansion of macro 'INT2PTR'
 1489 |             o = INT2PTR(B__OP,tmp);
      |                 ^~~~~~~
..\..\lib\CORE/perl.h:2496:33: warning: cast to pointer from integer of different size [-Wint-to-pointer-cast]
 2496 | #  define INT2PTR(any,d)        (any)(d)
      |                                 ^
B.c:1497:18: note: in expansion of macro 'INT2PTR'
 1497 |             cv = INT2PTR(B__CV,tmp);
      |                  ^~~~~~~
..\..\lib\CORE/perl.h:2496:33: warning: cast from pointer to integer of different size [-Wpointer-to-int-cast]
 2496 | #  define INT2PTR(any,d)        (any)(d)
      |                                 ^
..\..\lib\CORE/embed.h:649:71: note: in definition of macro 'sv_2mortal'
  649 | # define sv_2mortal(a)                          Perl_sv_2mortal(aTHX_ a)
      |                                                                       ^
..\..\lib\CORE/perl.h:2521:25: note: in expansion of macro 'INT2PTR'
 2521 | #define PTR2IV(p)       INT2PTR(IV,p)
      |                         ^~~~~~~
B.xs:1178:29: note: in expansion of macro 'PTR2IV'
 1178 |                             PTR2IV(aux)));
      |                             ^~~~~~
B.c: In function 'XS_B__UNOP_AUX_aux_list':
..\..\lib\CORE/perl.h:2496:33: warning: cast to pointer from integer of different size [-Wint-to-pointer-cast]
 2496 | #  define INT2PTR(any,d)        (any)(d)
      |                                 ^
B.c:1559:17: note: in expansion of macro 'INT2PTR'
 1559 |             o = INT2PTR(B__OP,tmp);
      |                 ^~~~~~~
..\..\lib\CORE/perl.h:2496:33: warning: cast to pointer from integer of different size [-Wint-to-pointer-cast]
 2496 | #  define INT2PTR(any,d)        (any)(d)
      |                                 ^
B.c:1567:18: note: in expansion of macro 'INT2PTR'
 1567 |             cv = INT2PTR(B__CV,tmp);
      |                  ^~~~~~~
In file included from ..\..\lib\CORE/perl.h:6166:
..\..\lib\CORE/perl.h:2496:33: warning: cast from pointer to integer of different size [-Wpointer-to-int-cast]
 2496 | #  define INT2PTR(any,d)        (any)(d)
      |                                 ^
..\..\lib\CORE/pp.h:549:35: note: in definition of macro 'PUSHs'
  549 | #  define PUSHs(s)      (*++sp = (s))
      |                                   ^
B.xs:1219:13: note: in expansion of macro 'XPUSHs'
 1219 |             XPUSHs(sv_2mortal(newSViv(PTR2IV(aux))));
      |             ^~~~~~
B.xs:1219:20: note: in expansion of macro 'sv_2mortal'
 1219 |             XPUSHs(sv_2mortal(newSViv(PTR2IV(aux))));
      |                    ^~~~~~~~~~
B.xs:1219:31: note: in expansion of macro 'newSViv'
 1219 |             XPUSHs(sv_2mortal(newSViv(PTR2IV(aux))));
      |                               ^~~~~~~
..\..\lib\CORE/perl.h:2521:25: note: in expansion of macro 'INT2PTR'
 2521 | #define PTR2IV(p)       INT2PTR(IV,p)
      |                         ^~~~~~~
B.xs:1219:39: note: in expansion of macro 'PTR2IV'
 1219 |             XPUSHs(sv_2mortal(newSViv(PTR2IV(aux))));
      |                                       ^~~~~~
B.c: In function 'XS_B__SV_REFCNT':
..\..\lib\CORE/perl.h:2496:33: warning: cast to pointer from integer of different size [-Wint-to-pointer-cast]
 2496 | #  define INT2PTR(any,d)        (any)(d)
      |                                 ^
B.c:1780:18: note: in expansion of macro 'INT2PTR'
 1780 |             sv = INT2PTR(B__SV,tmp);
      |                  ^~~~~~~
B.c: In function 'XS_B__SV_object_2svref':
..\..\lib\CORE/perl.h:2496:33: warning: cast to pointer from integer of different size [-Wint-to-pointer-cast]
 2496 | #  define INT2PTR(any,d)        (any)(d)
      |                                 ^
B.c:1808:18: note: in expansion of macro 'INT2PTR'
 1808 |             sv = INT2PTR(B__SV,tmp);
      |                  ^~~~~~~
B.c: In function 'XS_B__SV_IsBOOL':
..\..\lib\CORE/perl.h:2496:33: warning: cast to pointer from integer of different size [-Wint-to-pointer-cast]
 2496 | #  define INT2PTR(any,d)        (any)(d)
      |                                 ^
B.c:1835:18: note: in expansion of macro 'INT2PTR'
 1835 |             sv = INT2PTR(B__SV,tmp);
      |                  ^~~~~~~
B.c: In function 'XS_B__SV_TRUE':
..\..\lib\CORE/perl.h:2496:33: warning: cast to pointer from integer of different size [-Wint-to-pointer-cast]
 2496 | #  define INT2PTR(any,d)        (any)(d)
      |                                 ^
B.c:1860:18: note: in expansion of macro 'INT2PTR'
 1860 |             sv = INT2PTR(B__SV,tmp);
      |                  ^~~~~~~
B.c: In function 'XS_B__SV_TRUE_nomg':
..\..\lib\CORE/perl.h:2496:33: warning: cast to pointer from integer of different size [-Wint-to-pointer-cast]
 2496 | #  define INT2PTR(any,d)        (any)(d)
      |                                 ^
B.c:1885:18: note: in expansion of macro 'INT2PTR'
 1885 |             sv = INT2PTR(B__SV,tmp);
      |                  ^~~~~~~
B.c: In function 'XS_B__IV_IV':
..\..\lib\CORE/perl.h:2496:33: warning: cast to pointer from integer of different size [-Wint-to-pointer-cast]
 2496 | #  define INT2PTR(any,d)        (any)(d)
      |                                 ^
B.c:1911:18: note: in expansion of macro 'INT2PTR'
 1911 |             sv = INT2PTR(B__IV,tmp);
      |                  ^~~~~~~
B.c: In function 'XS_B__IV_IVX':
..\..\lib\CORE/perl.h:2496:33: warning: cast to pointer from integer of different size [-Wint-to-pointer-cast]
 2496 | #  define INT2PTR(any,d)        (any)(d)
      |                                 ^
B.c:1989:18: note: in expansion of macro 'INT2PTR'
 1989 |             sv = INT2PTR(B__SV,tmp);
      |                  ^~~~~~~
B.c: In function 'XS_B__IV_packiv':
..\..\lib\CORE/perl.h:2496:33: warning: cast to pointer from integer of different size [-Wint-to-pointer-cast]
 2496 | #  define INT2PTR(any,d)        (any)(d)
      |                                 ^
B.c:2057:18: note: in expansion of macro 'INT2PTR'
 2057 |             sv = INT2PTR(B__IV,tmp);
      |                  ^~~~~~~
B.c: In function 'XS_B__NV_NV':
..\..\lib\CORE/perl.h:2496:33: warning: cast to pointer from integer of different size [-Wint-to-pointer-cast]
 2496 | #  define INT2PTR(any,d)        (any)(d)
      |                                 ^
B.c:2105:18: note: in expansion of macro 'INT2PTR'
 2105 |             sv = INT2PTR(B__NV,tmp);
      |                  ^~~~~~~
B.c: In function 'XS_B__REGEXP_REGEX':
..\..\lib\CORE/perl.h:2496:33: warning: cast to pointer from integer of different size [-Wint-to-pointer-cast]
 2496 | #  define INT2PTR(any,d)        (any)(d)
      |                                 ^
B.c:2133:18: note: in expansion of macro 'INT2PTR'
 2133 |             sv = INT2PTR(B__REGEXP,tmp);
      |                  ^~~~~~~
..\..\lib\CORE/perl.h:2496:33: warning: cast from pointer to integer of different size [-Wpointer-to-int-cast]
 2496 | #  define INT2PTR(any,d)        (any)(d)
      |                                 ^
..\..\lib\CORE/pp.h:484:23: note: in definition of macro 'TARGi'
  484 |         IV TARGi_iv = i;                                                \
      |                       ^
B.xs:1646:17: note: in expansion of macro 'PUSHi'
 1646 |                 PUSHi(PTR2IV(sv));
      |                 ^~~~~
..\..\lib\CORE/perl.h:2521:25: note: in expansion of macro 'INT2PTR'
 2521 | #define PTR2IV(p)       INT2PTR(IV,p)
      |                         ^~~~~~~
B.xs:1646:23: note: in expansion of macro 'PTR2IV'
 1646 |                 PUSHi(PTR2IV(sv));
      |                       ^~~~~~
B.c: In function 'XS_B__INVLIST_prev_index':
..\..\lib\CORE/perl.h:2496:33: warning: cast to pointer from integer of different size [-Wint-to-pointer-cast]
 2496 | #  define INT2PTR(any,d)        (any)(d)
      |                                 ^
B.c:2171:23: note: in expansion of macro 'INT2PTR'
 2171 |             invlist = INT2PTR(B__INVLIST,tmp);
      |                       ^~~~~~~
B.c: In function 'XS_B__INVLIST_is_offset':
..\..\lib\CORE/perl.h:2496:33: warning: cast to pointer from integer of different size [-Wint-to-pointer-cast]
 2496 | #  define INT2PTR(any,d)        (any)(d)
      |                                 ^
B.c:2199:23: note: in expansion of macro 'INT2PTR'
 2199 |             invlist = INT2PTR(B__INVLIST,tmp);
      |                       ^~~~~~~
B.c: In function 'XS_B__INVLIST_array_len':
..\..\lib\CORE/perl.h:2496:33: warning: cast to pointer from integer of different size [-Wint-to-pointer-cast]
 2496 | #  define INT2PTR(any,d)        (any)(d)
      |                                 ^
B.c:2227:23: note: in expansion of macro 'INT2PTR'
 2227 |             invlist = INT2PTR(B__INVLIST,tmp);
      |                       ^~~~~~~
B.c: In function 'XS_B__INVLIST_get_invlist_array':
..\..\lib\CORE/perl.h:2496:33: warning: cast to pointer from integer of different size [-Wint-to-pointer-cast]
 2496 | #  define INT2PTR(any,d)        (any)(d)
      |                                 ^
B.c:2260:23: note: in expansion of macro 'INT2PTR'
 2260 |             invlist = INT2PTR(B__INVLIST,tmp);
      |                       ^~~~~~~
B.c: In function 'XS_B__PV_RV':
..\..\lib\CORE/perl.h:2496:33: warning: cast to pointer from integer of different size [-Wint-to-pointer-cast]
 2496 | #  define INT2PTR(any,d)        (any)(d)
      |                                 ^
B.c:2315:18: note: in expansion of macro 'INT2PTR'
 2315 |             sv = INT2PTR(B__PV,tmp);
      |                  ^~~~~~~
B.c: In function 'XS_B__PV_PV':
..\..\lib\CORE/perl.h:2496:33: warning: cast to pointer from integer of different size [-Wint-to-pointer-cast]
 2496 | #  define INT2PTR(any,d)        (any)(d)
      |                                 ^
B.c:2348:18: note: in expansion of macro 'INT2PTR'
 2348 |             sv = INT2PTR(B__PV,tmp);
      |                  ^~~~~~~
B.c: In function 'XS_B__PVMG_MAGIC':
..\..\lib\CORE/perl.h:2496:33: warning: cast to pointer from integer of different size [-Wint-to-pointer-cast]
 2496 | #  define INT2PTR(any,d)        (any)(d)
      |                                 ^
B.c:2419:18: note: in expansion of macro 'INT2PTR'
 2419 |             sv = INT2PTR(B__PVMG,tmp);
      |                  ^~~~~~~
B.c: In function 'XS_B__MAGIC_MOREMAGIC':
..\..\lib\CORE/perl.h:2496:33: warning: cast to pointer from integer of different size [-Wint-to-pointer-cast]
 2496 | #  define INT2PTR(any,d)        (any)(d)
      |                                 ^
B.c:2448:18: note: in expansion of macro 'INT2PTR'
 2448 |             mg = INT2PTR(B__MAGIC,tmp);
      |                  ^~~~~~~
..\..\lib\CORE/perl.h:2496:33: warning: cast from pointer to integer of different size [-Wpointer-to-int-cast]
 2496 | #  define INT2PTR(any,d)        (any)(d)
      |                                 ^
..\..\lib\CORE/embed.h:726:71: note: in definition of macro 'sv_setiv'
  726 | # define sv_setiv(a,b)                          Perl_sv_setiv(aTHX_ a,b)
      |                                                                       ^
B.xs:1840:17: note: in expansion of macro 'mPUSHi'
 1840 |                 mPUSHi(PTR2IV(mg->mg_obj));
      |                 ^~~~~~
..\..\lib\CORE/perl.h:2521:25: note: in expansion of macro 'INT2PTR'
 2521 | #define PTR2IV(p)       INT2PTR(IV,p)
      |                         ^~~~~~~
B.xs:1840:24: note: in expansion of macro 'PTR2IV'
 1840 |                 mPUSHi(PTR2IV(mg->mg_obj));
      |                        ^~~~~~
B.c: In function 'XS_B__BM_PREVIOUS':
..\..\lib\CORE/perl.h:2496:33: warning: cast to pointer from integer of different size [-Wint-to-pointer-cast]
 2496 | #  define INT2PTR(any,d)        (any)(d)
      |                                 ^
B.c:2522:18: note: in expansion of macro 'INT2PTR'
 2522 |             sv = INT2PTR(B__BM,tmp);
      |                  ^~~~~~~
B.c: In function 'XS_B__BM_RARE':
..\..\lib\CORE/perl.h:2496:33: warning: cast to pointer from integer of different size [-Wint-to-pointer-cast]
 2496 | #  define INT2PTR(any,d)        (any)(d)
      |                                 ^
B.c:2551:18: note: in expansion of macro 'INT2PTR'
 2551 |             sv = INT2PTR(B__BM,tmp);
      |                  ^~~~~~~
B.c: In function 'XS_B__GV_NAME':
..\..\lib\CORE/perl.h:2496:33: warning: cast to pointer from integer of different size [-Wint-to-pointer-cast]
 2496 | #  define INT2PTR(any,d)        (any)(d)
      |                                 ^
B.c:2579:18: note: in expansion of macro 'INT2PTR'
 2579 |             gv = INT2PTR(B__GV,tmp);
      |                  ^~~~~~~
B.c: In function 'XS_B__GV_is_empty':
..\..\lib\CORE/perl.h:2496:33: warning: cast to pointer from integer of different size [-Wint-to-pointer-cast]
 2496 | #  define INT2PTR(any,d)        (any)(d)
      |                                 ^
B.c:2607:18: note: in expansion of macro 'INT2PTR'
 2607 |             gv = INT2PTR(B__GV,tmp);
      |                  ^~~~~~~
B.c: In function 'XS_B__GV_GP':
..\..\lib\CORE/perl.h:2496:33: warning: cast to pointer from integer of different size [-Wint-to-pointer-cast]
 2496 | #  define INT2PTR(any,d)        (any)(d)
      |                                 ^
B.c:2638:18: note: in expansion of macro 'INT2PTR'
 2638 |             gv = INT2PTR(B__GV,tmp);
      |                  ^~~~~~~
..\..\lib\CORE/perl.h:2496:33: warning: cast from pointer to integer of different size [-Wpointer-to-int-cast]
 2496 | #  define INT2PTR(any,d)        (any)(d)
      |                                 ^
..\..\lib\CORE/pp.h:484:23: note: in definition of macro 'TARGi'
  484 |         IV TARGi_iv = i;                                                \
      |                       ^
B.c:2646:9: note: in expansion of macro 'PUSHi'
 2646 |         PUSHi(PTR2IV(RETVAL));
      |         ^~~~~
..\..\lib\CORE/perl.h:2521:25: note: in expansion of macro 'INT2PTR'
 2521 | #define PTR2IV(p)       INT2PTR(IV,p)
      |                         ^~~~~~~
B.c:2646:15: note: in expansion of macro 'PTR2IV'
 2646 |         PUSHi(PTR2IV(RETVAL));
      |               ^~~~~~
B.c: In function 'XS_B__GV_SV':
..\..\lib\CORE/perl.h:2496:33: warning: cast to pointer from integer of different size [-Wint-to-pointer-cast]
 2496 | #  define INT2PTR(any,d)        (any)(d)
      |                                 ^
B.c:2680:18: note: in expansion of macro 'INT2PTR'
 2680 |             gv = INT2PTR(B__GV,tmp);
      |                  ^~~~~~~
B.c: In function 'XS_B__GV_LINE':
..\..\lib\CORE/perl.h:2496:33: warning: cast to pointer from integer of different size [-Wint-to-pointer-cast]
 2496 | #  define INT2PTR(any,d)        (any)(d)
      |                                 ^
B.c:2724:18: note: in expansion of macro 'INT2PTR'
 2724 |             gv = INT2PTR(B__GV,tmp);
      |                  ^~~~~~~
B.c: In function 'XS_B__GV_GPFLAGS':
..\..\lib\CORE/perl.h:2496:33: warning: cast to pointer from integer of different size [-Wint-to-pointer-cast]
 2496 | #  define INT2PTR(any,d)        (any)(d)
      |                                 ^
B.c:2751:18: note: in expansion of macro 'INT2PTR'
 2751 |             gv = INT2PTR(B__GV,tmp);
      |                  ^~~~~~~
B.c: In function 'XS_B__GV_FILEGV':
..\..\lib\CORE/perl.h:2496:33: warning: cast to pointer from integer of different size [-Wint-to-pointer-cast]
 2496 | #  define INT2PTR(any,d)        (any)(d)
      |                                 ^
B.c:2778:18: note: in expansion of macro 'INT2PTR'
 2778 |             gv = INT2PTR(B__GV,tmp);
      |                  ^~~~~~~
B.c: In function 'XS_B__IO_IsSTD':
..\..\lib\CORE/perl.h:2496:33: warning: cast to pointer from integer of different size [-Wint-to-pointer-cast]
 2496 | #  define INT2PTR(any,d)        (any)(d)
      |                                 ^
B.c:2809:18: note: in expansion of macro 'INT2PTR'
 2809 |             io = INT2PTR(B__IO,tmp);
      |                  ^~~~~~~
B.c: In function 'XS_B__AV_FILL':
..\..\lib\CORE/perl.h:2496:33: warning: cast to pointer from integer of different size [-Wint-to-pointer-cast]
 2496 | #  define INT2PTR(any,d)        (any)(d)
      |                                 ^
B.c:2848:18: note: in expansion of macro 'INT2PTR'
 2848 |             av = INT2PTR(B__AV,tmp);
      |                  ^~~~~~~
B.c: In function 'XS_B__AV_ARRAY':
..\..\lib\CORE/perl.h:2496:33: warning: cast to pointer from integer of different size [-Wint-to-pointer-cast]
 2496 | #  define INT2PTR(any,d)        (any)(d)
      |                                 ^
B.c:2875:18: note: in expansion of macro 'INT2PTR'
 2875 |             av = INT2PTR(B__AV,tmp);
      |                  ^~~~~~~
B.c: In function 'XS_B__AV_ARRAYelt':
..\..\lib\CORE/perl.h:2496:33: warning: cast to pointer from integer of different size [-Wint-to-pointer-cast]
 2496 | #  define INT2PTR(any,d)        (any)(d)
      |                                 ^
B.c:2909:18: note: in expansion of macro 'INT2PTR'
 2909 |             av = INT2PTR(B__AV,tmp);
      |                  ^~~~~~~
B.c: In function 'XS_B__FM_LINES':
..\..\lib\CORE/perl.h:2496:33: warning: cast to pointer from integer of different size [-Wint-to-pointer-cast]
 2496 | #  define INT2PTR(any,d)        (any)(d)
      |                                 ^
B.c:2939:22: note: in expansion of macro 'INT2PTR'
 2939 |             format = INT2PTR(B__FM,tmp);
      |                      ^~~~~~~
B.c: In function 'XS_B__CV_CONST':
..\..\lib\CORE/perl.h:2496:33: warning: cast to pointer from integer of different size [-Wint-to-pointer-cast]
 2496 | #  define INT2PTR(any,d)        (any)(d)
      |                                 ^
B.c:2968:18: note: in expansion of macro 'INT2PTR'
 2968 |             cv = INT2PTR(B__CV,tmp);
      |                  ^~~~~~~
B.c: In function 'XS_B__CV_START':
..\..\lib\CORE/perl.h:2496:33: warning: cast to pointer from integer of different size [-Wint-to-pointer-cast]
 2496 | #  define INT2PTR(any,d)        (any)(d)
      |                                 ^
B.c:2996:18: note: in expansion of macro 'INT2PTR'
 2996 |             cv = INT2PTR(B__CV,tmp);
      |                  ^~~~~~~
B.c: In function 'XS_B__CV_DEPTH':
..\..\lib\CORE/perl.h:2496:33: warning: cast to pointer from integer of different size [-Wint-to-pointer-cast]
 2496 | #  define INT2PTR(any,d)        (any)(d)
      |                                 ^
B.c:3024:18: note: in expansion of macro 'INT2PTR'
 3024 |             cv = INT2PTR(B__CV,tmp);
      |                  ^~~~~~~
B.c: In function 'XS_B__CV_PADLIST':
..\..\lib\CORE/perl.h:2496:33: warning: cast to pointer from integer of different size [-Wint-to-pointer-cast]
 2496 | #  define INT2PTR(any,d)        (any)(d)
      |                                 ^
B.c:3050:18: note: in expansion of macro 'INT2PTR'
 3050 |             cv = INT2PTR(B__CV,tmp);
      |                  ^~~~~~~
..\..\lib\CORE/perl.h:2496:33: warning: cast from pointer to integer of different size [-Wpointer-to-int-cast]
 2496 | #  define INT2PTR(any,d)        (any)(d)
      |                                 ^
..\..\lib\CORE/embed.h:726:71: note: in definition of macro 'sv_setiv'
  726 | # define sv_setiv(a,b)                          Perl_sv_setiv(aTHX_ a,b)
      |                                                                       ^
..\..\lib\CORE/perl.h:2521:25: note: in expansion of macro 'INT2PTR'
 2521 | #define PTR2IV(p)       INT2PTR(IV,p)
      |                         ^~~~~~~
B.c:3062:22: note: in expansion of macro 'PTR2IV'
 3062 |                      PTR2IV(RETVAL));
      |                      ^~~~~~
B.c: In function 'XS_B__CV_HSCXT':
..\..\lib\CORE/perl.h:2496:33: warning: cast to pointer from integer of different size [-Wint-to-pointer-cast]
 2496 | #  define INT2PTR(any,d)        (any)(d)
      |                                 ^
B.c:3082:18: note: in expansion of macro 'INT2PTR'
 3082 |             cv = INT2PTR(B__CV,tmp);
      |                  ^~~~~~~
..\..\lib\CORE/perl.h:2496:33: warning: cast from pointer to integer of different size [-Wpointer-to-int-cast]
 2496 | #  define INT2PTR(any,d)        (any)(d)
      |                                 ^
..\..\lib\CORE/embed.h:445:68: note: in definition of macro 'newSVuv'
  445 | # define newSVuv(a)                             Perl_newSVuv(aTHX_ a)
      |                                                                    ^
..\..\lib\CORE/perl.h:2522:25: note: in expansion of macro 'INT2PTR'
 2522 | #define PTR2UV(p)       INT2PTR(UV,p)
      |                         ^~~~~~~
B.xs:2067:41: note: in expansion of macro 'PTR2UV'
 2067 |         RETVAL = newSVuv(CvISXSUB(cv) ? PTR2UV(CvHSCXT(cv)) : 0);
      |                                         ^~~~~~
B.c: In function 'XS_B__CV_XSUB':
..\..\lib\CORE/perl.h:2496:33: warning: cast to pointer from integer of different size [-Wint-to-pointer-cast]
 2496 | #  define INT2PTR(any,d)        (any)(d)
      |                                 ^
B.c:3109:18: note: in expansion of macro 'INT2PTR'
 3109 |             cv = INT2PTR(B__CV,tmp);
      |                  ^~~~~~~
..\..\lib\CORE/perl.h:2496:33: warning: cast from pointer to integer of different size [-Wpointer-to-int-cast]
 2496 | #  define INT2PTR(any,d)        (any)(d)
      |                                 ^
..\..\lib\CORE/embed.h:649:71: note: in definition of macro 'sv_2mortal'
  649 | # define sv_2mortal(a)                          Perl_sv_2mortal(aTHX_ a)
      |                                                                       ^
B.xs:2079:26: note: in expansion of macro 'newSViv'
 2079 |             : sv_2mortal(newSViv(CvISXSUB(cv)
      |                          ^~~~~~~
..\..\lib\CORE/perl.h:2521:25: note: in expansion of macro 'INT2PTR'
 2521 | #define PTR2IV(p)       INT2PTR(IV,p)
      |                         ^~~~~~~
B.xs:2081:42: note: in expansion of macro 'PTR2IV'
 2081 |                                        : PTR2IV(CvXSUB(cv)))
      |                                          ^~~~~~
B.c: In function 'XS_B__CV_const_sv':
..\..\lib\CORE/perl.h:2496:33: warning: cast to pointer from integer of different size [-Wint-to-pointer-cast]
 2496 | #  define INT2PTR(any,d)        (any)(d)
      |                                 ^
B.c:3140:18: note: in expansion of macro 'INT2PTR'
 3140 |             cv = INT2PTR(B__CV,tmp);
      |                  ^~~~~~~
B.c: In function 'XS_B__CV_GV':
..\..\lib\CORE/perl.h:2496:33: warning: cast to pointer from integer of different size [-Wint-to-pointer-cast]
 2496 | #  define INT2PTR(any,d)        (any)(d)
      |                                 ^
B.c:3165:18: note: in expansion of macro 'INT2PTR'
 3165 |             cv = INT2PTR(B__CV,tmp);
      |                  ^~~~~~~
B.c: In function 'XS_B__CV_NAME_HEK':
..\..\lib\CORE/perl.h:2496:33: warning: cast to pointer from integer of different size [-Wint-to-pointer-cast]
 2496 | #  define INT2PTR(any,d)        (any)(d)
      |                                 ^
B.c:3190:18: note: in expansion of macro 'INT2PTR'
 3190 |             cv = INT2PTR(B__CV,tmp);
      |                  ^~~~~~~
B.c: In function 'XS_B__HV_FILL':
..\..\lib\CORE/perl.h:2496:33: warning: cast to pointer from integer of different size [-Wint-to-pointer-cast]
 2496 | #  define INT2PTR(any,d)        (any)(d)
      |                                 ^
B.c:3218:18: note: in expansion of macro 'INT2PTR'
 3218 |             hv = INT2PTR(B__HV,tmp);
      |                  ^~~~~~~
B.c: In function 'XS_B__HV_RITER':
..\..\lib\CORE/perl.h:2496:33: warning: cast to pointer from integer of different size [-Wint-to-pointer-cast]
 2496 | #  define INT2PTR(any,d)        (any)(d)
      |                                 ^
B.c:3245:18: note: in expansion of macro 'INT2PTR'
 3245 |             hv = INT2PTR(B__HV,tmp);
      |                  ^~~~~~~
B.c: In function 'XS_B__HV_ARRAY':
..\..\lib\CORE/perl.h:2496:33: warning: cast to pointer from integer of different size [-Wint-to-pointer-cast]
 2496 | #  define INT2PTR(any,d)        (any)(d)
      |                                 ^
B.c:3272:18: note: in expansion of macro 'INT2PTR'
 3272 |             hv = INT2PTR(B__HV,tmp);
      |                  ^~~~~~~
B.c: In function 'XS_B__HE_VAL':
..\..\lib\CORE/perl.h:2496:33: warning: cast to pointer from integer of different size [-Wint-to-pointer-cast]
 2496 | #  define INT2PTR(any,d)        (any)(d)
      |                                 ^
B.c:3318:18: note: in expansion of macro 'INT2PTR'
 3318 |             he = INT2PTR(B__HE,tmp);
      |                  ^~~~~~~
B.c: In function 'XS_B__HE_HASH':
..\..\lib\CORE/perl.h:2496:33: warning: cast to pointer from integer of different size [-Wint-to-pointer-cast]
 2496 | #  define INT2PTR(any,d)        (any)(d)
      |                                 ^
B.c:3345:18: note: in expansion of macro 'INT2PTR'
 3345 |             he = INT2PTR(B__HE,tmp);
      |                  ^~~~~~~
B.c: In function 'XS_B__RHE_HASH':
..\..\lib\CORE/perl.h:2496:33: warning: cast to pointer from integer of different size [-Wint-to-pointer-cast]
 2496 | #  define INT2PTR(any,d)        (any)(d)
      |                                 ^
B.c:3371:17: note: in expansion of macro 'INT2PTR'
 3371 |             h = INT2PTR(B__RHE,tmp);
      |                 ^~~~~~~
B.c: In function 'XS_B__PADLIST_MAX':
..\..\lib\CORE/perl.h:2496:33: warning: cast to pointer from integer of different size [-Wint-to-pointer-cast]
 2496 | #  define INT2PTR(any,d)        (any)(d)
      |                                 ^
B.c:3400:23: note: in expansion of macro 'INT2PTR'
 3400 |             padlist = INT2PTR(B__PADLIST,tmp);
      |                       ^~~~~~~
B.c: In function 'XS_B__PADLIST_NAMES':
..\..\lib\CORE/perl.h:2496:33: warning: cast to pointer from integer of different size [-Wint-to-pointer-cast]
 2496 | #  define INT2PTR(any,d)        (any)(d)
      |                                 ^
B.c:3428:23: note: in expansion of macro 'INT2PTR'
 3428 |             padlist = INT2PTR(B__PADLIST,tmp);
      |                       ^~~~~~~
..\..\lib\CORE/perl.h:2496:33: warning: cast from pointer to integer of different size [-Wpointer-to-int-cast]
 2496 | #  define INT2PTR(any,d)        (any)(d)
      |                                 ^
..\..\lib\CORE/embed.h:726:71: note: in definition of macro 'sv_setiv'
  726 | # define sv_setiv(a,b)                          Perl_sv_setiv(aTHX_ a,b)
      |                                                                       ^
..\..\lib\CORE/perl.h:2521:25: note: in expansion of macro 'INT2PTR'
 2521 | #define PTR2IV(p)       INT2PTR(IV,p)
      |                         ^~~~~~~
B.c:3439:22: note: in expansion of macro 'PTR2IV'
 3439 |                      PTR2IV(RETVAL));
      |                      ^~~~~~
B.c: In function 'XS_B__PADLIST_ARRAY':
..\..\lib\CORE/perl.h:2496:33: warning: cast to pointer from integer of different size [-Wint-to-pointer-cast]
 2496 | #  define INT2PTR(any,d)        (any)(d)
      |                                 ^
B.c:3460:23: note: in expansion of macro 'INT2PTR'
 3460 |             padlist = INT2PTR(B__PADLIST,tmp);
      |                       ^~~~~~~
..\..\lib\CORE/perl.h:2496:33: warning: cast from pointer to integer of different size [-Wpointer-to-int-cast]
 2496 | #  define INT2PTR(any,d)        (any)(d)
      |                                 ^
..\..\lib\CORE/embed.h:726:71: note: in definition of macro 'sv_setiv'
  726 | # define sv_setiv(a,b)                          Perl_sv_setiv(aTHX_ a,b)
      |                                                                       ^
..\..\lib\CORE/perl.h:2521:25: note: in expansion of macro 'INT2PTR'
 2521 | #define PTR2IV(p)       INT2PTR(IV,p)
      |                         ^~~~~~~
B.xs:2190:22: note: in expansion of macro 'PTR2IV'
 2190 |                      PTR2IV(PadlistNAMES(padlist)));
      |                      ^~~~~~
B.c: In function 'XS_B__PADLIST_ARRAYelt':
..\..\lib\CORE/perl.h:2496:33: warning: cast to pointer from integer of different size [-Wint-to-pointer-cast]
 2496 | #  define INT2PTR(any,d)        (any)(d)
      |                                 ^
B.c:3500:23: note: in expansion of macro 'INT2PTR'
 3500 |             padlist = INT2PTR(B__PADLIST,tmp);
      |                       ^~~~~~~
B.c: In function 'XS_B__PADLIST_REFCNT':
..\..\lib\CORE/perl.h:2496:33: warning: cast to pointer from integer of different size [-Wint-to-pointer-cast]
 2496 | #  define INT2PTR(any,d)        (any)(d)
      |                                 ^
B.c:3537:23: note: in expansion of macro 'INT2PTR'
 3537 |             padlist = INT2PTR(B__PADLIST,tmp);
      |                       ^~~~~~~
B.c: In function 'XS_B__PADNAMELIST_ARRAY':
..\..\lib\CORE/perl.h:2496:33: warning: cast to pointer from integer of different size [-Wint-to-pointer-cast]
 2496 | #  define INT2PTR(any,d)        (any)(d)
      |                                 ^
B.c:3566:19: note: in expansion of macro 'INT2PTR'
 3566 |             pnl = INT2PTR(B__PADNAMELIST,tmp);
      |                   ^~~~~~~
..\..\lib\CORE/perl.h:2496:33: warning: cast from pointer to integer of different size [-Wpointer-to-int-cast]
 2496 | #  define INT2PTR(any,d)        (any)(d)
      |                                 ^
..\..\lib\CORE/embed.h:726:71: note: in definition of macro 'sv_setiv'
  726 | # define sv_setiv(a,b)                          Perl_sv_setiv(aTHX_ a,b)
      |                                                                       ^
..\..\lib\CORE/perl.h:2521:25: note: in expansion of macro 'INT2PTR'
 2521 | #define PTR2IV(p)       INT2PTR(IV,p)
      |                         ^~~~~~~
B.xs:2235:26: note: in expansion of macro 'PTR2IV'
 2235 |                          PTR2IV(padp[i]));
      |                          ^~~~~~
B.c: In function 'XS_B__PADNAMELIST_ARRAYelt':
..\..\lib\CORE/perl.h:2496:33: warning: cast to pointer from integer of different size [-Wint-to-pointer-cast]
 2496 | #  define INT2PTR(any,d)        (any)(d)
      |                                 ^
B.c:3604:19: note: in expansion of macro 'INT2PTR'
 3604 |             pnl = INT2PTR(B__PADNAMELIST,tmp);
      |                   ^~~~~~~
..\..\lib\CORE/perl.h:2496:33: warning: cast from pointer to integer of different size [-Wpointer-to-int-cast]
 2496 | #  define INT2PTR(any,d)        (any)(d)
      |                                 ^
..\..\lib\CORE/embed.h:726:71: note: in definition of macro 'sv_setiv'
  726 | # define sv_setiv(a,b)                          Perl_sv_setiv(aTHX_ a,b)
      |                                                                       ^
..\..\lib\CORE/perl.h:2521:25: note: in expansion of macro 'INT2PTR'
 2521 | #define PTR2IV(p)       INT2PTR(IV,p)
      |                         ^~~~~~~
B.c:3619:22: note: in expansion of macro 'PTR2IV'
 3619 |                      PTR2IV(RETVAL));
      |                      ^~~~~~
B.c: In function 'XS_B__PADNAME_TYPE':
..\..\lib\CORE/perl.h:2496:33: warning: cast to pointer from integer of different size [-Wint-to-pointer-cast]
 2496 | #  define INT2PTR(any,d)        (any)(d)
      |                                 ^
B.c:3665:18: note: in expansion of macro 'INT2PTR'
 3665 |             pn = INT2PTR(B__PADNAME,tmp);
      |                  ^~~~~~~
B.c: In function 'XS_B__PADNAME_PV':
..\..\lib\CORE/perl.h:2496:33: warning: cast to pointer from integer of different size [-Wint-to-pointer-cast]
 2496 | #  define INT2PTR(any,d)        (any)(d)
      |                                 ^
B.c:3711:18: note: in expansion of macro 'INT2PTR'
 3711 |             pn = INT2PTR(B__PADNAME,tmp);
      |                  ^~~~~~~
B.c: In function 'XS_B__PADNAME_IsUndef':
..\..\lib\CORE/perl.h:2496:33: warning: cast to pointer from integer of different size [-Wint-to-pointer-cast]
 2496 | #  define INT2PTR(any,d)        (any)(d)
      |                                 ^
B.c:3740:20: note: in expansion of macro 'INT2PTR'
 3740 |             padn = INT2PTR(B__PADNAME,tmp);
      |                    ^~~~~~~
B.c: In function 'XS_B__PADNAME_FLAGS':
..\..\lib\CORE/perl.h:2496:33: warning: cast to pointer from integer of different size [-Wint-to-pointer-cast]
 2496 | #  define INT2PTR(any,d)        (any)(d)
      |                                 ^
B.c:3767:18: note: in expansion of macro 'INT2PTR'
 3767 |             pn = INT2PTR(B__PADNAME,tmp);
      |                  ^~~~~~~
g++ B.def -o ..\..\lib\auto\B\B.dll -shared -s -L"c:\perl\lib\CORE" -L"C:\toolchains\w64devkit\lib" -L"C:\toolchains\w64devkit\i686-w64-mingw32\lib" -L"C:\toolchains\w64devkit\lib\gcc\i686-w64-mingw32\16.2.0" B.o   "..\..\lib\CORE\libperl540.a" -lmoldname -lkernel32 -luser32 -lgdi32 -lwinspool -lcomdlg32 -ladvapi32 -lshell32 -lole32 -loleaut32 -lnetapi32 -luuid -lws2_32 -lmpr -lwinmm -lversion -lodbc32 -lodbccp32 -lcomctl32 -Wl,--enable-auto-image-base
"D:\perl-xp\perl-5.40.3\miniperl.exe" "-I..\..\lib" -MExtUtils::Command -e chmod -- 755 ..\..\lib\auto\B\B.dll
gmake[1]: Leaving directory 'D:/perl-xp/perl-5.40.3/ext/B'
Generating a gmake-style Makefile
Writing Makefile for Compress::Raw::Bzip2
gmake[1]: Entering directory 'D:/perl-xp/perl-5.40.3/cpan/Compress-Raw-Bzip2'
Running Mkbootstrap for Bzip2 ()
"D:\perl-xp\perl-5.40.3\miniperl.exe" "-I..\..\lib" -MExtUtils::Command -e chmod -- 644 "Bzip2.bs"
"D:\perl-xp\perl-5.40.3\miniperl.exe" "-I..\..\lib" -MExtUtils::Command::MM -e cp_nonempty -- Bzip2.bs ..\..\lib\auto\Compress\Raw\Bzip2\Bzip2.bs 644
gcc -c  -I. -D_WIN32_WINNT=0x0501 -DWINVER=0x0501 -D_WIN32_WINDOWS=0x0501 -march=pentium4 -DWIN32 -DPERL_TEXTMODE_SCRIPTS -DMULTIPLICITY -DPERL_IMPLICIT_SYS -DUSE_PERLIO -D__USE_MINGW_ANSI_STDIO -fwrapv -fno-strict-aliasing -mms-bitfields -Os   -DVERSION=\"2.212\" -DXS_VERSION=\"2.212\"  "-I..\..\lib\CORE"  -Wall -Wno-comment  -DBZ_NO_STDIO  Bzip2.c
In file included from Bzip2.xs:14:
..\..\lib\CORE/inline.h: In function 'Perl_is_utf8_invariant_string_loc':
..\..\lib\CORE/perl.h:2524:25: warning: cast from pointer to integer of different size [-Wpointer-to-int-cast]
 2524 | #define PTR2nat(p)      (PTRV)(p)       /* pointer to integer of PTRSIZE */
      |                         ^
..\..\lib\CORE/inline.h:1370:48: note: in expansion of macro 'PTR2nat'
 1370 | #  define PERL_IS_SUBWORD_ADDR(x) (1 & (       PTR2nat(x)                     \
      |                                                ^~~~~~~
..\..\lib\CORE/inline.h:1384:45: note: in expansion of macro 'PERL_IS_SUBWORD_ADDR'
 1384 |                           + PERL_WORDSIZE * PERL_IS_SUBWORD_ADDR(x)
      |                                             ^~~~~~~~~~~~~~~~~~~~
..\..\lib\CORE/perl.h:2524:25: warning: cast from pointer to integer of different size [-Wpointer-to-int-cast]
 2524 | #define PTR2nat(p)      (PTRV)(p)       /* pointer to integer of PTRSIZE */
      |                         ^
..\..\lib\CORE/inline.h:1371:46: note: in expansion of macro 'PTR2nat'
 1371 |                                       |   (  PTR2nat(x) >> 1)                 \
      |                                              ^~~~~~~
..\..\lib\CORE/inline.h:1384:45: note: in expansion of macro 'PERL_IS_SUBWORD_ADDR'
 1384 |                           + PERL_WORDSIZE * PERL_IS_SUBWORD_ADDR(x)
      |                                             ^~~~~~~~~~~~~~~~~~~~
..\..\lib\CORE/perl.h:2524:25: warning: cast from pointer to integer of different size [-Wpointer-to-int-cast]
 2524 | #define PTR2nat(p)      (PTRV)(p)       /* pointer to integer of PTRSIZE */
      |                         ^
..\..\lib\CORE/inline.h:1372:46: note: in expansion of macro 'PTR2nat'
 1372 |                                       | ( ( (PTR2nat(x)                       \
      |                                              ^~~~~~~
..\..\lib\CORE/inline.h:1384:45: note: in expansion of macro 'PERL_IS_SUBWORD_ADDR'
 1384 |                           + PERL_WORDSIZE * PERL_IS_SUBWORD_ADDR(x)
      |                                             ^~~~~~~~~~~~~~~~~~~~
..\..\lib\CORE/perl.h:2524:25: warning: cast from pointer to integer of different size [-Wpointer-to-int-cast]
 2524 | #define PTR2nat(p)      (PTRV)(p)       /* pointer to integer of PTRSIZE */
      |                         ^
..\..\lib\CORE/inline.h:1387:30: note: in expansion of macro 'PTR2nat'
 1387 |                           - (PTR2nat(x) & PERL_WORD_BOUNDARY_MASK))
      |                              ^~~~~~~
..\..\lib\CORE/perl.h:2524:25: warning: cast from pointer to integer of different size [-Wpointer-to-int-cast]
 2524 | #define PTR2nat(p)      (PTRV)(p)       /* pointer to integer of PTRSIZE */
      |                         ^
..\..\lib\CORE/inline.h:1392:16: note: in expansion of macro 'PTR2nat'
 1392 |         while (PTR2nat(x) & PERL_WORD_BOUNDARY_MASK) {
      |                ^~~~~~~
Bzip2.xs: In function 'XS_Compress__Raw__Bzip2_new':
Bzip2.xs:376:17: warning: variable 'flags' set but not used [-Wunused-but-set-variable=]
  376 |             int flags = 0 ;
      |                 ^~~~~
In file included from ..\..\lib\CORE/perl.h:6225:
..\..\lib\CORE/perl.h:2496:33: warning: cast from pointer to integer of different size [-Wpointer-to-int-cast]
 2496 | #  define INT2PTR(any,d)        (any)(d)
      |                                 ^
..\..\lib\CORE/embed.h:649:71: note: in definition of macro 'sv_2mortal'
  649 | # define sv_2mortal(a)                          Perl_sv_2mortal(aTHX_ a)
      |                                                                       ^
Bzip2.xs:391:30: note: in expansion of macro 'newSViv'
  391 |         SV* obj = sv_2mortal(newSViv(PTR2IV(s))) ;
      |                              ^~~~~~~
..\..\lib\CORE/perl.h:2521:25: note: in expansion of macro 'INT2PTR'
 2521 | #define PTR2IV(p)       INT2PTR(IV,p)
      |                         ^~~~~~~
Bzip2.xs:391:38: note: in expansion of macro 'PTR2IV'
  391 |         SV* obj = sv_2mortal(newSViv(PTR2IV(s))) ;
      |                                      ^~~~~~
Bzip2.xs: In function 'XS_Compress__Raw__Bunzip2_new':
..\..\lib\CORE/perl.h:2496:33: warning: cast from pointer to integer of different size [-Wpointer-to-int-cast]
 2496 | #  define INT2PTR(any,d)        (any)(d)
      |                                 ^
..\..\lib\CORE/embed.h:649:71: note: in definition of macro 'sv_2mortal'
  649 | # define sv_2mortal(a)                          Perl_sv_2mortal(aTHX_ a)
      |                                                                       ^
Bzip2.xs:447:30: note: in expansion of macro 'newSViv'
  447 |         SV* obj = sv_2mortal(newSViv(PTR2IV(s))) ;
      |                              ^~~~~~~
..\..\lib\CORE/perl.h:2521:25: note: in expansion of macro 'INT2PTR'
 2521 | #define PTR2IV(p)       INT2PTR(IV,p)
      |                         ^~~~~~~
Bzip2.xs:447:38: note: in expansion of macro 'PTR2IV'
  447 |         SV* obj = sv_2mortal(newSViv(PTR2IV(s))) ;
      |                                      ^~~~~~
Bzip2.c: In function 'XS_Compress__Raw__Bzip2_DispStream':
..\..\lib\CORE/perl.h:2496:33: warning: cast to pointer from integer of different size [-Wint-to-pointer-cast]
 2496 | #  define INT2PTR(any,d)        (any)(d)
      |                                 ^
Bzip2.c:835:17: note: in expansion of macro 'INT2PTR'
  835 |             s = INT2PTR(Compress__Raw__Bzip2,tmp);
      |                 ^~~~~~~
Bzip2.c: In function 'XS_Compress__Raw__Bzip2_bzdeflate':
..\..\lib\CORE/perl.h:2496:33: warning: cast to pointer from integer of different size [-Wint-to-pointer-cast]
 2496 | #  define INT2PTR(any,d)        (any)(d)
      |                                 ^
Bzip2.c:883:17: note: in expansion of macro 'INT2PTR'
  883 |             s = INT2PTR(Compress__Raw__Bzip2,tmp);
      |                 ^~~~~~~
Bzip2.c: In function 'XS_Compress__Raw__Bzip2_DESTROY':
..\..\lib\CORE/perl.h:2496:33: warning: cast to pointer from integer of different size [-Wint-to-pointer-cast]
 2496 | #  define INT2PTR(any,d)        (any)(d)
      |                                 ^
Bzip2.c:973:17: note: in expansion of macro 'INT2PTR'
  973 |             s = INT2PTR(Compress__Raw__Bzip2,tmp);
      |                 ^~~~~~~
Bzip2.c: In function 'XS_Compress__Raw__Bzip2_bzclose':
..\..\lib\CORE/perl.h:2496:33: warning: cast to pointer from integer of different size [-Wint-to-pointer-cast]
 2496 | #  define INT2PTR(any,d)        (any)(d)
      |                                 ^
Bzip2.c:1006:17: note: in expansion of macro 'INT2PTR'
 1006 |             s = INT2PTR(Compress__Raw__Bzip2,tmp);
      |                 ^~~~~~~
Bzip2.c: In function 'XS_Compress__Raw__Bzip2_bzflush':
..\..\lib\CORE/perl.h:2496:33: warning: cast to pointer from integer of different size [-Wint-to-pointer-cast]
 2496 | #  define INT2PTR(any,d)        (any)(d)
      |                                 ^
Bzip2.c:1097:17: note: in expansion of macro 'INT2PTR'
 1097 |             s = INT2PTR(Compress__Raw__Bzip2,tmp);
      |                 ^~~~~~~
Bzip2.c: In function 'XS_Compress__Raw__Bzip2_total_in_lo32':
..\..\lib\CORE/perl.h:2496:33: warning: cast to pointer from integer of different size [-Wint-to-pointer-cast]
 2496 | #  define INT2PTR(any,d)        (any)(d)
      |                                 ^
Bzip2.c:1186:17: note: in expansion of macro 'INT2PTR'
 1186 |             s = INT2PTR(Compress__Raw__Bzip2,tmp);
      |                 ^~~~~~~
Bzip2.c: In function 'XS_Compress__Raw__Bzip2_total_out_lo32':
..\..\lib\CORE/perl.h:2496:33: warning: cast to pointer from integer of different size [-Wint-to-pointer-cast]
 2496 | #  define INT2PTR(any,d)        (any)(d)
      |                                 ^
Bzip2.c:1220:17: note: in expansion of macro 'INT2PTR'
 1220 |             s = INT2PTR(Compress__Raw__Bzip2,tmp);
      |                 ^~~~~~~
Bzip2.c: In function 'XS_Compress__Raw__Bzip2_compressedBytes':
..\..\lib\CORE/perl.h:2496:33: warning: cast to pointer from integer of different size [-Wint-to-pointer-cast]
 2496 | #  define INT2PTR(any,d)        (any)(d)
      |                                 ^
Bzip2.c:1254:17: note: in expansion of macro 'INT2PTR'
 1254 |             s = INT2PTR(Compress__Raw__Bzip2,tmp);
      |                 ^~~~~~~
Bzip2.c: In function 'XS_Compress__Raw__Bzip2_uncompressedBytes':
..\..\lib\CORE/perl.h:2496:33: warning: cast to pointer from integer of different size [-Wint-to-pointer-cast]
 2496 | #  define INT2PTR(any,d)        (any)(d)
      |                                 ^
Bzip2.c:1288:17: note: in expansion of macro 'INT2PTR'
 1288 |             s = INT2PTR(Compress__Raw__Bzip2,tmp);
      |                 ^~~~~~~
Bzip2.c: In function 'XS_Compress__Raw__Bunzip2_DispStream':
..\..\lib\CORE/perl.h:2496:33: warning: cast to pointer from integer of different size [-Wint-to-pointer-cast]
 2496 | #  define INT2PTR(any,d)        (any)(d)
      |                                 ^
Bzip2.c:1321:17: note: in expansion of macro 'INT2PTR'
 1321 |             s = INT2PTR(Compress__Raw__Bunzip2,tmp);
      |                 ^~~~~~~
Bzip2.c: In function 'XS_Compress__Raw__Bunzip2_bzinflate':
..\..\lib\CORE/perl.h:2496:33: warning: cast to pointer from integer of different size [-Wint-to-pointer-cast]
 2496 | #  define INT2PTR(any,d)        (any)(d)
      |                                 ^
Bzip2.c:1376:17: note: in expansion of macro 'INT2PTR'
 1376 |             s = INT2PTR(Compress__Raw__Bunzip2,tmp);
      |                 ^~~~~~~
Bzip2.c: In function 'XS_Compress__Raw__Bunzip2_inflateCount':
..\..\lib\CORE/perl.h:2496:33: warning: cast to pointer from integer of different size [-Wint-to-pointer-cast]
 2496 | #  define INT2PTR(any,d)        (any)(d)
      |                                 ^
Bzip2.c:1530:17: note: in expansion of macro 'INT2PTR'
 1530 |             s = INT2PTR(Compress__Raw__Bunzip2,tmp);
      |                 ^~~~~~~
Bzip2.c: In function 'XS_Compress__Raw__Bunzip2_DESTROY':
..\..\lib\CORE/perl.h:2496:33: warning: cast to pointer from integer of different size [-Wint-to-pointer-cast]
 2496 | #  define INT2PTR(any,d)        (any)(d)
      |                                 ^
Bzip2.c:1562:17: note: in expansion of macro 'INT2PTR'
 1562 |             s = INT2PTR(Compress__Raw__Bunzip2,tmp);
      |                 ^~~~~~~
Bzip2.c: In function 'XS_Compress__Raw__Bunzip2_status':
..\..\lib\CORE/perl.h:2496:33: warning: cast to pointer from integer of different size [-Wint-to-pointer-cast]
 2496 | #  define INT2PTR(any,d)        (any)(d)
      |                                 ^
Bzip2.c:1591:17: note: in expansion of macro 'INT2PTR'
 1591 |             s = INT2PTR(Compress__Raw__Bunzip2,tmp);
      |                 ^~~~~~~
Bzip2.c: In function 'XS_Compress__Raw__Bunzip2_total_in_lo32':
..\..\lib\CORE/perl.h:2496:33: warning: cast to pointer from integer of different size [-Wint-to-pointer-cast]
 2496 | #  define INT2PTR(any,d)        (any)(d)
      |                                 ^
Bzip2.c:1625:17: note: in expansion of macro 'INT2PTR'
 1625 |             s = INT2PTR(Compress__Raw__Bunzip2,tmp);
      |                 ^~~~~~~
Bzip2.c: In function 'XS_Compress__Raw__Bunzip2_total_out_lo32':
..\..\lib\CORE/perl.h:2496:33: warning: cast to pointer from integer of different size [-Wint-to-pointer-cast]
 2496 | #  define INT2PTR(any,d)        (any)(d)
      |                                 ^
Bzip2.c:1659:17: note: in expansion of macro 'INT2PTR'
 1659 |             s = INT2PTR(Compress__Raw__Bunzip2,tmp);
      |                 ^~~~~~~
Bzip2.c: In function 'XS_Compress__Raw__Bunzip2_compressedBytes':
..\..\lib\CORE/perl.h:2496:33: warning: cast to pointer from integer of different size [-Wint-to-pointer-cast]
 2496 | #  define INT2PTR(any,d)        (any)(d)
      |                                 ^
Bzip2.c:1693:17: note: in expansion of macro 'INT2PTR'
 1693 |             s = INT2PTR(Compress__Raw__Bunzip2,tmp);
      |                 ^~~~~~~
Bzip2.c: In function 'XS_Compress__Raw__Bunzip2_uncompressedBytes':
..\..\lib\CORE/perl.h:2496:33: warning: cast to pointer from integer of different size [-Wint-to-pointer-cast]
 2496 | #  define INT2PTR(any,d)        (any)(d)
      |                                 ^
Bzip2.c:1727:17: note: in expansion of macro 'INT2PTR'
 1727 |             s = INT2PTR(Compress__Raw__Bunzip2,tmp);
      |                 ^~~~~~~
gcc -c  -I. -D_WIN32_WINNT=0x0501 -DWINVER=0x0501 -D_WIN32_WINDOWS=0x0501 -march=pentium4 -DWIN32 -DPERL_TEXTMODE_SCRIPTS -DMULTIPLICITY -DPERL_IMPLICIT_SYS -DUSE_PERLIO -D__USE_MINGW_ANSI_STDIO -fwrapv -fno-strict-aliasing -mms-bitfields -Os   -DVERSION=\"2.212\" -DXS_VERSION=\"2.212\"  "-I..\..\lib\CORE"  -Wall -Wno-comment  -DBZ_NO_STDIO  blocksort.c
blocksort.c: In function 'mainSort':
blocksort.c:765:11: warning: variable 'numQSorted' set but not used [-Wunused-but-set-variable=]
  765 |    Int32  numQSorted;
      |           ^~~~~~~~~~
gcc -c  -I. -D_WIN32_WINNT=0x0501 -DWINVER=0x0501 -D_WIN32_WINDOWS=0x0501 -march=pentium4 -DWIN32 -DPERL_TEXTMODE_SCRIPTS -DMULTIPLICITY -DPERL_IMPLICIT_SYS -DUSE_PERLIO -D__USE_MINGW_ANSI_STDIO -fwrapv -fno-strict-aliasing -mms-bitfields -Os   -DVERSION=\"2.212\" -DXS_VERSION=\"2.212\"  "-I..\..\lib\CORE"  -Wall -Wno-comment  -DBZ_NO_STDIO  bzlib.c
gcc -c  -I. -D_WIN32_WINNT=0x0501 -DWINVER=0x0501 -D_WIN32_WINDOWS=0x0501 -march=pentium4 -DWIN32 -DPERL_TEXTMODE_SCRIPTS -DMULTIPLICITY -DPERL_IMPLICIT_SYS -DUSE_PERLIO -D__USE_MINGW_ANSI_STDIO -fwrapv -fno-strict-aliasing -mms-bitfields -Os   -DVERSION=\"2.212\" -DXS_VERSION=\"2.212\"  "-I..\..\lib\CORE"  -Wall -Wno-comment  -DBZ_NO_STDIO  compress.c
compress.c: In function 'sendMTFValues':
compress.c:247:30: warning: variable 'totc' set but not used [-Wunused-but-set-variable=]
  247 |    Int32 v, t, i, j, gs, ge, totc, bt, bc, iter;
      |                              ^~~~
gcc -c  -I. -D_WIN32_WINNT=0x0501 -DWINVER=0x0501 -D_WIN32_WINDOWS=0x0501 -march=pentium4 -DWIN32 -DPERL_TEXTMODE_SCRIPTS -DMULTIPLICITY -DPERL_IMPLICIT_SYS -DUSE_PERLIO -D__USE_MINGW_ANSI_STDIO -fwrapv -fno-strict-aliasing -mms-bitfields -Os   -DVERSION=\"2.212\" -DXS_VERSION=\"2.212\"  "-I..\..\lib\CORE"  -Wall -Wno-comment  -DBZ_NO_STDIO  crctable.c
gcc -c  -I. -D_WIN32_WINNT=0x0501 -DWINVER=0x0501 -D_WIN32_WINDOWS=0x0501 -march=pentium4 -DWIN32 -DPERL_TEXTMODE_SCRIPTS -DMULTIPLICITY -DPERL_IMPLICIT_SYS -DUSE_PERLIO -D__USE_MINGW_ANSI_STDIO -fwrapv -fno-strict-aliasing -mms-bitfields -Os   -DVERSION=\"2.212\" -DXS_VERSION=\"2.212\"  "-I..\..\lib\CORE"  -Wall -Wno-comment  -DBZ_NO_STDIO  decompress.c
gcc -c  -I. -D_WIN32_WINNT=0x0501 -DWINVER=0x0501 -D_WIN32_WINDOWS=0x0501 -march=pentium4 -DWIN32 -DPERL_TEXTMODE_SCRIPTS -DMULTIPLICITY -DPERL_IMPLICIT_SYS -DUSE_PERLIO -D__USE_MINGW_ANSI_STDIO -fwrapv -fno-strict-aliasing -mms-bitfields -Os   -DVERSION=\"2.212\" -DXS_VERSION=\"2.212\"  "-I..\..\lib\CORE"  -Wall -Wno-comment  -DBZ_NO_STDIO  huffman.c
gcc -c  -I. -D_WIN32_WINNT=0x0501 -DWINVER=0x0501 -D_WIN32_WINDOWS=0x0501 -march=pentium4 -DWIN32 -DPERL_TEXTMODE_SCRIPTS -DMULTIPLICITY -DPERL_IMPLICIT_SYS -DUSE_PERLIO -D__USE_MINGW_ANSI_STDIO -fwrapv -fno-strict-aliasing -mms-bitfields -Os   -DVERSION=\"2.212\" -DXS_VERSION=\"2.212\"  "-I..\..\lib\CORE"  -Wall -Wno-comment  -DBZ_NO_STDIO  randtable.c
g++ Bzip2.def -o ..\..\lib\auto\Compress\Raw\Bzip2\Bzip2.dll -shared -s -L"c:\perl\lib\CORE" -L"C:\toolchains\w64devkit\lib" -L"C:\toolchains\w64devkit\i686-w64-mingw32\lib" -L"C:\toolchains\w64devkit\lib\gcc\i686-w64-mingw32\16.2.0" Bzip2.o blocksort.o bzlib.o compress.o crctable.o decompress.o huffman.o randtable.o    "..\..\lib\CORE\libperl540.a" -lmoldname -lkernel32 -luser32 -lgdi32 -lwinspool -lcomdlg32 -ladvapi32 -lshell32 -lole32 -loleaut32 -lnetapi32 -luuid -lws2_32 -lmpr -lwinmm -lversion -lodbc32 -lodbccp32 -lcomctl32 -Wl,--enable-auto-image-base
"D:\perl-xp\perl-5.40.3\miniperl.exe" "-I..\..\lib" -MExtUtils::Command -e chmod -- 755 ..\..\lib\auto\Compress\Raw\Bzip2\Bzip2.dll
gmake[1]: Leaving directory 'D:/perl-xp/perl-5.40.3/cpan/Compress-Raw-Bzip2'
Parsing config.in...
Building Zlib is enabled
Auto Detect Gzip OS Code..
Setting Gzip OS Code to 14 [VFAT file system (Win95, NT)]
Looks Good.
Generating a gmake-style Makefile
Writing Makefile for Compress::Raw::Zlib
gmake[1]: Entering directory 'D:/perl-xp/perl-5.40.3/cpan/Compress-Raw-Zlib'
Running Mkbootstrap for Zlib ()
"D:\perl-xp\perl-5.40.3\miniperl.exe" "-I..\..\lib" -MExtUtils::Command -e chmod -- 644 "Zlib.bs"
"D:\perl-xp\perl-5.40.3\miniperl.exe" "-I..\..\lib" -MExtUtils::Command::MM -e cp_nonempty -- Zlib.bs ..\..\lib\auto\Compress\Raw\Zlib\Zlib.bs 644
gcc -c  -I./zlib-src -D_WIN32_WINNT=0x0501 -DWINVER=0x0501 -D_WIN32_WINDOWS=0x0501 -march=pentium4 -DWIN32 -DPERL_TEXTMODE_SCRIPTS -DMULTIPLICITY -DPERL_IMPLICIT_SYS -DUSE_PERLIO -D__USE_MINGW_ANSI_STDIO -fwrapv -fno-strict-aliasing -mms-bitfields -Os   -DVERSION=\"2.212\" -DXS_VERSION=\"2.212\"  "-I..\..\lib\CORE"  -DNO_VIZ -DZ_SOLO   -DZ_PREFIX  -DGZIP_OS_CODE=14  -DPerl_crz_BUILD_ZLIB=1 -Dregister= Zlib.c
In file included from Zlib.xs:31:
..\..\lib\CORE/inline.h: In function 'Perl_is_utf8_invariant_string_loc':
..\..\lib\CORE/perl.h:2524:25: warning: cast from pointer to integer of different size [-Wpointer-to-int-cast]
 2524 | #define PTR2nat(p)      (PTRV)(p)       /* pointer to integer of PTRSIZE */
      |                         ^
..\..\lib\CORE/inline.h:1370:48: note: in expansion of macro 'PTR2nat'
 1370 | #  define PERL_IS_SUBWORD_ADDR(x) (1 & (       PTR2nat(x)                     \
      |                                                ^~~~~~~
..\..\lib\CORE/inline.h:1384:45: note: in expansion of macro 'PERL_IS_SUBWORD_ADDR'
 1384 |                           + PERL_WORDSIZE * PERL_IS_SUBWORD_ADDR(x)
      |                                             ^~~~~~~~~~~~~~~~~~~~
..\..\lib\CORE/perl.h:2524:25: warning: cast from pointer to integer of different size [-Wpointer-to-int-cast]
 2524 | #define PTR2nat(p)      (PTRV)(p)       /* pointer to integer of PTRSIZE */
      |                         ^
..\..\lib\CORE/inline.h:1371:46: note: in expansion of macro 'PTR2nat'
 1371 |                                       |   (  PTR2nat(x) >> 1)                 \
      |                                              ^~~~~~~
..\..\lib\CORE/inline.h:1384:45: note: in expansion of macro 'PERL_IS_SUBWORD_ADDR'
 1384 |                           + PERL_WORDSIZE * PERL_IS_SUBWORD_ADDR(x)
      |                                             ^~~~~~~~~~~~~~~~~~~~
..\..\lib\CORE/perl.h:2524:25: warning: cast from pointer to integer of different size [-Wpointer-to-int-cast]
 2524 | #define PTR2nat(p)      (PTRV)(p)       /* pointer to integer of PTRSIZE */
      |                         ^
..\..\lib\CORE/inline.h:1372:46: note: in expansion of macro 'PTR2nat'
 1372 |                                       | ( ( (PTR2nat(x)                       \
      |                                              ^~~~~~~
..\..\lib\CORE/inline.h:1384:45: note: in expansion of macro 'PERL_IS_SUBWORD_ADDR'
 1384 |                           + PERL_WORDSIZE * PERL_IS_SUBWORD_ADDR(x)
      |                                             ^~~~~~~~~~~~~~~~~~~~
..\..\lib\CORE/perl.h:2524:25: warning: cast from pointer to integer of different size [-Wpointer-to-int-cast]
 2524 | #define PTR2nat(p)      (PTRV)(p)       /* pointer to integer of PTRSIZE */
      |                         ^
..\..\lib\CORE/inline.h:1387:30: note: in expansion of macro 'PTR2nat'
 1387 |                           - (PTR2nat(x) & PERL_WORD_BOUNDARY_MASK))
      |                              ^~~~~~~
..\..\lib\CORE/perl.h:2524:25: warning: cast from pointer to integer of different size [-Wpointer-to-int-cast]
 2524 | #define PTR2nat(p)      (PTRV)(p)       /* pointer to integer of PTRSIZE */
      |                         ^
..\..\lib\CORE/inline.h:1392:16: note: in expansion of macro 'PTR2nat'
 1392 |         while (PTR2nat(x) & PERL_WORD_BOUNDARY_MASK) {
      |                ^~~~~~~
Zlib.c: In function 'XS_Compress__Raw__Zlib__deflateStream_DispStream':
..\..\lib\CORE/perl.h:2496:33: warning: cast to pointer from integer of different size [-Wint-to-pointer-cast]
 2496 | #  define INT2PTR(any,d)        (any)(d)
      |                                 ^
Zlib.c:1680:17: note: in expansion of macro 'INT2PTR'
 1680 |             s = INT2PTR(Compress__Raw__Zlib__deflateStream,tmp);
      |                 ^~~~~~~
Zlib.c: In function 'XS_Compress__Raw__Zlib__deflateStream_deflateReset':
..\..\lib\CORE/perl.h:2496:33: warning: cast to pointer from integer of different size [-Wint-to-pointer-cast]
 2496 | #  define INT2PTR(any,d)        (any)(d)
      |                                 ^
Zlib.c:1720:17: note: in expansion of macro 'INT2PTR'
 1720 |             s = INT2PTR(Compress__Raw__Zlib__deflateStream,tmp);
      |                 ^~~~~~~
Zlib.c: In function 'XS_Compress__Raw__Zlib__deflateStream_deflate':
..\..\lib\CORE/perl.h:2496:33: warning: cast to pointer from integer of different size [-Wint-to-pointer-cast]
 2496 | #  define INT2PTR(any,d)        (any)(d)
      |                                 ^
Zlib.c:1769:17: note: in expansion of macro 'INT2PTR'
 1769 |             s = INT2PTR(Compress__Raw__Zlib__deflateStream,tmp);
      |                 ^~~~~~~
Zlib.c: In function 'XS_Compress__Raw__Zlib__deflateStream_DESTROY':
..\..\lib\CORE/perl.h:2496:33: warning: cast to pointer from integer of different size [-Wint-to-pointer-cast]
 2496 | #  define INT2PTR(any,d)        (any)(d)
      |                                 ^
Zlib.c:1937:17: note: in expansion of macro 'INT2PTR'
 1937 |             s = INT2PTR(Compress__Raw__Zlib__deflateStream,tmp);
      |                 ^~~~~~~
Zlib.c: In function 'XS_Compress__Raw__Zlib__deflateStream_flush':
..\..\lib\CORE/perl.h:2496:33: warning: cast to pointer from integer of different size [-Wint-to-pointer-cast]
 2496 | #  define INT2PTR(any,d)        (any)(d)
      |                                 ^
Zlib.c:1981:17: note: in expansion of macro 'INT2PTR'
 1981 |             s = INT2PTR(Compress__Raw__Zlib__deflateStream,tmp);
      |                 ^~~~~~~
Zlib.c: In function 'XS_Compress__Raw__Zlib__deflateStream__deflateParams':
..\..\lib\CORE/perl.h:2496:33: warning: cast to pointer from integer of different size [-Wint-to-pointer-cast]
 2496 | #  define INT2PTR(any,d)        (any)(d)
      |                                 ^
Zlib.c:2141:17: note: in expansion of macro 'INT2PTR'
 2141 |             s = INT2PTR(Compress__Raw__Zlib__deflateStream,tmp);
      |                 ^~~~~~~
Zlib.c: In function 'XS_Compress__Raw__Zlib__deflateStream_get_Level':
..\..\lib\CORE/perl.h:2496:33: warning: cast to pointer from integer of different size [-Wint-to-pointer-cast]
 2496 | #  define INT2PTR(any,d)        (any)(d)
      |                                 ^
Zlib.c:2206:17: note: in expansion of macro 'INT2PTR'
 2206 |             s = INT2PTR(Compress__Raw__Zlib__deflateStream,tmp);
      |                 ^~~~~~~
Zlib.c: In function 'XS_Compress__Raw__Zlib__deflateStream_get_Strategy':
..\..\lib\CORE/perl.h:2496:33: warning: cast to pointer from integer of different size [-Wint-to-pointer-cast]
 2496 | #  define INT2PTR(any,d)        (any)(d)
      |                                 ^
Zlib.c:2240:17: note: in expansion of macro 'INT2PTR'
 2240 |             s = INT2PTR(Compress__Raw__Zlib__deflateStream,tmp);
      |                 ^~~~~~~
Zlib.c: In function 'XS_Compress__Raw__Zlib__deflateStream_get_Bufsize':
..\..\lib\CORE/perl.h:2496:33: warning: cast to pointer from integer of different size [-Wint-to-pointer-cast]
 2496 | #  define INT2PTR(any,d)        (any)(d)
      |                                 ^
Zlib.c:2274:17: note: in expansion of macro 'INT2PTR'
 2274 |             s = INT2PTR(Compress__Raw__Zlib__deflateStream,tmp);
      |                 ^~~~~~~
Zlib.c: In function 'XS_Compress__Raw__Zlib__deflateStream_status':
..\..\lib\CORE/perl.h:2496:33: warning: cast to pointer from integer of different size [-Wint-to-pointer-cast]
 2496 | #  define INT2PTR(any,d)        (any)(d)
      |                                 ^
Zlib.c:2308:17: note: in expansion of macro 'INT2PTR'
 2308 |             s = INT2PTR(Compress__Raw__Zlib__deflateStream,tmp);
      |                 ^~~~~~~
Zlib.c: In function 'XS_Compress__Raw__Zlib__deflateStream_crc32':
..\..\lib\CORE/perl.h:2496:33: warning: cast to pointer from integer of different size [-Wint-to-pointer-cast]
 2496 | #  define INT2PTR(any,d)        (any)(d)
      |                                 ^
Zlib.c:2342:17: note: in expansion of macro 'INT2PTR'
 2342 |             s = INT2PTR(Compress__Raw__Zlib__deflateStream,tmp);
      |                 ^~~~~~~
Zlib.c: In function 'XS_Compress__Raw__Zlib__deflateStream_dict_adler':
..\..\lib\CORE/perl.h:2496:33: warning: cast to pointer from integer of different size [-Wint-to-pointer-cast]
 2496 | #  define INT2PTR(any,d)        (any)(d)
      |                                 ^
Zlib.c:2376:17: note: in expansion of macro 'INT2PTR'
 2376 |             s = INT2PTR(Compress__Raw__Zlib__deflateStream,tmp);
      |                 ^~~~~~~
Zlib.c: In function 'XS_Compress__Raw__Zlib__deflateStream_adler32':
..\..\lib\CORE/perl.h:2496:33: warning: cast to pointer from integer of different size [-Wint-to-pointer-cast]
 2496 | #  define INT2PTR(any,d)        (any)(d)
      |                                 ^
Zlib.c:2410:17: note: in expansion of macro 'INT2PTR'
 2410 |             s = INT2PTR(Compress__Raw__Zlib__deflateStream,tmp);
      |                 ^~~~~~~
Zlib.c: In function 'XS_Compress__Raw__Zlib__deflateStream_compressedBytes':
..\..\lib\CORE/perl.h:2496:33: warning: cast to pointer from integer of different size [-Wint-to-pointer-cast]
 2496 | #  define INT2PTR(any,d)        (any)(d)
      |                                 ^
Zlib.c:2444:17: note: in expansion of macro 'INT2PTR'
 2444 |             s = INT2PTR(Compress__Raw__Zlib__deflateStream,tmp);
      |                 ^~~~~~~
Zlib.c: In function 'XS_Compress__Raw__Zlib__deflateStream_uncompressedBytes':
..\..\lib\CORE/perl.h:2496:33: warning: cast to pointer from integer of different size [-Wint-to-pointer-cast]
 2496 | #  define INT2PTR(any,d)        (any)(d)
      |                                 ^
Zlib.c:2478:17: note: in expansion of macro 'INT2PTR'
 2478 |             s = INT2PTR(Compress__Raw__Zlib__deflateStream,tmp);
      |                 ^~~~~~~
Zlib.c: In function 'XS_Compress__Raw__Zlib__deflateStream_total_in':
..\..\lib\CORE/perl.h:2496:33: warning: cast to pointer from integer of different size [-Wint-to-pointer-cast]
 2496 | #  define INT2PTR(any,d)        (any)(d)
      |                                 ^
Zlib.c:2512:17: note: in expansion of macro 'INT2PTR'
 2512 |             s = INT2PTR(Compress__Raw__Zlib__deflateStream,tmp);
      |                 ^~~~~~~
Zlib.c: In function 'XS_Compress__Raw__Zlib__deflateStream_total_out':
..\..\lib\CORE/perl.h:2496:33: warning: cast to pointer from integer of different size [-Wint-to-pointer-cast]
 2496 | #  define INT2PTR(any,d)        (any)(d)
      |                                 ^
Zlib.c:2546:17: note: in expansion of macro 'INT2PTR'
 2546 |             s = INT2PTR(Compress__Raw__Zlib__deflateStream,tmp);
      |                 ^~~~~~~
Zlib.c: In function 'XS_Compress__Raw__Zlib__deflateStream_msg':
..\..\lib\CORE/perl.h:2496:33: warning: cast to pointer from integer of different size [-Wint-to-pointer-cast]
 2496 | #  define INT2PTR(any,d)        (any)(d)
      |                                 ^
Zlib.c:2580:17: note: in expansion of macro 'INT2PTR'
 2580 |             s = INT2PTR(Compress__Raw__Zlib__deflateStream,tmp);
      |                 ^~~~~~~
Zlib.c: In function 'XS_Compress__Raw__Zlib__deflateStream_deflateTune':
..\..\lib\CORE/perl.h:2496:33: warning: cast to pointer from integer of different size [-Wint-to-pointer-cast]
 2496 | #  define INT2PTR(any,d)        (any)(d)
      |                                 ^
Zlib.c:2623:17: note: in expansion of macro 'INT2PTR'
 2623 |             s = INT2PTR(Compress__Raw__Zlib__deflateStream,tmp);
      |                 ^~~~~~~
Zlib.c: In function 'XS_Compress__Raw__Zlib__inflateStream_DispStream':
..\..\lib\CORE/perl.h:2496:33: warning: cast to pointer from integer of different size [-Wint-to-pointer-cast]
 2496 | #  define INT2PTR(any,d)        (any)(d)
      |                                 ^
Zlib.c:2662:17: note: in expansion of macro 'INT2PTR'
 2662 |             s = INT2PTR(Compress__Raw__Zlib__inflateStream,tmp);
      |                 ^~~~~~~
Zlib.c: In function 'XS_Compress__Raw__Zlib__inflateStream_inflateReset':
..\..\lib\CORE/perl.h:2496:33: warning: cast to pointer from integer of different size [-Wint-to-pointer-cast]
 2496 | #  define INT2PTR(any,d)        (any)(d)
      |                                 ^
Zlib.c:2702:17: note: in expansion of macro 'INT2PTR'
 2702 |             s = INT2PTR(Compress__Raw__Zlib__inflateStream,tmp);
      |                 ^~~~~~~
Zlib.c: In function 'XS_Compress__Raw__Zlib__inflateStream_inflate':
..\..\lib\CORE/perl.h:2496:33: warning: cast to pointer from integer of different size [-Wint-to-pointer-cast]
 2496 | #  define INT2PTR(any,d)        (any)(d)
      |                                 ^
Zlib.c:2758:17: note: in expansion of macro 'INT2PTR'
 2758 |             s = INT2PTR(Compress__Raw__Zlib__inflateStream,tmp);
      |                 ^~~~~~~
Zlib.c: In function 'XS_Compress__Raw__Zlib__inflateStream_inflateCount':
..\..\lib\CORE/perl.h:2496:33: warning: cast to pointer from integer of different size [-Wint-to-pointer-cast]
 2496 | #  define INT2PTR(any,d)        (any)(d)
      |                                 ^
Zlib.c:2976:17: note: in expansion of macro 'INT2PTR'
 2976 |             s = INT2PTR(Compress__Raw__Zlib__inflateStream,tmp);
      |                 ^~~~~~~
Zlib.c: In function 'XS_Compress__Raw__Zlib__inflateStream_compressedBytes':
..\..\lib\CORE/perl.h:2496:33: warning: cast to pointer from integer of different size [-Wint-to-pointer-cast]
 2496 | #  define INT2PTR(any,d)        (any)(d)
      |                                 ^
Zlib.c:3010:17: note: in expansion of macro 'INT2PTR'
 3010 |             s = INT2PTR(Compress__Raw__Zlib__inflateStream,tmp);
      |                 ^~~~~~~
Zlib.c: In function 'XS_Compress__Raw__Zlib__inflateStream_uncompressedBytes':
..\..\lib\CORE/perl.h:2496:33: warning: cast to pointer from integer of different size [-Wint-to-pointer-cast]
 2496 | #  define INT2PTR(any,d)        (any)(d)
      |                                 ^
Zlib.c:3044:17: note: in expansion of macro 'INT2PTR'
 3044 |             s = INT2PTR(Compress__Raw__Zlib__inflateStream,tmp);
      |                 ^~~~~~~
Zlib.c: In function 'XS_Compress__Raw__Zlib__inflateStream_inflateSync':
..\..\lib\CORE/perl.h:2496:33: warning: cast to pointer from integer of different size [-Wint-to-pointer-cast]
 2496 | #  define INT2PTR(any,d)        (any)(d)
      |                                 ^
Zlib.c:3079:17: note: in expansion of macro 'INT2PTR'
 3079 |             s = INT2PTR(Compress__Raw__Zlib__inflateStream,tmp);
      |                 ^~~~~~~
Zlib.c: In function 'XS_Compress__Raw__Zlib__inflateStream_DESTROY':
..\..\lib\CORE/perl.h:2496:33: warning: cast to pointer from integer of different size [-Wint-to-pointer-cast]
 2496 | #  define INT2PTR(any,d)        (any)(d)
      |                                 ^
Zlib.c:3141:17: note: in expansion of macro 'INT2PTR'
 3141 |             s = INT2PTR(Compress__Raw__Zlib__inflateStream,tmp);
      |                 ^~~~~~~
Zlib.c: In function 'XS_Compress__Raw__Zlib__inflateStream_status':
..\..\lib\CORE/perl.h:2496:33: warning: cast to pointer from integer of different size [-Wint-to-pointer-cast]
 2496 | #  define INT2PTR(any,d)        (any)(d)
      |                                 ^
Zlib.c:3180:17: note: in expansion of macro 'INT2PTR'
 3180 |             s = INT2PTR(Compress__Raw__Zlib__inflateStream,tmp);
      |                 ^~~~~~~
Zlib.c: In function 'XS_Compress__Raw__Zlib__inflateStream_crc32':
..\..\lib\CORE/perl.h:2496:33: warning: cast to pointer from integer of different size [-Wint-to-pointer-cast]
 2496 | #  define INT2PTR(any,d)        (any)(d)
      |                                 ^
Zlib.c:3214:17: note: in expansion of macro 'INT2PTR'
 3214 |             s = INT2PTR(Compress__Raw__Zlib__inflateStream,tmp);
      |                 ^~~~~~~
Zlib.c: In function 'XS_Compress__Raw__Zlib__inflateStream_dict_adler':
..\..\lib\CORE/perl.h:2496:33: warning: cast to pointer from integer of different size [-Wint-to-pointer-cast]
 2496 | #  define INT2PTR(any,d)        (any)(d)
      |                                 ^
Zlib.c:3248:17: note: in expansion of macro 'INT2PTR'
 3248 |             s = INT2PTR(Compress__Raw__Zlib__inflateStream,tmp);
      |                 ^~~~~~~
Zlib.c: In function 'XS_Compress__Raw__Zlib__inflateStream_total_in':
..\..\lib\CORE/perl.h:2496:33: warning: cast to pointer from integer of different size [-Wint-to-pointer-cast]
 2496 | #  define INT2PTR(any,d)        (any)(d)
      |                                 ^
Zlib.c:3282:17: note: in expansion of macro 'INT2PTR'
 3282 |             s = INT2PTR(Compress__Raw__Zlib__inflateStream,tmp);
      |                 ^~~~~~~
Zlib.c: In function 'XS_Compress__Raw__Zlib__inflateStream_adler32':
..\..\lib\CORE/perl.h:2496:33: warning: cast to pointer from integer of different size [-Wint-to-pointer-cast]
 2496 | #  define INT2PTR(any,d)        (any)(d)
      |                                 ^
Zlib.c:3316:17: note: in expansion of macro 'INT2PTR'
 3316 |             s = INT2PTR(Compress__Raw__Zlib__inflateStream,tmp);
      |                 ^~~~~~~
Zlib.c: In function 'XS_Compress__Raw__Zlib__inflateStream_total_out':
..\..\lib\CORE/perl.h:2496:33: warning: cast to pointer from integer of different size [-Wint-to-pointer-cast]
 2496 | #  define INT2PTR(any,d)        (any)(d)
      |                                 ^
Zlib.c:3350:17: note: in expansion of macro 'INT2PTR'
 3350 |             s = INT2PTR(Compress__Raw__Zlib__inflateStream,tmp);
      |                 ^~~~~~~
Zlib.c: In function 'XS_Compress__Raw__Zlib__inflateStream_msg':
..\..\lib\CORE/perl.h:2496:33: warning: cast to pointer from integer of different size [-Wint-to-pointer-cast]
 2496 | #  define INT2PTR(any,d)        (any)(d)
      |                                 ^
Zlib.c:3384:17: note: in expansion of macro 'INT2PTR'
 3384 |             s = INT2PTR(Compress__Raw__Zlib__inflateStream,tmp);
      |                 ^~~~~~~
Zlib.c: In function 'XS_Compress__Raw__Zlib__inflateStream_get_Bufsize':
..\..\lib\CORE/perl.h:2496:33: warning: cast to pointer from integer of different size [-Wint-to-pointer-cast]
 2496 | #  define INT2PTR(any,d)        (any)(d)
      |                                 ^
Zlib.c:3419:17: note: in expansion of macro 'INT2PTR'
 3419 |             s = INT2PTR(Compress__Raw__Zlib__inflateStream,tmp);
      |                 ^~~~~~~
Zlib.c: In function 'XS_Compress__Raw__Zlib__inflateStream_set_Append':
..\..\lib\CORE/perl.h:2496:33: warning: cast to pointer from integer of different size [-Wint-to-pointer-cast]
 2496 | #  define INT2PTR(any,d)        (any)(d)
      |                                 ^
Zlib.c:3454:17: note: in expansion of macro 'INT2PTR'
 3454 |             s = INT2PTR(Compress__Raw__Zlib__inflateStream,tmp);
      |                 ^~~~~~~
Zlib.c: In function 'XS_Compress__Raw__Zlib__inflateScanStream_DESTROY':
..\..\lib\CORE/perl.h:2496:33: warning: cast to pointer from integer of different size [-Wint-to-pointer-cast]
 2496 | #  define INT2PTR(any,d)        (any)(d)
      |                                 ^
Zlib.c:3489:17: note: in expansion of macro 'INT2PTR'
 3489 |             s = INT2PTR(Compress__Raw__Zlib__inflateScanStream,tmp);
      |                 ^~~~~~~
Zlib.c: In function 'XS_Compress__Raw__Zlib__inflateScanStream_DispStream':
..\..\lib\CORE/perl.h:2496:33: warning: cast to pointer from integer of different size [-Wint-to-pointer-cast]
 2496 | #  define INT2PTR(any,d)        (any)(d)
      |                                 ^
Zlib.c:3527:17: note: in expansion of macro 'INT2PTR'
 3527 |             s = INT2PTR(Compress__Raw__Zlib__inflateScanStream,tmp);
      |                 ^~~~~~~
Zlib.c: In function 'XS_Compress__Raw__Zlib__inflateScanStream_inflateReset':
..\..\lib\CORE/perl.h:2496:33: warning: cast to pointer from integer of different size [-Wint-to-pointer-cast]
 2496 | #  define INT2PTR(any,d)        (any)(d)
      |                                 ^
Zlib.c:3567:17: note: in expansion of macro 'INT2PTR'
 3567 |             s = INT2PTR(Compress__Raw__Zlib__inflateScanStream,tmp);
      |                 ^~~~~~~
Zlib.c: In function 'XS_Compress__Raw__Zlib__inflateScanStream_scan':
..\..\lib\CORE/perl.h:2496:33: warning: cast to pointer from integer of different size [-Wint-to-pointer-cast]
 2496 | #  define INT2PTR(any,d)        (any)(d)
      |                                 ^
Zlib.c:3613:17: note: in expansion of macro 'INT2PTR'
 3613 |             s = INT2PTR(Compress__Raw__Zlib__inflateScanStream,tmp);
      |                 ^~~~~~~
Zlib.c: In function 'XS_Compress__Raw__Zlib__inflateScanStream_getEndOffset':
..\..\lib\CORE/perl.h:2496:33: warning: cast to pointer from integer of different size [-Wint-to-pointer-cast]
 2496 | #  define INT2PTR(any,d)        (any)(d)
      |                                 ^
Zlib.c:3768:17: note: in expansion of macro 'INT2PTR'
 3768 |             s = INT2PTR(Compress__Raw__Zlib__inflateScanStream,tmp);
      |                 ^~~~~~~
Zlib.c: In function 'XS_Compress__Raw__Zlib__inflateScanStream_inflateCount':
..\..\lib\CORE/perl.h:2496:33: warning: cast to pointer from integer of different size [-Wint-to-pointer-cast]
 2496 | #  define INT2PTR(any,d)        (any)(d)
      |                                 ^
Zlib.c:3806:17: note: in expansion of macro 'INT2PTR'
 3806 |             s = INT2PTR(Compress__Raw__Zlib__inflateScanStream,tmp);
      |                 ^~~~~~~
Zlib.c: In function 'XS_Compress__Raw__Zlib__inflateScanStream_compressedBytes':
..\..\lib\CORE/perl.h:2496:33: warning: cast to pointer from integer of different size [-Wint-to-pointer-cast]
 2496 | #  define INT2PTR(any,d)        (any)(d)
      |                                 ^
Zlib.c:3844:17: note: in expansion of macro 'INT2PTR'
 3844 |             s = INT2PTR(Compress__Raw__Zlib__inflateScanStream,tmp);
      |                 ^~~~~~~
Zlib.c: In function 'XS_Compress__Raw__Zlib__inflateScanStream_uncompressedBytes':
..\..\lib\CORE/perl.h:2496:33: warning: cast to pointer from integer of different size [-Wint-to-pointer-cast]
 2496 | #  define INT2PTR(any,d)        (any)(d)
      |                                 ^
Zlib.c:3878:17: note: in expansion of macro 'INT2PTR'
 3878 |             s = INT2PTR(Compress__Raw__Zlib__inflateScanStream,tmp);
      |                 ^~~~~~~
Zlib.c: In function 'XS_Compress__Raw__Zlib__inflateScanStream_getLastBlockOffset':
..\..\lib\CORE/perl.h:2496:33: warning: cast to pointer from integer of different size [-Wint-to-pointer-cast]
 2496 | #  define INT2PTR(any,d)        (any)(d)
      |                                 ^
Zlib.c:3912:17: note: in expansion of macro 'INT2PTR'
 3912 |             s = INT2PTR(Compress__Raw__Zlib__inflateScanStream,tmp);
      |                 ^~~~~~~
Zlib.c: In function 'XS_Compress__Raw__Zlib__inflateScanStream_getLastBufferOffset':
..\..\lib\CORE/perl.h:2496:33: warning: cast to pointer from integer of different size [-Wint-to-pointer-cast]
 2496 | #  define INT2PTR(any,d)        (any)(d)
      |                                 ^
Zlib.c:3950:17: note: in expansion of macro 'INT2PTR'
 3950 |             s = INT2PTR(Compress__Raw__Zlib__inflateScanStream,tmp);
      |                 ^~~~~~~
Zlib.c: In function 'XS_Compress__Raw__Zlib__inflateScanStream_resetLastBlockByte':
..\..\lib\CORE/perl.h:2496:33: warning: cast to pointer from integer of different size [-Wint-to-pointer-cast]
 2496 | #  define INT2PTR(any,d)        (any)(d)
      |                                 ^
Zlib.c:3987:17: note: in expansion of macro 'INT2PTR'
 3987 |             s = INT2PTR(Compress__Raw__Zlib__inflateScanStream,tmp);
      |                 ^~~~~~~
Zlib.c: In function 'XS_Compress__Raw__Zlib__inflateScanStream__createDeflateStream':
..\..\lib\CORE/perl.h:2496:33: warning: cast to pointer from integer of different size [-Wint-to-pointer-cast]
 2496 | #  define INT2PTR(any,d)        (any)(d)
      |                                 ^
Zlib.c:4044:21: note: in expansion of macro 'INT2PTR'
 4044 |             inf_s = INT2PTR(Compress__Raw__Zlib__inflateScanStream,tmp);
      |                     ^~~~~~~
Zlib.c: In function 'XS_Compress__Raw__Zlib__inflateScanStream_status':
..\..\lib\CORE/perl.h:2496:33: warning: cast to pointer from integer of different size [-Wint-to-pointer-cast]
 2496 | #  define INT2PTR(any,d)        (any)(d)
      |                                 ^
Zlib.c:4137:17: note: in expansion of macro 'INT2PTR'
 4137 |             s = INT2PTR(Compress__Raw__Zlib__inflateScanStream,tmp);
      |                 ^~~~~~~
Zlib.c: In function 'XS_Compress__Raw__Zlib__inflateScanStream_crc32':
..\..\lib\CORE/perl.h:2496:33: warning: cast to pointer from integer of different size [-Wint-to-pointer-cast]
 2496 | #  define INT2PTR(any,d)        (any)(d)
      |                                 ^
Zlib.c:4175:17: note: in expansion of macro 'INT2PTR'
 4175 |             s = INT2PTR(Compress__Raw__Zlib__inflateScanStream,tmp);
      |                 ^~~~~~~
Zlib.c: In function 'XS_Compress__Raw__Zlib__inflateScanStream_adler32':
..\..\lib\CORE/perl.h:2496:33: warning: cast to pointer from integer of different size [-Wint-to-pointer-cast]
 2496 | #  define INT2PTR(any,d)        (any)(d)
      |                                 ^
Zlib.c:4209:17: note: in expansion of macro 'INT2PTR'
 4209 |             s = INT2PTR(Compress__Raw__Zlib__inflateScanStream,tmp);
      |                 ^~~~~~~
gcc -c  -I./zlib-src -D_WIN32_WINNT=0x0501 -DWINVER=0x0501 -D_WIN32_WINDOWS=0x0501 -march=pentium4 -DWIN32 -DPERL_TEXTMODE_SCRIPTS -DMULTIPLICITY -DPERL_IMPLICIT_SYS -DUSE_PERLIO -D__USE_MINGW_ANSI_STDIO -fwrapv -fno-strict-aliasing -mms-bitfields -Os   -DVERSION=\"2.212\" -DXS_VERSION=\"2.212\"  "-I..\..\lib\CORE"  -DNO_VIZ -DZ_SOLO   -DZ_PREFIX  -DGZIP_OS_CODE=14  -DPerl_crz_BUILD_ZLIB=1 -Dregister= adler32.c
gcc -c  -I./zlib-src -D_WIN32_WINNT=0x0501 -DWINVER=0x0501 -D_WIN32_WINDOWS=0x0501 -march=pentium4 -DWIN32 -DPERL_TEXTMODE_SCRIPTS -DMULTIPLICITY -DPERL_IMPLICIT_SYS -DUSE_PERLIO -D__USE_MINGW_ANSI_STDIO -fwrapv -fno-strict-aliasing -mms-bitfields -Os   -DVERSION=\"2.212\" -DXS_VERSION=\"2.212\"  "-I..\..\lib\CORE"  -DNO_VIZ -DZ_SOLO   -DZ_PREFIX  -DGZIP_OS_CODE=14  -DPerl_crz_BUILD_ZLIB=1 -Dregister= compress.c
gcc -c  -I./zlib-src -D_WIN32_WINNT=0x0501 -DWINVER=0x0501 -D_WIN32_WINDOWS=0x0501 -march=pentium4 -DWIN32 -DPERL_TEXTMODE_SCRIPTS -DMULTIPLICITY -DPERL_IMPLICIT_SYS -DUSE_PERLIO -D__USE_MINGW_ANSI_STDIO -fwrapv -fno-strict-aliasing -mms-bitfields -Os   -DVERSION=\"2.212\" -DXS_VERSION=\"2.212\"  "-I..\..\lib\CORE"  -DNO_VIZ -DZ_SOLO   -DZ_PREFIX  -DGZIP_OS_CODE=14  -DPerl_crz_BUILD_ZLIB=1 -Dregister= crc32.c
gcc -c  -I./zlib-src -D_WIN32_WINNT=0x0501 -DWINVER=0x0501 -D_WIN32_WINDOWS=0x0501 -march=pentium4 -DWIN32 -DPERL_TEXTMODE_SCRIPTS -DMULTIPLICITY -DPERL_IMPLICIT_SYS -DUSE_PERLIO -D__USE_MINGW_ANSI_STDIO -fwrapv -fno-strict-aliasing -mms-bitfields -Os   -DVERSION=\"2.212\" -DXS_VERSION=\"2.212\"  "-I..\..\lib\CORE"  -DNO_VIZ -DZ_SOLO   -DZ_PREFIX  -DGZIP_OS_CODE=14  -DPerl_crz_BUILD_ZLIB=1 -Dregister= deflate.c
gcc -c  -I./zlib-src -D_WIN32_WINNT=0x0501 -DWINVER=0x0501 -D_WIN32_WINDOWS=0x0501 -march=pentium4 -DWIN32 -DPERL_TEXTMODE_SCRIPTS -DMULTIPLICITY -DPERL_IMPLICIT_SYS -DUSE_PERLIO -D__USE_MINGW_ANSI_STDIO -fwrapv -fno-strict-aliasing -mms-bitfields -Os   -DVERSION=\"2.212\" -DXS_VERSION=\"2.212\"  "-I..\..\lib\CORE"  -DNO_VIZ -DZ_SOLO   -DZ_PREFIX  -DGZIP_OS_CODE=14  -DPerl_crz_BUILD_ZLIB=1 -Dregister= infback.c
gcc -c  -I./zlib-src -D_WIN32_WINNT=0x0501 -DWINVER=0x0501 -D_WIN32_WINDOWS=0x0501 -march=pentium4 -DWIN32 -DPERL_TEXTMODE_SCRIPTS -DMULTIPLICITY -DPERL_IMPLICIT_SYS -DUSE_PERLIO -D__USE_MINGW_ANSI_STDIO -fwrapv -fno-strict-aliasing -mms-bitfields -Os   -DVERSION=\"2.212\" -DXS_VERSION=\"2.212\"  "-I..\..\lib\CORE"  -DNO_VIZ -DZ_SOLO   -DZ_PREFIX  -DGZIP_OS_CODE=14  -DPerl_crz_BUILD_ZLIB=1 -Dregister= inffast.c
gcc -c  -I./zlib-src -D_WIN32_WINNT=0x0501 -DWINVER=0x0501 -D_WIN32_WINDOWS=0x0501 -march=pentium4 -DWIN32 -DPERL_TEXTMODE_SCRIPTS -DMULTIPLICITY -DPERL_IMPLICIT_SYS -DUSE_PERLIO -D__USE_MINGW_ANSI_STDIO -fwrapv -fno-strict-aliasing -mms-bitfields -Os   -DVERSION=\"2.212\" -DXS_VERSION=\"2.212\"  "-I..\..\lib\CORE"  -DNO_VIZ -DZ_SOLO   -DZ_PREFIX  -DGZIP_OS_CODE=14  -DPerl_crz_BUILD_ZLIB=1 -Dregister= inflate.c
gcc -c  -I./zlib-src -D_WIN32_WINNT=0x0501 -DWINVER=0x0501 -D_WIN32_WINDOWS=0x0501 -march=pentium4 -DWIN32 -DPERL_TEXTMODE_SCRIPTS -DMULTIPLICITY -DPERL_IMPLICIT_SYS -DUSE_PERLIO -D__USE_MINGW_ANSI_STDIO -fwrapv -fno-strict-aliasing -mms-bitfields -Os   -DVERSION=\"2.212\" -DXS_VERSION=\"2.212\"  "-I..\..\lib\CORE"  -DNO_VIZ -DZ_SOLO   -DZ_PREFIX  -DGZIP_OS_CODE=14  -DPerl_crz_BUILD_ZLIB=1 -Dregister= inftrees.c
gcc -c  -I./zlib-src -D_WIN32_WINNT=0x0501 -DWINVER=0x0501 -D_WIN32_WINDOWS=0x0501 -march=pentium4 -DWIN32 -DPERL_TEXTMODE_SCRIPTS -DMULTIPLICITY -DPERL_IMPLICIT_SYS -DUSE_PERLIO -D__USE_MINGW_ANSI_STDIO -fwrapv -fno-strict-aliasing -mms-bitfields -Os   -DVERSION=\"2.212\" -DXS_VERSION=\"2.212\"  "-I..\..\lib\CORE"  -DNO_VIZ -DZ_SOLO   -DZ_PREFIX  -DGZIP_OS_CODE=14  -DPerl_crz_BUILD_ZLIB=1 -Dregister= trees.c
gcc -c  -I./zlib-src -D_WIN32_WINNT=0x0501 -DWINVER=0x0501 -D_WIN32_WINDOWS=0x0501 -march=pentium4 -DWIN32 -DPERL_TEXTMODE_SCRIPTS -DMULTIPLICITY -DPERL_IMPLICIT_SYS -DUSE_PERLIO -D__USE_MINGW_ANSI_STDIO -fwrapv -fno-strict-aliasing -mms-bitfields -Os   -DVERSION=\"2.212\" -DXS_VERSION=\"2.212\"  "-I..\..\lib\CORE"  -DNO_VIZ -DZ_SOLO   -DZ_PREFIX  -DGZIP_OS_CODE=14  -DPerl_crz_BUILD_ZLIB=1 -Dregister= uncompr.c
gcc -c  -I./zlib-src -D_WIN32_WINNT=0x0501 -DWINVER=0x0501 -D_WIN32_WINDOWS=0x0501 -march=pentium4 -DWIN32 -DPERL_TEXTMODE_SCRIPTS -DMULTIPLICITY -DPERL_IMPLICIT_SYS -DUSE_PERLIO -D__USE_MINGW_ANSI_STDIO -fwrapv -fno-strict-aliasing -mms-bitfields -Os   -DVERSION=\"2.212\" -DXS_VERSION=\"2.212\"  "-I..\..\lib\CORE"  -DNO_VIZ -DZ_SOLO   -DZ_PREFIX  -DGZIP_OS_CODE=14  -DPerl_crz_BUILD_ZLIB=1 -Dregister= zutil.c
g++ Zlib.def -o ..\..\lib\auto\Compress\Raw\Zlib\Zlib.dll -shared -s -L"c:\perl\lib\CORE" -L"C:\toolchains\w64devkit\lib" -L"C:\toolchains\w64devkit\i686-w64-mingw32\lib" -L"C:\toolchains\w64devkit\lib\gcc\i686-w64-mingw32\16.2.0" Zlib.o adler32.o compress.o crc32.o deflate.o infback.o inffast.o inflate.o inftrees.o trees.o uncompr.o zutil.o    "..\..\lib\CORE\libperl540.a" -lmoldname -lkernel32 -luser32 -lgdi32 -lwinspool -lcomdlg32 -ladvapi32 -lshell32 -lole32 -loleaut32 -lnetapi32 -luuid -lws2_32 -lmpr -lwinmm -lversion -lodbc32 -lodbccp32 -lcomctl32 -Wl,--enable-auto-image-base
"D:\perl-xp\perl-5.40.3\miniperl.exe" "-I..\..\lib" -MExtUtils::Command -e chmod -- 755 ..\..\lib\auto\Compress\Raw\Zlib\Zlib.dll
gmake[1]: Leaving directory 'D:/perl-xp/perl-5.40.3/cpan/Compress-Raw-Zlib'
Generating a gmake-style Makefile
Writing Makefile for Data::Dumper
gmake[1]: Entering directory 'D:/perl-xp/perl-5.40.3/dist/Data-Dumper'
Running Mkbootstrap for Dumper ()
"D:\perl-xp\perl-5.40.3\miniperl.exe" "-I..\..\lib" -MExtUtils::Command -e chmod -- 644 "Dumper.bs"
"D:\perl-xp\perl-5.40.3\miniperl.exe" "-I..\..\lib" -MExtUtils::Command::MM -e cp_nonempty -- Dumper.bs ..\..\lib\auto\Data\Dumper\Dumper.bs 644
gcc -c   -D_WIN32_WINNT=0x0501 -DWINVER=0x0501 -D_WIN32_WINDOWS=0x0501 -march=pentium4 -DWIN32 -DPERL_TEXTMODE_SCRIPTS -DMULTIPLICITY -DPERL_IMPLICIT_SYS -DUSE_PERLIO -D__USE_MINGW_ANSI_STDIO -fwrapv -fno-strict-aliasing -mms-bitfields -Os   -DVERSION=\"2.189\" -DXS_VERSION=\"2.189\"  "-I..\..\lib\CORE"   Dumper.c
In file included from Dumper.xs:3:
..\..\lib\CORE/inline.h: In function 'Perl_is_utf8_invariant_string_loc':
..\..\lib\CORE/perl.h:2524:25: warning: cast from pointer to integer of different size [-Wpointer-to-int-cast]
 2524 | #define PTR2nat(p)      (PTRV)(p)       /* pointer to integer of PTRSIZE */
      |                         ^
..\..\lib\CORE/inline.h:1370:48: note: in expansion of macro 'PTR2nat'
 1370 | #  define PERL_IS_SUBWORD_ADDR(x) (1 & (       PTR2nat(x)                     \
      |                                                ^~~~~~~
..\..\lib\CORE/inline.h:1384:45: note: in expansion of macro 'PERL_IS_SUBWORD_ADDR'
 1384 |                           + PERL_WORDSIZE * PERL_IS_SUBWORD_ADDR(x)
      |                                             ^~~~~~~~~~~~~~~~~~~~
..\..\lib\CORE/perl.h:2524:25: warning: cast from pointer to integer of different size [-Wpointer-to-int-cast]
 2524 | #define PTR2nat(p)      (PTRV)(p)       /* pointer to integer of PTRSIZE */
      |                         ^
..\..\lib\CORE/inline.h:1371:46: note: in expansion of macro 'PTR2nat'
 1371 |                                       |   (  PTR2nat(x) >> 1)                 \
      |                                              ^~~~~~~
..\..\lib\CORE/inline.h:1384:45: note: in expansion of macro 'PERL_IS_SUBWORD_ADDR'
 1384 |                           + PERL_WORDSIZE * PERL_IS_SUBWORD_ADDR(x)
      |                                             ^~~~~~~~~~~~~~~~~~~~
..\..\lib\CORE/perl.h:2524:25: warning: cast from pointer to integer of different size [-Wpointer-to-int-cast]
 2524 | #define PTR2nat(p)      (PTRV)(p)       /* pointer to integer of PTRSIZE */
      |                         ^
..\..\lib\CORE/inline.h:1372:46: note: in expansion of macro 'PTR2nat'
 1372 |                                       | ( ( (PTR2nat(x)                       \
      |                                              ^~~~~~~
..\..\lib\CORE/inline.h:1384:45: note: in expansion of macro 'PERL_IS_SUBWORD_ADDR'
 1384 |                           + PERL_WORDSIZE * PERL_IS_SUBWORD_ADDR(x)
      |                                             ^~~~~~~~~~~~~~~~~~~~
..\..\lib\CORE/perl.h:2524:25: warning: cast from pointer to integer of different size [-Wpointer-to-int-cast]
 2524 | #define PTR2nat(p)      (PTRV)(p)       /* pointer to integer of PTRSIZE */
      |                         ^
..\..\lib\CORE/inline.h:1387:30: note: in expansion of macro 'PTR2nat'
 1387 |                           - (PTR2nat(x) & PERL_WORD_BOUNDARY_MASK))
      |                              ^~~~~~~
..\..\lib\CORE/perl.h:2524:25: warning: cast from pointer to integer of different size [-Wpointer-to-int-cast]
 2524 | #define PTR2nat(p)      (PTRV)(p)       /* pointer to integer of PTRSIZE */
      |                         ^
..\..\lib\CORE/inline.h:1392:16: note: in expansion of macro 'PTR2nat'
 1392 |         while (PTR2nat(x) & PERL_WORD_BOUNDARY_MASK) {
      |                ^~~~~~~
Dumper.xs: In function 'DD_dump':
..\..\lib\CORE/perl.h:2496:33: warning: cast from pointer to integer of different size [-Wpointer-to-int-cast]
 2496 | #  define INT2PTR(any,d)        (any)(d)
      |                                 ^
..\..\lib\CORE/perl.h:2522:25: note: in expansion of macro 'INT2PTR'
 2522 | #define PTR2UV(p)       INT2PTR(UV,p)
      |                         ^~~~~~~
Dumper.xs:709:21: note: in expansion of macro 'PTR2UV'
  709 |         id_buffer = PTR2UV(ival);
      |                     ^~~~~~
..\..\lib\CORE/perl.h:2496:33: warning: cast from pointer to integer of different size [-Wpointer-to-int-cast]
 2496 | #  define INT2PTR(any,d)        (any)(d)
      |                                 ^
..\..\lib\CORE/perl.h:2522:25: note: in expansion of macro 'INT2PTR'
 2522 | #define PTR2UV(p)       INT2PTR(UV,p)
      |                         ^~~~~~~
Dumper.xs:761:61: note: in expansion of macro 'PTR2UV'
  761 |                     warn("ref name not found for 0x%" UVxf, PTR2UV(ival));
      |                                                             ^~~~~~
..\..\lib\CORE/perl.h:2496:33: warning: cast from pointer to integer of different size [-Wpointer-to-int-cast]
 2496 | #  define INT2PTR(any,d)        (any)(d)
      |                                 ^
..\..\lib\CORE/perl.h:2522:25: note: in expansion of macro 'INT2PTR'
 2522 | #define PTR2UV(p)       INT2PTR(UV,p)
      |                         ^~~~~~~
Dumper.xs:1246:25: note: in expansion of macro 'PTR2UV'
 1246 |             id_buffer = PTR2UV(val);
      |                         ^~~~~~
g++ Dumper.def -o ..\..\lib\auto\Data\Dumper\Dumper.dll -shared -s -L"c:\perl\lib\CORE" -L"C:\toolchains\w64devkit\lib" -L"C:\toolchains\w64devkit\i686-w64-mingw32\lib" -L"C:\toolchains\w64devkit\lib\gcc\i686-w64-mingw32\16.2.0" Dumper.o   "..\..\lib\CORE\libperl540.a" -lmoldname -lkernel32 -luser32 -lgdi32 -lwinspool -lcomdlg32 -ladvapi32 -lshell32 -lole32 -loleaut32 -lnetapi32 -luuid -lws2_32 -lmpr -lwinmm -lversion -lodbc32 -lodbccp32 -lcomctl32 -Wl,--enable-auto-image-base
"D:\perl-xp\perl-5.40.3\miniperl.exe" "-I..\..\lib" -MExtUtils::Command -e chmod -- 755 ..\..\lib\auto\Data\Dumper\Dumper.dll
gmake[1]: Leaving directory 'D:/perl-xp/perl-5.40.3/dist/Data-Dumper'
Setting license tag...
Adding META_MERGE...
Generating a gmake-style Makefile
Writing Makefile for Devel::PPPort
gmake[1]: Entering directory 'D:/perl-xp/perl-5.40.3/dist/Devel-PPPort'
Running Mkbootstrap for PPPort ()
"D:\perl-xp\perl-5.40.3\miniperl.exe" "-I..\..\lib" -MExtUtils::Command -e chmod -- 644 "PPPort.bs"
"D:\perl-xp\perl-5.40.3\miniperl.exe" "-I..\..\lib" -MExtUtils::Command::MM -e cp_nonempty -- PPPort.bs ..\..\lib\auto\Devel\PPPort\PPPort.bs 644
gcc -c   -D_WIN32_WINNT=0x0501 -DWINVER=0x0501 -D_WIN32_WINDOWS=0x0501 -march=pentium4 -DWIN32 -DPERL_TEXTMODE_SCRIPTS -DMULTIPLICITY -DPERL_IMPLICIT_SYS -DUSE_PERLIO -D__USE_MINGW_ANSI_STDIO -fwrapv -fno-strict-aliasing -mms-bitfields -Os   -DVERSION=\"3.72\" -DXS_VERSION=\"3.72\"  "-I..\..\lib\CORE"  -W -Wall RealPPPort.c
In file included from RealPPPort.xs:31:
..\..\lib\CORE/inline.h: In function 'Perl_is_utf8_invariant_string_loc':
..\..\lib\CORE/perl.h:2524:25: warning: cast from pointer to integer of different size [-Wpointer-to-int-cast]
 2524 | #define PTR2nat(p)      (PTRV)(p)       /* pointer to integer of PTRSIZE */
      |                         ^
..\..\lib\CORE/inline.h:1370:48: note: in expansion of macro 'PTR2nat'
 1370 | #  define PERL_IS_SUBWORD_ADDR(x) (1 & (       PTR2nat(x)                     \
      |                                                ^~~~~~~
..\..\lib\CORE/inline.h:1384:45: note: in expansion of macro 'PERL_IS_SUBWORD_ADDR'
 1384 |                           + PERL_WORDSIZE * PERL_IS_SUBWORD_ADDR(x)
      |                                             ^~~~~~~~~~~~~~~~~~~~
..\..\lib\CORE/perl.h:2524:25: warning: cast from pointer to integer of different size [-Wpointer-to-int-cast]
 2524 | #define PTR2nat(p)      (PTRV)(p)       /* pointer to integer of PTRSIZE */
      |                         ^
..\..\lib\CORE/inline.h:1371:46: note: in expansion of macro 'PTR2nat'
 1371 |                                       |   (  PTR2nat(x) >> 1)                 \
      |                                              ^~~~~~~
..\..\lib\CORE/inline.h:1384:45: note: in expansion of macro 'PERL_IS_SUBWORD_ADDR'
 1384 |                           + PERL_WORDSIZE * PERL_IS_SUBWORD_ADDR(x)
      |                                             ^~~~~~~~~~~~~~~~~~~~
..\..\lib\CORE/perl.h:2524:25: warning: cast from pointer to integer of different size [-Wpointer-to-int-cast]
 2524 | #define PTR2nat(p)      (PTRV)(p)       /* pointer to integer of PTRSIZE */
      |                         ^
..\..\lib\CORE/inline.h:1372:46: note: in expansion of macro 'PTR2nat'
 1372 |                                       | ( ( (PTR2nat(x)                       \
      |                                              ^~~~~~~
..\..\lib\CORE/inline.h:1384:45: note: in expansion of macro 'PERL_IS_SUBWORD_ADDR'
 1384 |                           + PERL_WORDSIZE * PERL_IS_SUBWORD_ADDR(x)
      |                                             ^~~~~~~~~~~~~~~~~~~~
..\..\lib\CORE/perl.h:2524:25: warning: cast from pointer to integer of different size [-Wpointer-to-int-cast]
 2524 | #define PTR2nat(p)      (PTRV)(p)       /* pointer to integer of PTRSIZE */
      |                         ^
..\..\lib\CORE/inline.h:1387:30: note: in expansion of macro 'PTR2nat'
 1387 |                           - (PTR2nat(x) & PERL_WORD_BOUNDARY_MASK))
      |                              ^~~~~~~
..\..\lib\CORE/perl.h:2524:25: warning: cast from pointer to integer of different size [-Wpointer-to-int-cast]
 2524 | #define PTR2nat(p)      (PTRV)(p)       /* pointer to integer of PTRSIZE */
      |                         ^
..\..\lib\CORE/inline.h:1392:16: note: in expansion of macro 'PTR2nat'
 1392 |         while (PTR2nat(x) & PERL_WORD_BOUNDARY_MASK) {
      |                ^~~~~~~
RealPPPort.xs: In function 'XS_Devel__PPPort_ptrtests':
..\..\lib\CORE/perl.h:2524:25: warning: cast from pointer to integer of different size [-Wpointer-to-int-cast]
 2524 | #define PTR2nat(p)      (PTRV)(p)       /* pointer to integer of PTRSIZE */
      |                         ^
RealPPPort.xs:1883:27: note: in expansion of macro 'PTR2nat'
 1883 |                 RETVAL += PTR2nat(p) != 0       ?  1 : 0;
      |                           ^~~~~~~
..\..\lib\CORE/perl.h:2496:33: warning: cast from pointer to integer of different size [-Wpointer-to-int-cast]
 2496 | #  define INT2PTR(any,d)        (any)(d)
      |                                 ^
..\..\lib\CORE/perl.h:2522:25: note: in expansion of macro 'INT2PTR'
 2522 | #define PTR2UV(p)       INT2PTR(UV,p)
      |                         ^~~~~~~
RealPPPort.xs:1885:27: note: in expansion of macro 'PTR2UV'
 1885 |                 RETVAL += PTR2UV(p) != (UV) 0   ?  4 : 0;
      |                           ^~~~~~
..\..\lib\CORE/perl.h:2496:33: warning: cast from pointer to integer of different size [-Wpointer-to-int-cast]
 2496 | #  define INT2PTR(any,d)        (any)(d)
      |                                 ^
..\..\lib\CORE/perl.h:2521:25: note: in expansion of macro 'INT2PTR'
 2521 | #define PTR2IV(p)       INT2PTR(IV,p)
      |                         ^~~~~~~
RealPPPort.xs:1886:27: note: in expansion of macro 'PTR2IV'
 1886 |                 RETVAL += PTR2IV(p) != (IV) 0   ?  8 : 0;
      |                           ^~~~~~
..\..\lib\CORE/perl.h:2520:30: warning: cast from pointer to integer of different size [-Wpointer-to-int-cast]
 2520 | #define NUM2PTR(any,d)  (any)(PTRV)(d)
      |                              ^
..\..\lib\CORE/perl.h:2523:25: note: in expansion of macro 'NUM2PTR'
 2523 | #define PTR2NV(p)       NUM2PTR(NV,p)
      |                         ^~~~~~~
RealPPPort.xs:1887:27: note: in expansion of macro 'PTR2NV'
 1887 |                 RETVAL += PTR2NV(p) != (NV) 0   ? 16 : 0;
      |                           ^~~~~~
In file included from ..\..\lib\CORE/perl.h:6225:
RealPPPort.xs: In function 'XS_Devel__PPPort_other_variables':
..\..\lib\CORE/perl.h:2496:33: warning: cast from pointer to integer of different size [-Wpointer-to-int-cast]
 2496 | #  define INT2PTR(any,d)        (any)(d)
      |                                 ^
..\..\lib\CORE/embed.h:726:71: note: in definition of macro 'sv_setiv'
  726 | # define sv_setiv(a,b)                          Perl_sv_setiv(aTHX_ a,b)
      |                                                                       ^
..\..\lib\CORE/pp.h:581:52: note: in expansion of macro 'mPUSHi'
  581 | #define mXPUSHi(i)      STMT_START { EXTEND(sp,1); mPUSHi(i); } STMT_END
      |                                                    ^~~~~~
RealPPPort.xs:269:50: note: in expansion of macro 'mXPUSHi'
  269 |   #define ppp_TESTVAR(var)          STMT_START { mXPUSHi(PTR2IV(&var)); count++; } STMT_END
      |                                                  ^~~~~~~
..\..\lib\CORE/perl.h:2521:25: note: in expansion of macro 'INT2PTR'
 2521 | #define PTR2IV(p)       INT2PTR(IV,p)
      |                         ^~~~~~~
RealPPPort.xs:269:58: note: in expansion of macro 'PTR2IV'
  269 |   #define ppp_TESTVAR(var)          STMT_START { mXPUSHi(PTR2IV(&var)); count++; } STMT_END
      |                                                          ^~~~~~
RealPPPort.xs:4060:17: note: in expansion of macro 'ppp_TESTVAR'
 4060 |                 ppp_TESTVAR(PL_DBsignal);
      |                 ^~~~~~~~~~~
..\..\lib\CORE/perl.h:2496:33: warning: cast from pointer to integer of different size [-Wpointer-to-int-cast]
 2496 | #  define INT2PTR(any,d)        (any)(d)
      |                                 ^
..\..\lib\CORE/embed.h:726:71: note: in definition of macro 'sv_setiv'
  726 | # define sv_setiv(a,b)                          Perl_sv_setiv(aTHX_ a,b)
      |                                                                       ^
..\..\lib\CORE/pp.h:581:52: note: in expansion of macro 'mPUSHi'
  581 | #define mXPUSHi(i)      STMT_START { EXTEND(sp,1); mPUSHi(i); } STMT_END
      |                                                    ^~~~~~
RealPPPort.xs:269:50: note: in expansion of macro 'mXPUSHi'
  269 |   #define ppp_TESTVAR(var)          STMT_START { mXPUSHi(PTR2IV(&var)); count++; } STMT_END
      |                                                  ^~~~~~~
..\..\lib\CORE/perl.h:2521:25: note: in expansion of macro 'INT2PTR'
 2521 | #define PTR2IV(p)       INT2PTR(IV,p)
      |                         ^~~~~~~
RealPPPort.xs:269:58: note: in expansion of macro 'PTR2IV'
  269 |   #define ppp_TESTVAR(var)          STMT_START { mXPUSHi(PTR2IV(&var)); count++; } STMT_END
      |                                                          ^~~~~~
RealPPPort.xs:4061:17: note: in expansion of macro 'ppp_TESTVAR'
 4061 |                 ppp_TESTVAR(PL_DBsingle);
      |                 ^~~~~~~~~~~
..\..\lib\CORE/perl.h:2496:33: warning: cast from pointer to integer of different size [-Wpointer-to-int-cast]
 2496 | #  define INT2PTR(any,d)        (any)(d)
      |                                 ^
..\..\lib\CORE/embed.h:726:71: note: in definition of macro 'sv_setiv'
  726 | # define sv_setiv(a,b)                          Perl_sv_setiv(aTHX_ a,b)
      |                                                                       ^
..\..\lib\CORE/pp.h:581:52: note: in expansion of macro 'mPUSHi'
  581 | #define mXPUSHi(i)      STMT_START { EXTEND(sp,1); mPUSHi(i); } STMT_END
      |                                                    ^~~~~~
RealPPPort.xs:269:50: note: in expansion of macro 'mXPUSHi'
  269 |   #define ppp_TESTVAR(var)          STMT_START { mXPUSHi(PTR2IV(&var)); count++; } STMT_END
      |                                                  ^~~~~~~
..\..\lib\CORE/perl.h:2521:25: note: in expansion of macro 'INT2PTR'
 2521 | #define PTR2IV(p)       INT2PTR(IV,p)
      |                         ^~~~~~~
RealPPPort.xs:269:58: note: in expansion of macro 'PTR2IV'
  269 |   #define ppp_TESTVAR(var)          STMT_START { mXPUSHi(PTR2IV(&var)); count++; } STMT_END
      |                                                          ^~~~~~
RealPPPort.xs:4062:17: note: in expansion of macro 'ppp_TESTVAR'
 4062 |                 ppp_TESTVAR(PL_DBsub);
      |                 ^~~~~~~~~~~
..\..\lib\CORE/perl.h:2496:33: warning: cast from pointer to integer of different size [-Wpointer-to-int-cast]
 2496 | #  define INT2PTR(any,d)        (any)(d)
      |                                 ^
..\..\lib\CORE/embed.h:726:71: note: in definition of macro 'sv_setiv'
  726 | # define sv_setiv(a,b)                          Perl_sv_setiv(aTHX_ a,b)
      |                                                                       ^
..\..\lib\CORE/pp.h:581:52: note: in expansion of macro 'mPUSHi'
  581 | #define mXPUSHi(i)      STMT_START { EXTEND(sp,1); mPUSHi(i); } STMT_END
      |                                                    ^~~~~~
RealPPPort.xs:269:50: note: in expansion of macro 'mXPUSHi'
  269 |   #define ppp_TESTVAR(var)          STMT_START { mXPUSHi(PTR2IV(&var)); count++; } STMT_END
      |                                                  ^~~~~~~
..\..\lib\CORE/perl.h:2521:25: note: in expansion of macro 'INT2PTR'
 2521 | #define PTR2IV(p)       INT2PTR(IV,p)
      |                         ^~~~~~~
RealPPPort.xs:269:58: note: in expansion of macro 'PTR2IV'
  269 |   #define ppp_TESTVAR(var)          STMT_START { mXPUSHi(PTR2IV(&var)); count++; } STMT_END
      |                                                          ^~~~~~
RealPPPort.xs:4063:17: note: in expansion of macro 'ppp_TESTVAR'
 4063 |                 ppp_TESTVAR(PL_DBtrace);
      |                 ^~~~~~~~~~~
..\..\lib\CORE/perl.h:2496:33: warning: cast from pointer to integer of different size [-Wpointer-to-int-cast]
 2496 | #  define INT2PTR(any,d)        (any)(d)
      |                                 ^
..\..\lib\CORE/embed.h:726:71: note: in definition of macro 'sv_setiv'
  726 | # define sv_setiv(a,b)                          Perl_sv_setiv(aTHX_ a,b)
      |                                                                       ^
..\..\lib\CORE/pp.h:581:52: note: in expansion of macro 'mPUSHi'
  581 | #define mXPUSHi(i)      STMT_START { EXTEND(sp,1); mPUSHi(i); } STMT_END
      |                                                    ^~~~~~
RealPPPort.xs:269:50: note: in expansion of macro 'mXPUSHi'
  269 |   #define ppp_TESTVAR(var)          STMT_START { mXPUSHi(PTR2IV(&var)); count++; } STMT_END
      |                                                  ^~~~~~~
..\..\lib\CORE/perl.h:2521:25: note: in expansion of macro 'INT2PTR'
 2521 | #define PTR2IV(p)       INT2PTR(IV,p)
      |                         ^~~~~~~
RealPPPort.xs:269:58: note: in expansion of macro 'PTR2IV'
  269 |   #define ppp_TESTVAR(var)          STMT_START { mXPUSHi(PTR2IV(&var)); count++; } STMT_END
      |                                                          ^~~~~~
RealPPPort.xs:4064:17: note: in expansion of macro 'ppp_TESTVAR'
 4064 |                 ppp_TESTVAR(PL_compiling);
      |                 ^~~~~~~~~~~
..\..\lib\CORE/perl.h:2496:33: warning: cast from pointer to integer of different size [-Wpointer-to-int-cast]
 2496 | #  define INT2PTR(any,d)        (any)(d)
      |                                 ^
..\..\lib\CORE/embed.h:726:71: note: in definition of macro 'sv_setiv'
  726 | # define sv_setiv(a,b)                          Perl_sv_setiv(aTHX_ a,b)
      |                                                                       ^
..\..\lib\CORE/pp.h:581:52: note: in expansion of macro 'mPUSHi'
  581 | #define mXPUSHi(i)      STMT_START { EXTEND(sp,1); mPUSHi(i); } STMT_END
      |                                                    ^~~~~~
RealPPPort.xs:269:50: note: in expansion of macro 'mXPUSHi'
  269 |   #define ppp_TESTVAR(var)          STMT_START { mXPUSHi(PTR2IV(&var)); count++; } STMT_END
      |                                                  ^~~~~~~
..\..\lib\CORE/perl.h:2521:25: note: in expansion of macro 'INT2PTR'
 2521 | #define PTR2IV(p)       INT2PTR(IV,p)
      |                         ^~~~~~~
RealPPPort.xs:269:58: note: in expansion of macro 'PTR2IV'
  269 |   #define ppp_TESTVAR(var)          STMT_START { mXPUSHi(PTR2IV(&var)); count++; } STMT_END
      |                                                          ^~~~~~
RealPPPort.xs:4065:17: note: in expansion of macro 'ppp_TESTVAR'
 4065 |                 ppp_TESTVAR(PL_curcop);
      |                 ^~~~~~~~~~~
..\..\lib\CORE/perl.h:2496:33: warning: cast from pointer to integer of different size [-Wpointer-to-int-cast]
 2496 | #  define INT2PTR(any,d)        (any)(d)
      |                                 ^
..\..\lib\CORE/embed.h:726:71: note: in definition of macro 'sv_setiv'
  726 | # define sv_setiv(a,b)                          Perl_sv_setiv(aTHX_ a,b)
      |                                                                       ^
..\..\lib\CORE/pp.h:581:52: note: in expansion of macro 'mPUSHi'
  581 | #define mXPUSHi(i)      STMT_START { EXTEND(sp,1); mPUSHi(i); } STMT_END
      |                                                    ^~~~~~
RealPPPort.xs:269:50: note: in expansion of macro 'mXPUSHi'
  269 |   #define ppp_TESTVAR(var)          STMT_START { mXPUSHi(PTR2IV(&var)); count++; } STMT_END
      |                                                  ^~~~~~~
..\..\lib\CORE/perl.h:2521:25: note: in expansion of macro 'INT2PTR'
 2521 | #define PTR2IV(p)       INT2PTR(IV,p)
      |                         ^~~~~~~
RealPPPort.xs:269:58: note: in expansion of macro 'PTR2IV'
  269 |   #define ppp_TESTVAR(var)          STMT_START { mXPUSHi(PTR2IV(&var)); count++; } STMT_END
      |                                                          ^~~~~~
RealPPPort.xs:4066:17: note: in expansion of macro 'ppp_TESTVAR'
 4066 |                 ppp_TESTVAR(PL_curstash);
      |                 ^~~~~~~~~~~
..\..\lib\CORE/perl.h:2496:33: warning: cast from pointer to integer of different size [-Wpointer-to-int-cast]
 2496 | #  define INT2PTR(any,d)        (any)(d)
      |                                 ^
..\..\lib\CORE/embed.h:726:71: note: in definition of macro 'sv_setiv'
  726 | # define sv_setiv(a,b)                          Perl_sv_setiv(aTHX_ a,b)
      |                                                                       ^
..\..\lib\CORE/pp.h:581:52: note: in expansion of macro 'mPUSHi'
  581 | #define mXPUSHi(i)      STMT_START { EXTEND(sp,1); mPUSHi(i); } STMT_END
      |                                                    ^~~~~~
RealPPPort.xs:269:50: note: in expansion of macro 'mXPUSHi'
  269 |   #define ppp_TESTVAR(var)          STMT_START { mXPUSHi(PTR2IV(&var)); count++; } STMT_END
      |                                                  ^~~~~~~
..\..\lib\CORE/perl.h:2521:25: note: in expansion of macro 'INT2PTR'
 2521 | #define PTR2IV(p)       INT2PTR(IV,p)
      |                         ^~~~~~~
RealPPPort.xs:269:58: note: in expansion of macro 'PTR2IV'
  269 |   #define ppp_TESTVAR(var)          STMT_START { mXPUSHi(PTR2IV(&var)); count++; } STMT_END
      |                                                          ^~~~~~
RealPPPort.xs:4067:17: note: in expansion of macro 'ppp_TESTVAR'
 4067 |                 ppp_TESTVAR(PL_debstash);
      |                 ^~~~~~~~~~~
..\..\lib\CORE/perl.h:2496:33: warning: cast from pointer to integer of different size [-Wpointer-to-int-cast]
 2496 | #  define INT2PTR(any,d)        (any)(d)
      |                                 ^
..\..\lib\CORE/embed.h:726:71: note: in definition of macro 'sv_setiv'
  726 | # define sv_setiv(a,b)                          Perl_sv_setiv(aTHX_ a,b)
      |                                                                       ^
..\..\lib\CORE/pp.h:581:52: note: in expansion of macro 'mPUSHi'
  581 | #define mXPUSHi(i)      STMT_START { EXTEND(sp,1); mPUSHi(i); } STMT_END
      |                                                    ^~~~~~
RealPPPort.xs:269:50: note: in expansion of macro 'mXPUSHi'
  269 |   #define ppp_TESTVAR(var)          STMT_START { mXPUSHi(PTR2IV(&var)); count++; } STMT_END
      |                                                  ^~~~~~~
..\..\lib\CORE/perl.h:2521:25: note: in expansion of macro 'INT2PTR'
 2521 | #define PTR2IV(p)       INT2PTR(IV,p)
      |                         ^~~~~~~
RealPPPort.xs:269:58: note: in expansion of macro 'PTR2IV'
  269 |   #define ppp_TESTVAR(var)          STMT_START { mXPUSHi(PTR2IV(&var)); count++; } STMT_END
      |                                                          ^~~~~~
RealPPPort.xs:4068:17: note: in expansion of macro 'ppp_TESTVAR'
 4068 |                 ppp_TESTVAR(PL_defgv);
      |                 ^~~~~~~~~~~
..\..\lib\CORE/perl.h:2496:33: warning: cast from pointer to integer of different size [-Wpointer-to-int-cast]
 2496 | #  define INT2PTR(any,d)        (any)(d)
      |                                 ^
..\..\lib\CORE/embed.h:726:71: note: in definition of macro 'sv_setiv'
  726 | # define sv_setiv(a,b)                          Perl_sv_setiv(aTHX_ a,b)
      |                                                                       ^
..\..\lib\CORE/pp.h:581:52: note: in expansion of macro 'mPUSHi'
  581 | #define mXPUSHi(i)      STMT_START { EXTEND(sp,1); mPUSHi(i); } STMT_END
      |                                                    ^~~~~~
RealPPPort.xs:269:50: note: in expansion of macro 'mXPUSHi'
  269 |   #define ppp_TESTVAR(var)          STMT_START { mXPUSHi(PTR2IV(&var)); count++; } STMT_END
      |                                                  ^~~~~~~
..\..\lib\CORE/perl.h:2521:25: note: in expansion of macro 'INT2PTR'
 2521 | #define PTR2IV(p)       INT2PTR(IV,p)
      |                         ^~~~~~~
RealPPPort.xs:269:58: note: in expansion of macro 'PTR2IV'
  269 |   #define ppp_TESTVAR(var)          STMT_START { mXPUSHi(PTR2IV(&var)); count++; } STMT_END
      |                                                          ^~~~~~
RealPPPort.xs:4069:17: note: in expansion of macro 'ppp_TESTVAR'
 4069 |                 ppp_TESTVAR(PL_diehook);
      |                 ^~~~~~~~~~~
..\..\lib\CORE/perl.h:2496:33: warning: cast from pointer to integer of different size [-Wpointer-to-int-cast]
 2496 | #  define INT2PTR(any,d)        (any)(d)
      |                                 ^
..\..\lib\CORE/embed.h:726:71: note: in definition of macro 'sv_setiv'
  726 | # define sv_setiv(a,b)                          Perl_sv_setiv(aTHX_ a,b)
      |                                                                       ^
..\..\lib\CORE/pp.h:581:52: note: in expansion of macro 'mPUSHi'
  581 | #define mXPUSHi(i)      STMT_START { EXTEND(sp,1); mPUSHi(i); } STMT_END
      |                                                    ^~~~~~
RealPPPort.xs:269:50: note: in expansion of macro 'mXPUSHi'
  269 |   #define ppp_TESTVAR(var)          STMT_START { mXPUSHi(PTR2IV(&var)); count++; } STMT_END
      |                                                  ^~~~~~~
..\..\lib\CORE/perl.h:2521:25: note: in expansion of macro 'INT2PTR'
 2521 | #define PTR2IV(p)       INT2PTR(IV,p)
      |                         ^~~~~~~
RealPPPort.xs:269:58: note: in expansion of macro 'PTR2IV'
  269 |   #define ppp_TESTVAR(var)          STMT_START { mXPUSHi(PTR2IV(&var)); count++; } STMT_END
      |                                                          ^~~~~~
RealPPPort.xs:4077:17: note: in expansion of macro 'ppp_TESTVAR'
 4077 |                 ppp_TESTVAR(PL_dowarn);
      |                 ^~~~~~~~~~~
..\..\lib\CORE/perl.h:2496:33: warning: cast from pointer to integer of different size [-Wpointer-to-int-cast]
 2496 | #  define INT2PTR(any,d)        (any)(d)
      |                                 ^
..\..\lib\CORE/embed.h:726:71: note: in definition of macro 'sv_setiv'
  726 | # define sv_setiv(a,b)                          Perl_sv_setiv(aTHX_ a,b)
      |                                                                       ^
..\..\lib\CORE/pp.h:581:52: note: in expansion of macro 'mPUSHi'
  581 | #define mXPUSHi(i)      STMT_START { EXTEND(sp,1); mPUSHi(i); } STMT_END
      |                                                    ^~~~~~
RealPPPort.xs:269:50: note: in expansion of macro 'mXPUSHi'
  269 |   #define ppp_TESTVAR(var)          STMT_START { mXPUSHi(PTR2IV(&var)); count++; } STMT_END
      |                                                  ^~~~~~~
..\..\lib\CORE/perl.h:2521:25: note: in expansion of macro 'INT2PTR'
 2521 | #define PTR2IV(p)       INT2PTR(IV,p)
      |                         ^~~~~~~
RealPPPort.xs:269:58: note: in expansion of macro 'PTR2IV'
  269 |   #define ppp_TESTVAR(var)          STMT_START { mXPUSHi(PTR2IV(&var)); count++; } STMT_END
      |                                                          ^~~~~~
RealPPPort.xs:4078:17: note: in expansion of macro 'ppp_TESTVAR'
 4078 |                 ppp_TESTVAR(PL_errgv);
      |                 ^~~~~~~~~~~
..\..\lib\CORE/perl.h:2496:33: warning: cast from pointer to integer of different size [-Wpointer-to-int-cast]
 2496 | #  define INT2PTR(any,d)        (any)(d)
      |                                 ^
..\..\lib\CORE/embed.h:726:71: note: in definition of macro 'sv_setiv'
  726 | # define sv_setiv(a,b)                          Perl_sv_setiv(aTHX_ a,b)
      |                                                                       ^
..\..\lib\CORE/pp.h:581:52: note: in expansion of macro 'mPUSHi'
  581 | #define mXPUSHi(i)      STMT_START { EXTEND(sp,1); mPUSHi(i); } STMT_END
      |                                                    ^~~~~~
RealPPPort.xs:269:50: note: in expansion of macro 'mXPUSHi'
  269 |   #define ppp_TESTVAR(var)          STMT_START { mXPUSHi(PTR2IV(&var)); count++; } STMT_END
      |                                                  ^~~~~~~
..\..\lib\CORE/perl.h:2521:25: note: in expansion of macro 'INT2PTR'
 2521 | #define PTR2IV(p)       INT2PTR(IV,p)
      |                         ^~~~~~~
RealPPPort.xs:269:58: note: in expansion of macro 'PTR2IV'
  269 |   #define ppp_TESTVAR(var)          STMT_START { mXPUSHi(PTR2IV(&var)); count++; } STMT_END
      |                                                          ^~~~~~
RealPPPort.xs:4079:17: note: in expansion of macro 'ppp_TESTVAR'
 4079 |                 ppp_TESTVAR(PL_laststatval);
      |                 ^~~~~~~~~~~
..\..\lib\CORE/perl.h:2496:33: warning: cast from pointer to integer of different size [-Wpointer-to-int-cast]
 2496 | #  define INT2PTR(any,d)        (any)(d)
      |                                 ^
..\..\lib\CORE/embed.h:726:71: note: in definition of macro 'sv_setiv'
  726 | # define sv_setiv(a,b)                          Perl_sv_setiv(aTHX_ a,b)
      |                                                                       ^
..\..\lib\CORE/pp.h:581:52: note: in expansion of macro 'mPUSHi'
  581 | #define mXPUSHi(i)      STMT_START { EXTEND(sp,1); mPUSHi(i); } STMT_END
      |                                                    ^~~~~~
RealPPPort.xs:269:50: note: in expansion of macro 'mXPUSHi'
  269 |   #define ppp_TESTVAR(var)          STMT_START { mXPUSHi(PTR2IV(&var)); count++; } STMT_END
      |                                                  ^~~~~~~
..\..\lib\CORE/perl.h:2521:25: note: in expansion of macro 'INT2PTR'
 2521 | #define PTR2IV(p)       INT2PTR(IV,p)
      |                         ^~~~~~~
RealPPPort.xs:269:58: note: in expansion of macro 'PTR2IV'
  269 |   #define ppp_TESTVAR(var)          STMT_START { mXPUSHi(PTR2IV(&var)); count++; } STMT_END
      |                                                          ^~~~~~
RealPPPort.xs:4080:17: note: in expansion of macro 'ppp_TESTVAR'
 4080 |                 ppp_TESTVAR(PL_no_modify);
      |                 ^~~~~~~~~~~
..\..\lib\CORE/perl.h:2496:33: warning: cast from pointer to integer of different size [-Wpointer-to-int-cast]
 2496 | #  define INT2PTR(any,d)        (any)(d)
      |                                 ^
..\..\lib\CORE/embed.h:726:71: note: in definition of macro 'sv_setiv'
  726 | # define sv_setiv(a,b)                          Perl_sv_setiv(aTHX_ a,b)
      |                                                                       ^
..\..\lib\CORE/pp.h:581:52: note: in expansion of macro 'mPUSHi'
  581 | #define mXPUSHi(i)      STMT_START { EXTEND(sp,1); mPUSHi(i); } STMT_END
      |                                                    ^~~~~~
RealPPPort.xs:269:50: note: in expansion of macro 'mXPUSHi'
  269 |   #define ppp_TESTVAR(var)          STMT_START { mXPUSHi(PTR2IV(&var)); count++; } STMT_END
      |                                                  ^~~~~~~
..\..\lib\CORE/perl.h:2521:25: note: in expansion of macro 'INT2PTR'
 2521 | #define PTR2IV(p)       INT2PTR(IV,p)
      |                         ^~~~~~~
RealPPPort.xs:269:58: note: in expansion of macro 'PTR2IV'
  269 |   #define ppp_TESTVAR(var)          STMT_START { mXPUSHi(PTR2IV(&var)); count++; } STMT_END
      |                                                          ^~~~~~
RealPPPort.xs:4081:17: note: in expansion of macro 'ppp_TESTVAR'
 4081 |                 ppp_TESTVAR(PL_perl_destruct_level);
      |                 ^~~~~~~~~~~
..\..\lib\CORE/perl.h:2496:33: warning: cast from pointer to integer of different size [-Wpointer-to-int-cast]
 2496 | #  define INT2PTR(any,d)        (any)(d)
      |                                 ^
..\..\lib\CORE/embed.h:726:71: note: in definition of macro 'sv_setiv'
  726 | # define sv_setiv(a,b)                          Perl_sv_setiv(aTHX_ a,b)
      |                                                                       ^
..\..\lib\CORE/pp.h:581:52: note: in expansion of macro 'mPUSHi'
  581 | #define mXPUSHi(i)      STMT_START { EXTEND(sp,1); mPUSHi(i); } STMT_END
      |                                                    ^~~~~~
RealPPPort.xs:269:50: note: in expansion of macro 'mXPUSHi'
  269 |   #define ppp_TESTVAR(var)          STMT_START { mXPUSHi(PTR2IV(&var)); count++; } STMT_END
      |                                                  ^~~~~~~
..\..\lib\CORE/perl.h:2521:25: note: in expansion of macro 'INT2PTR'
 2521 | #define PTR2IV(p)       INT2PTR(IV,p)
      |                         ^~~~~~~
RealPPPort.xs:269:58: note: in expansion of macro 'PTR2IV'
  269 |   #define ppp_TESTVAR(var)          STMT_START { mXPUSHi(PTR2IV(&var)); count++; } STMT_END
      |                                                          ^~~~~~
RealPPPort.xs:4082:17: note: in expansion of macro 'ppp_TESTVAR'
 4082 |                 ppp_TESTVAR(PL_perldb);
      |                 ^~~~~~~~~~~
..\..\lib\CORE/perl.h:2496:33: warning: cast from pointer to integer of different size [-Wpointer-to-int-cast]
 2496 | #  define INT2PTR(any,d)        (any)(d)
      |                                 ^
..\..\lib\CORE/embed.h:726:71: note: in definition of macro 'sv_setiv'
  726 | # define sv_setiv(a,b)                          Perl_sv_setiv(aTHX_ a,b)
      |                                                                       ^
..\..\lib\CORE/pp.h:581:52: note: in expansion of macro 'mPUSHi'
  581 | #define mXPUSHi(i)      STMT_START { EXTEND(sp,1); mPUSHi(i); } STMT_END
      |                                                    ^~~~~~
RealPPPort.xs:269:50: note: in expansion of macro 'mXPUSHi'
  269 |   #define ppp_TESTVAR(var)          STMT_START { mXPUSHi(PTR2IV(&var)); count++; } STMT_END
      |                                                  ^~~~~~~
..\..\lib\CORE/perl.h:2521:25: note: in expansion of macro 'INT2PTR'
 2521 | #define PTR2IV(p)       INT2PTR(IV,p)
      |                         ^~~~~~~
RealPPPort.xs:269:58: note: in expansion of macro 'PTR2IV'
  269 |   #define ppp_TESTVAR(var)          STMT_START { mXPUSHi(PTR2IV(&var)); count++; } STMT_END
      |                                                          ^~~~~~
RealPPPort.xs:4083:17: note: in expansion of macro 'ppp_TESTVAR'
 4083 |                 ppp_TESTVAR(PL_stack_base);
      |                 ^~~~~~~~~~~
..\..\lib\CORE/perl.h:2496:33: warning: cast from pointer to integer of different size [-Wpointer-to-int-cast]
 2496 | #  define INT2PTR(any,d)        (any)(d)
      |                                 ^
..\..\lib\CORE/embed.h:726:71: note: in definition of macro 'sv_setiv'
  726 | # define sv_setiv(a,b)                          Perl_sv_setiv(aTHX_ a,b)
      |                                                                       ^
..\..\lib\CORE/pp.h:581:52: note: in expansion of macro 'mPUSHi'
  581 | #define mXPUSHi(i)      STMT_START { EXTEND(sp,1); mPUSHi(i); } STMT_END
      |                                                    ^~~~~~
RealPPPort.xs:269:50: note: in expansion of macro 'mXPUSHi'
  269 |   #define ppp_TESTVAR(var)          STMT_START { mXPUSHi(PTR2IV(&var)); count++; } STMT_END
      |                                                  ^~~~~~~
..\..\lib\CORE/perl.h:2521:25: note: in expansion of macro 'INT2PTR'
 2521 | #define PTR2IV(p)       INT2PTR(IV,p)
      |                         ^~~~~~~
RealPPPort.xs:269:58: note: in expansion of macro 'PTR2IV'
  269 |   #define ppp_TESTVAR(var)          STMT_START { mXPUSHi(PTR2IV(&var)); count++; } STMT_END
      |                                                          ^~~~~~
RealPPPort.xs:4084:17: note: in expansion of macro 'ppp_TESTVAR'
 4084 |                 ppp_TESTVAR(PL_stack_sp);
      |                 ^~~~~~~~~~~
..\..\lib\CORE/perl.h:2496:33: warning: cast from pointer to integer of different size [-Wpointer-to-int-cast]
 2496 | #  define INT2PTR(any,d)        (any)(d)
      |                                 ^
..\..\lib\CORE/embed.h:726:71: note: in definition of macro 'sv_setiv'
  726 | # define sv_setiv(a,b)                          Perl_sv_setiv(aTHX_ a,b)
      |                                                                       ^
..\..\lib\CORE/pp.h:581:52: note: in expansion of macro 'mPUSHi'
  581 | #define mXPUSHi(i)      STMT_START { EXTEND(sp,1); mPUSHi(i); } STMT_END
      |                                                    ^~~~~~
RealPPPort.xs:269:50: note: in expansion of macro 'mXPUSHi'
  269 |   #define ppp_TESTVAR(var)          STMT_START { mXPUSHi(PTR2IV(&var)); count++; } STMT_END
      |                                                  ^~~~~~~
..\..\lib\CORE/perl.h:2521:25: note: in expansion of macro 'INT2PTR'
 2521 | #define PTR2IV(p)       INT2PTR(IV,p)
      |                         ^~~~~~~
RealPPPort.xs:269:58: note: in expansion of macro 'PTR2IV'
  269 |   #define ppp_TESTVAR(var)          STMT_START { mXPUSHi(PTR2IV(&var)); count++; } STMT_END
      |                                                          ^~~~~~
RealPPPort.xs:4085:17: note: in expansion of macro 'ppp_TESTVAR'
 4085 |                 ppp_TESTVAR(PL_statcache);
      |                 ^~~~~~~~~~~
..\..\lib\CORE/perl.h:2496:33: warning: cast from pointer to integer of different size [-Wpointer-to-int-cast]
 2496 | #  define INT2PTR(any,d)        (any)(d)
      |                                 ^
..\..\lib\CORE/embed.h:726:71: note: in definition of macro 'sv_setiv'
  726 | # define sv_setiv(a,b)                          Perl_sv_setiv(aTHX_ a,b)
      |                                                                       ^
..\..\lib\CORE/pp.h:581:52: note: in expansion of macro 'mPUSHi'
  581 | #define mXPUSHi(i)      STMT_START { EXTEND(sp,1); mPUSHi(i); } STMT_END
      |                                                    ^~~~~~
RealPPPort.xs:269:50: note: in expansion of macro 'mXPUSHi'
  269 |   #define ppp_TESTVAR(var)          STMT_START { mXPUSHi(PTR2IV(&var)); count++; } STMT_END
      |                                                  ^~~~~~~
..\..\lib\CORE/perl.h:2521:25: note: in expansion of macro 'INT2PTR'
 2521 | #define PTR2IV(p)       INT2PTR(IV,p)
      |                         ^~~~~~~
RealPPPort.xs:269:58: note: in expansion of macro 'PTR2IV'
  269 |   #define ppp_TESTVAR(var)          STMT_START { mXPUSHi(PTR2IV(&var)); count++; } STMT_END
      |                                                          ^~~~~~
RealPPPort.xs:4086:17: note: in expansion of macro 'ppp_TESTVAR'
 4086 |                 ppp_TESTVAR(PL_stdingv);
      |                 ^~~~~~~~~~~
..\..\lib\CORE/perl.h:2496:33: warning: cast from pointer to integer of different size [-Wpointer-to-int-cast]
 2496 | #  define INT2PTR(any,d)        (any)(d)
      |                                 ^
..\..\lib\CORE/embed.h:726:71: note: in definition of macro 'sv_setiv'
  726 | # define sv_setiv(a,b)                          Perl_sv_setiv(aTHX_ a,b)
      |                                                                       ^
..\..\lib\CORE/pp.h:581:52: note: in expansion of macro 'mPUSHi'
  581 | #define mXPUSHi(i)      STMT_START { EXTEND(sp,1); mPUSHi(i); } STMT_END
      |                                                    ^~~~~~
RealPPPort.xs:269:50: note: in expansion of macro 'mXPUSHi'
  269 |   #define ppp_TESTVAR(var)          STMT_START { mXPUSHi(PTR2IV(&var)); count++; } STMT_END
      |                                                  ^~~~~~~
..\..\lib\CORE/perl.h:2521:25: note: in expansion of macro 'INT2PTR'
 2521 | #define PTR2IV(p)       INT2PTR(IV,p)
      |                         ^~~~~~~
RealPPPort.xs:269:58: note: in expansion of macro 'PTR2IV'
  269 |   #define ppp_TESTVAR(var)          STMT_START { mXPUSHi(PTR2IV(&var)); count++; } STMT_END
      |                                                          ^~~~~~
RealPPPort.xs:4087:17: note: in expansion of macro 'ppp_TESTVAR'
 4087 |                 ppp_TESTVAR(PL_sv_arenaroot);
      |                 ^~~~~~~~~~~
..\..\lib\CORE/perl.h:2496:33: warning: cast from pointer to integer of different size [-Wpointer-to-int-cast]
 2496 | #  define INT2PTR(any,d)        (any)(d)
      |                                 ^
..\..\lib\CORE/embed.h:726:71: note: in definition of macro 'sv_setiv'
  726 | # define sv_setiv(a,b)                          Perl_sv_setiv(aTHX_ a,b)
      |                                                                       ^
..\..\lib\CORE/pp.h:581:52: note: in expansion of macro 'mPUSHi'
  581 | #define mXPUSHi(i)      STMT_START { EXTEND(sp,1); mPUSHi(i); } STMT_END
      |                                                    ^~~~~~
RealPPPort.xs:269:50: note: in expansion of macro 'mXPUSHi'
  269 |   #define ppp_TESTVAR(var)          STMT_START { mXPUSHi(PTR2IV(&var)); count++; } STMT_END
      |                                                  ^~~~~~~
..\..\lib\CORE/perl.h:2521:25: note: in expansion of macro 'INT2PTR'
 2521 | #define PTR2IV(p)       INT2PTR(IV,p)
      |                         ^~~~~~~
RealPPPort.xs:269:58: note: in expansion of macro 'PTR2IV'
  269 |   #define ppp_TESTVAR(var)          STMT_START { mXPUSHi(PTR2IV(&var)); count++; } STMT_END
      |                                                          ^~~~~~
RealPPPort.xs:4088:17: note: in expansion of macro 'ppp_TESTVAR'
 4088 |                 ppp_TESTVAR(PL_tainted);
      |                 ^~~~~~~~~~~
..\..\lib\CORE/perl.h:2496:33: warning: cast from pointer to integer of different size [-Wpointer-to-int-cast]
 2496 | #  define INT2PTR(any,d)        (any)(d)
      |                                 ^
..\..\lib\CORE/embed.h:726:71: note: in definition of macro 'sv_setiv'
  726 | # define sv_setiv(a,b)                          Perl_sv_setiv(aTHX_ a,b)
      |                                                                       ^
..\..\lib\CORE/pp.h:581:52: note: in expansion of macro 'mPUSHi'
  581 | #define mXPUSHi(i)      STMT_START { EXTEND(sp,1); mPUSHi(i); } STMT_END
      |                                                    ^~~~~~
RealPPPort.xs:269:50: note: in expansion of macro 'mXPUSHi'
  269 |   #define ppp_TESTVAR(var)          STMT_START { mXPUSHi(PTR2IV(&var)); count++; } STMT_END
      |                                                  ^~~~~~~
..\..\lib\CORE/perl.h:2521:25: note: in expansion of macro 'INT2PTR'
 2521 | #define PTR2IV(p)       INT2PTR(IV,p)
      |                         ^~~~~~~
RealPPPort.xs:269:58: note: in expansion of macro 'PTR2IV'
  269 |   #define ppp_TESTVAR(var)          STMT_START { mXPUSHi(PTR2IV(&var)); count++; } STMT_END
      |                                                          ^~~~~~
RealPPPort.xs:4089:17: note: in expansion of macro 'ppp_TESTVAR'
 4089 |                 ppp_TESTVAR(PL_tainting);
      |                 ^~~~~~~~~~~
gcc -c   -D_WIN32_WINNT=0x0501 -DWINVER=0x0501 -D_WIN32_WINDOWS=0x0501 -march=pentium4 -DWIN32 -DPERL_TEXTMODE_SCRIPTS -DMULTIPLICITY -DPERL_IMPLICIT_SYS -DUSE_PERLIO -D__USE_MINGW_ANSI_STDIO -fwrapv -fno-strict-aliasing -mms-bitfields -Os   -DVERSION=\"3.72\" -DXS_VERSION=\"3.72\"  "-I..\..\lib\CORE"  -W -Wall module2.c
In file included from module2.c:17:
..\..\lib\CORE/inline.h: In function 'Perl_is_utf8_invariant_string_loc':
..\..\lib\CORE/perl.h:2524:25: warning: cast from pointer to integer of different size [-Wpointer-to-int-cast]
 2524 | #define PTR2nat(p)      (PTRV)(p)       /* pointer to integer of PTRSIZE */
      |                         ^
..\..\lib\CORE/inline.h:1370:48: note: in expansion of macro 'PTR2nat'
 1370 | #  define PERL_IS_SUBWORD_ADDR(x) (1 & (       PTR2nat(x)                     \
      |                                                ^~~~~~~
..\..\lib\CORE/inline.h:1384:45: note: in expansion of macro 'PERL_IS_SUBWORD_ADDR'
 1384 |                           + PERL_WORDSIZE * PERL_IS_SUBWORD_ADDR(x)
      |                                             ^~~~~~~~~~~~~~~~~~~~
..\..\lib\CORE/perl.h:2524:25: warning: cast from pointer to integer of different size [-Wpointer-to-int-cast]
 2524 | #define PTR2nat(p)      (PTRV)(p)       /* pointer to integer of PTRSIZE */
      |                         ^
..\..\lib\CORE/inline.h:1371:46: note: in expansion of macro 'PTR2nat'
 1371 |                                       |   (  PTR2nat(x) >> 1)                 \
      |                                              ^~~~~~~
..\..\lib\CORE/inline.h:1384:45: note: in expansion of macro 'PERL_IS_SUBWORD_ADDR'
 1384 |                           + PERL_WORDSIZE * PERL_IS_SUBWORD_ADDR(x)
      |                                             ^~~~~~~~~~~~~~~~~~~~
..\..\lib\CORE/perl.h:2524:25: warning: cast from pointer to integer of different size [-Wpointer-to-int-cast]
 2524 | #define PTR2nat(p)      (PTRV)(p)       /* pointer to integer of PTRSIZE */
      |                         ^
..\..\lib\CORE/inline.h:1372:46: note: in expansion of macro 'PTR2nat'
 1372 |                                       | ( ( (PTR2nat(x)                       \
      |                                              ^~~~~~~
..\..\lib\CORE/inline.h:1384:45: note: in expansion of macro 'PERL_IS_SUBWORD_ADDR'
 1384 |                           + PERL_WORDSIZE * PERL_IS_SUBWORD_ADDR(x)
      |                                             ^~~~~~~~~~~~~~~~~~~~
..\..\lib\CORE/perl.h:2524:25: warning: cast from pointer to integer of different size [-Wpointer-to-int-cast]
 2524 | #define PTR2nat(p)      (PTRV)(p)       /* pointer to integer of PTRSIZE */
      |                         ^
..\..\lib\CORE/inline.h:1387:30: note: in expansion of macro 'PTR2nat'
 1387 |                           - (PTR2nat(x) & PERL_WORD_BOUNDARY_MASK))
      |                              ^~~~~~~
..\..\lib\CORE/perl.h:2524:25: warning: cast from pointer to integer of different size [-Wpointer-to-int-cast]
 2524 | #define PTR2nat(p)      (PTRV)(p)       /* pointer to integer of PTRSIZE */
      |                         ^
..\..\lib\CORE/inline.h:1392:16: note: in expansion of macro 'PTR2nat'
 1392 |         while (PTR2nat(x) & PERL_WORD_BOUNDARY_MASK) {
      |                ^~~~~~~
gcc -c   -D_WIN32_WINNT=0x0501 -DWINVER=0x0501 -D_WIN32_WINDOWS=0x0501 -march=pentium4 -DWIN32 -DPERL_TEXTMODE_SCRIPTS -DMULTIPLICITY -DPERL_IMPLICIT_SYS -DUSE_PERLIO -D__USE_MINGW_ANSI_STDIO -fwrapv -fno-strict-aliasing -mms-bitfields -Os   -DVERSION=\"3.72\" -DXS_VERSION=\"3.72\"  "-I..\..\lib\CORE"  -W -Wall module3.c
In file included from module3.c:17:
..\..\lib\CORE/inline.h: In function 'Perl_is_utf8_invariant_string_loc':
..\..\lib\CORE/perl.h:2524:25: warning: cast from pointer to integer of different size [-Wpointer-to-int-cast]
 2524 | #define PTR2nat(p)      (PTRV)(p)       /* pointer to integer of PTRSIZE */
      |                         ^
..\..\lib\CORE/inline.h:1370:48: note: in expansion of macro 'PTR2nat'
 1370 | #  define PERL_IS_SUBWORD_ADDR(x) (1 & (       PTR2nat(x)                     \
      |                                                ^~~~~~~
..\..\lib\CORE/inline.h:1384:45: note: in expansion of macro 'PERL_IS_SUBWORD_ADDR'
 1384 |                           + PERL_WORDSIZE * PERL_IS_SUBWORD_ADDR(x)
      |                                             ^~~~~~~~~~~~~~~~~~~~
..\..\lib\CORE/perl.h:2524:25: warning: cast from pointer to integer of different size [-Wpointer-to-int-cast]
 2524 | #define PTR2nat(p)      (PTRV)(p)       /* pointer to integer of PTRSIZE */
      |                         ^
..\..\lib\CORE/inline.h:1371:46: note: in expansion of macro 'PTR2nat'
 1371 |                                       |   (  PTR2nat(x) >> 1)                 \
      |                                              ^~~~~~~
..\..\lib\CORE/inline.h:1384:45: note: in expansion of macro 'PERL_IS_SUBWORD_ADDR'
 1384 |                           + PERL_WORDSIZE * PERL_IS_SUBWORD_ADDR(x)
      |                                             ^~~~~~~~~~~~~~~~~~~~
..\..\lib\CORE/perl.h:2524:25: warning: cast from pointer to integer of different size [-Wpointer-to-int-cast]
 2524 | #define PTR2nat(p)      (PTRV)(p)       /* pointer to integer of PTRSIZE */
      |                         ^
..\..\lib\CORE/inline.h:1372:46: note: in expansion of macro 'PTR2nat'
 1372 |                                       | ( ( (PTR2nat(x)                       \
      |                                              ^~~~~~~
..\..\lib\CORE/inline.h:1384:45: note: in expansion of macro 'PERL_IS_SUBWORD_ADDR'
 1384 |                           + PERL_WORDSIZE * PERL_IS_SUBWORD_ADDR(x)
      |                                             ^~~~~~~~~~~~~~~~~~~~
..\..\lib\CORE/perl.h:2524:25: warning: cast from pointer to integer of different size [-Wpointer-to-int-cast]
 2524 | #define PTR2nat(p)      (PTRV)(p)       /* pointer to integer of PTRSIZE */
      |                         ^
..\..\lib\CORE/inline.h:1387:30: note: in expansion of macro 'PTR2nat'
 1387 |                           - (PTR2nat(x) & PERL_WORD_BOUNDARY_MASK))
      |                              ^~~~~~~
..\..\lib\CORE/perl.h:2524:25: warning: cast from pointer to integer of different size [-Wpointer-to-int-cast]
 2524 | #define PTR2nat(p)      (PTRV)(p)       /* pointer to integer of PTRSIZE */
      |                         ^
..\..\lib\CORE/inline.h:1392:16: note: in expansion of macro 'PTR2nat'
 1392 |         while (PTR2nat(x) & PERL_WORD_BOUNDARY_MASK) {
      |                ^~~~~~~
g++ PPPort.def -o ..\..\lib\auto\Devel\PPPort\PPPort.dll -shared -s -L"c:\perl\lib\CORE" -L"C:\toolchains\w64devkit\lib" -L"C:\toolchains\w64devkit\i686-w64-mingw32\lib" -L"C:\toolchains\w64devkit\lib\gcc\i686-w64-mingw32\16.2.0" RealPPPort.o module2.o module3.o   "..\..\lib\CORE\libperl540.a" -lmoldname -lkernel32 -luser32 -lgdi32 -lwinspool -lcomdlg32 -ladvapi32 -lshell32 -lole32 -loleaut32 -lnetapi32 -luuid -lws2_32 -lmpr -lwinmm -lversion -lodbc32 -lodbccp32 -lcomctl32 -Wl,--enable-auto-image-base
"D:\perl-xp\perl-5.40.3\miniperl.exe" "-I..\..\lib" -MExtUtils::Command -e chmod -- 755 ..\..\lib\auto\Devel\PPPort\PPPort.dll
gmake[1]: Leaving directory 'D:/perl-xp/perl-5.40.3/dist/Devel-PPPort'
Generating a gmake-style Makefile
Writing Makefile for Devel::Peek
gmake[1]: Entering directory 'D:/perl-xp/perl-5.40.3/ext/Devel-Peek'
Running Mkbootstrap for Peek ()
"D:\perl-xp\perl-5.40.3\miniperl.exe" "-I..\..\lib" -MExtUtils::Command -e chmod -- 644 "Peek.bs"
"D:\perl-xp\perl-5.40.3\miniperl.exe" "-I..\..\lib" -MExtUtils::Command::MM -e cp_nonempty -- Peek.bs ..\..\lib\auto\Devel\Peek\Peek.bs 644
gcc -c   -D_WIN32_WINNT=0x0501 -DWINVER=0x0501 -D_WIN32_WINDOWS=0x0501 -march=pentium4 -DWIN32 -DPERL_TEXTMODE_SCRIPTS -DMULTIPLICITY -DPERL_IMPLICIT_SYS -DUSE_PERLIO -D__USE_MINGW_ANSI_STDIO -fwrapv -fno-strict-aliasing -mms-bitfields -Os   -DVERSION=\"1.34\" -DXS_VERSION=\"1.34\"  "-I..\..\lib\CORE"   Peek.c
In file included from Peek.xs:3:
..\..\lib\CORE/inline.h: In function 'Perl_is_utf8_invariant_string_loc':
..\..\lib\CORE/perl.h:2524:25: warning: cast from pointer to integer of different size [-Wpointer-to-int-cast]
 2524 | #define PTR2nat(p)      (PTRV)(p)       /* pointer to integer of PTRSIZE */
      |                         ^
..\..\lib\CORE/inline.h:1370:48: note: in expansion of macro 'PTR2nat'
 1370 | #  define PERL_IS_SUBWORD_ADDR(x) (1 & (       PTR2nat(x)                     \
      |                                                ^~~~~~~
..\..\lib\CORE/inline.h:1384:45: note: in expansion of macro 'PERL_IS_SUBWORD_ADDR'
 1384 |                           + PERL_WORDSIZE * PERL_IS_SUBWORD_ADDR(x)
      |                                             ^~~~~~~~~~~~~~~~~~~~
..\..\lib\CORE/perl.h:2524:25: warning: cast from pointer to integer of different size [-Wpointer-to-int-cast]
 2524 | #define PTR2nat(p)      (PTRV)(p)       /* pointer to integer of PTRSIZE */
      |                         ^
..\..\lib\CORE/inline.h:1371:46: note: in expansion of macro 'PTR2nat'
 1371 |                                       |   (  PTR2nat(x) >> 1)                 \
      |                                              ^~~~~~~
..\..\lib\CORE/inline.h:1384:45: note: in expansion of macro 'PERL_IS_SUBWORD_ADDR'
 1384 |                           + PERL_WORDSIZE * PERL_IS_SUBWORD_ADDR(x)
      |                                             ^~~~~~~~~~~~~~~~~~~~
..\..\lib\CORE/perl.h:2524:25: warning: cast from pointer to integer of different size [-Wpointer-to-int-cast]
 2524 | #define PTR2nat(p)      (PTRV)(p)       /* pointer to integer of PTRSIZE */
      |                         ^
..\..\lib\CORE/inline.h:1372:46: note: in expansion of macro 'PTR2nat'
 1372 |                                       | ( ( (PTR2nat(x)                       \
      |                                              ^~~~~~~
..\..\lib\CORE/inline.h:1384:45: note: in expansion of macro 'PERL_IS_SUBWORD_ADDR'
 1384 |                           + PERL_WORDSIZE * PERL_IS_SUBWORD_ADDR(x)
      |                                             ^~~~~~~~~~~~~~~~~~~~
..\..\lib\CORE/perl.h:2524:25: warning: cast from pointer to integer of different size [-Wpointer-to-int-cast]
 2524 | #define PTR2nat(p)      (PTRV)(p)       /* pointer to integer of PTRSIZE */
      |                         ^
..\..\lib\CORE/inline.h:1387:30: note: in expansion of macro 'PTR2nat'
 1387 |                           - (PTR2nat(x) & PERL_WORD_BOUNDARY_MASK))
      |                              ^~~~~~~
..\..\lib\CORE/perl.h:2524:25: warning: cast from pointer to integer of different size [-Wpointer-to-int-cast]
 2524 | #define PTR2nat(p)      (PTRV)(p)       /* pointer to integer of PTRSIZE */
      |                         ^
..\..\lib\CORE/inline.h:1392:16: note: in expansion of macro 'PTR2nat'
 1392 |         while (PTR2nat(x) & PERL_WORD_BOUNDARY_MASK) {
      |                ^~~~~~~
Peek.xs: In function 'XS_Devel__Peek_DumpArray':
..\..\lib\CORE/perl.h:2496:33: warning: cast from pointer to integer of different size [-Wpointer-to-int-cast]
 2496 | #  define INT2PTR(any,d)        (any)(d)
      |                                 ^
..\..\lib\CORE/perl.h:2522:25: note: in expansion of macro 'INT2PTR'
 2522 | #define PTR2UV(p)       INT2PTR(UV,p)
      |                         ^~~~~~~
Peek.xs:464:76: note: in expansion of macro 'PTR2UV'
  464 |         PerlIO_printf(Perl_debug_log, "Elt No. %ld  0x%" UVxf "\n", i - 1, PTR2UV(ST(i)));
      |                                                                            ^~~~~~
g++ Peek.def -o ..\..\lib\auto\Devel\Peek\Peek.dll -shared -s -L"c:\perl\lib\CORE" -L"C:\toolchains\w64devkit\lib" -L"C:\toolchains\w64devkit\i686-w64-mingw32\lib" -L"C:\toolchains\w64devkit\lib\gcc\i686-w64-mingw32\16.2.0" Peek.o   "..\..\lib\CORE\libperl540.a" -lmoldname -lkernel32 -luser32 -lgdi32 -lwinspool -lcomdlg32 -ladvapi32 -lshell32 -lole32 -loleaut32 -lnetapi32 -luuid -lws2_32 -lmpr -lwinmm -lversion -lodbc32 -lodbccp32 -lcomctl32 -Wl,--enable-auto-image-base
"D:\perl-xp\perl-5.40.3\miniperl.exe" "-I..\..\lib" -MExtUtils::Command -e chmod -- 755 ..\..\lib\auto\Devel\Peek\Peek.dll
gmake[1]: Leaving directory 'D:/perl-xp/perl-5.40.3/ext/Devel-Peek'
Generating a gmake-style Makefile
Writing Makefile for Digest::MD5
gmake[1]: Entering directory 'D:/perl-xp/perl-5.40.3/cpan/Digest-MD5'
Running Mkbootstrap for MD5 ()
"D:\perl-xp\perl-5.40.3\miniperl.exe" "-I..\..\lib" -MExtUtils::Command -e chmod -- 644 "MD5.bs"
"D:\perl-xp\perl-5.40.3\miniperl.exe" "-I..\..\lib" -MExtUtils::Command::MM -e cp_nonempty -- MD5.bs ..\..\lib\auto\Digest\MD5\MD5.bs 644
gcc -c   -D_WIN32_WINNT=0x0501 -DWINVER=0x0501 -D_WIN32_WINDOWS=0x0501 -march=pentium4 -DWIN32 -DPERL_TEXTMODE_SCRIPTS -DMULTIPLICITY -DPERL_IMPLICIT_SYS -DUSE_PERLIO -D__USE_MINGW_ANSI_STDIO -fwrapv -fno-strict-aliasing -mms-bitfields -Os   -DVERSION=\"2.58_01\" -DXS_VERSION=\"2.58_01\"  "-I..\..\lib\CORE"   MD5.c
In file included from MD5.xs:37:
..\..\lib\CORE/inline.h: In function 'Perl_is_utf8_invariant_string_loc':
..\..\lib\CORE/perl.h:2524:25: warning: cast from pointer to integer of different size [-Wpointer-to-int-cast]
 2524 | #define PTR2nat(p)      (PTRV)(p)       /* pointer to integer of PTRSIZE */
      |                         ^
..\..\lib\CORE/inline.h:1370:48: note: in expansion of macro 'PTR2nat'
 1370 | #  define PERL_IS_SUBWORD_ADDR(x) (1 & (       PTR2nat(x)                     \
      |                                                ^~~~~~~
..\..\lib\CORE/inline.h:1384:45: note: in expansion of macro 'PERL_IS_SUBWORD_ADDR'
 1384 |                           + PERL_WORDSIZE * PERL_IS_SUBWORD_ADDR(x)
      |                                             ^~~~~~~~~~~~~~~~~~~~
..\..\lib\CORE/perl.h:2524:25: warning: cast from pointer to integer of different size [-Wpointer-to-int-cast]
 2524 | #define PTR2nat(p)      (PTRV)(p)       /* pointer to integer of PTRSIZE */
      |                         ^
..\..\lib\CORE/inline.h:1371:46: note: in expansion of macro 'PTR2nat'
 1371 |                                       |   (  PTR2nat(x) >> 1)                 \
      |                                              ^~~~~~~
..\..\lib\CORE/inline.h:1384:45: note: in expansion of macro 'PERL_IS_SUBWORD_ADDR'
 1384 |                           + PERL_WORDSIZE * PERL_IS_SUBWORD_ADDR(x)
      |                                             ^~~~~~~~~~~~~~~~~~~~
..\..\lib\CORE/perl.h:2524:25: warning: cast from pointer to integer of different size [-Wpointer-to-int-cast]
 2524 | #define PTR2nat(p)      (PTRV)(p)       /* pointer to integer of PTRSIZE */
      |                         ^
..\..\lib\CORE/inline.h:1372:46: note: in expansion of macro 'PTR2nat'
 1372 |                                       | ( ( (PTR2nat(x)                       \
      |                                              ^~~~~~~
..\..\lib\CORE/inline.h:1384:45: note: in expansion of macro 'PERL_IS_SUBWORD_ADDR'
 1384 |                           + PERL_WORDSIZE * PERL_IS_SUBWORD_ADDR(x)
      |                                             ^~~~~~~~~~~~~~~~~~~~
..\..\lib\CORE/perl.h:2524:25: warning: cast from pointer to integer of different size [-Wpointer-to-int-cast]
 2524 | #define PTR2nat(p)      (PTRV)(p)       /* pointer to integer of PTRSIZE */
      |                         ^
..\..\lib\CORE/inline.h:1387:30: note: in expansion of macro 'PTR2nat'
 1387 |                           - (PTR2nat(x) & PERL_WORD_BOUNDARY_MASK))
      |                              ^~~~~~~
..\..\lib\CORE/perl.h:2524:25: warning: cast from pointer to integer of different size [-Wpointer-to-int-cast]
 2524 | #define PTR2nat(p)      (PTRV)(p)       /* pointer to integer of PTRSIZE */
      |                         ^
..\..\lib\CORE/inline.h:1392:16: note: in expansion of macro 'PTR2nat'
 1392 |         while (PTR2nat(x) & PERL_WORD_BOUNDARY_MASK) {
      |                ^~~~~~~
g++ MD5.def -o ..\..\lib\auto\Digest\MD5\MD5.dll -shared -s -L"c:\perl\lib\CORE" -L"C:\toolchains\w64devkit\lib" -L"C:\toolchains\w64devkit\i686-w64-mingw32\lib" -L"C:\toolchains\w64devkit\lib\gcc\i686-w64-mingw32\16.2.0" MD5.o   "..\..\lib\CORE\libperl540.a" -lmoldname -lkernel32 -luser32 -lgdi32 -lwinspool -lcomdlg32 -ladvapi32 -lshell32 -lole32 -loleaut32 -lnetapi32 -luuid -lws2_32 -lmpr -lwinmm -lversion -lodbc32 -lodbccp32 -lcomctl32 -Wl,--enable-auto-image-base
"D:\perl-xp\perl-5.40.3\miniperl.exe" "-I..\..\lib" -MExtUtils::Command -e chmod -- 755 ..\..\lib\auto\Digest\MD5\MD5.dll
gmake[1]: Leaving directory 'D:/perl-xp/perl-5.40.3/cpan/Digest-MD5'
Generating a gmake-style Makefile
Writing Makefile for Digest::SHA
gmake[1]: Entering directory 'D:/perl-xp/perl-5.40.3/cpan/Digest-SHA'
Running Mkbootstrap for SHA ()
"D:\perl-xp\perl-5.40.3\miniperl.exe" "-I..\..\lib" -MExtUtils::Command -e chmod -- 644 "SHA.bs"
"D:\perl-xp\perl-5.40.3\miniperl.exe" "-I..\..\lib" -MExtUtils::Command::MM -e cp_nonempty -- SHA.bs ..\..\lib\auto\Digest\SHA\SHA.bs 644
gcc -c  -I. -D_WIN32_WINNT=0x0501 -DWINVER=0x0501 -D_WIN32_WINDOWS=0x0501 -march=pentium4 -DWIN32 -DPERL_TEXTMODE_SCRIPTS -DMULTIPLICITY -DPERL_IMPLICIT_SYS -DUSE_PERLIO -D__USE_MINGW_ANSI_STDIO -fwrapv -fno-strict-aliasing -mms-bitfields -Os   -DVERSION=\"6.04\" -DXS_VERSION=\"6.04\"  "-I..\..\lib\CORE"   SHA.c
In file included from SHA.xs:3:
..\..\lib\CORE/inline.h: In function 'Perl_is_utf8_invariant_string_loc':
..\..\lib\CORE/perl.h:2524:25: warning: cast from pointer to integer of different size [-Wpointer-to-int-cast]
 2524 | #define PTR2nat(p)      (PTRV)(p)       /* pointer to integer of PTRSIZE */
      |                         ^
..\..\lib\CORE/inline.h:1370:48: note: in expansion of macro 'PTR2nat'
 1370 | #  define PERL_IS_SUBWORD_ADDR(x) (1 & (       PTR2nat(x)                     \
      |                                                ^~~~~~~
..\..\lib\CORE/inline.h:1384:45: note: in expansion of macro 'PERL_IS_SUBWORD_ADDR'
 1384 |                           + PERL_WORDSIZE * PERL_IS_SUBWORD_ADDR(x)
      |                                             ^~~~~~~~~~~~~~~~~~~~
..\..\lib\CORE/perl.h:2524:25: warning: cast from pointer to integer of different size [-Wpointer-to-int-cast]
 2524 | #define PTR2nat(p)      (PTRV)(p)       /* pointer to integer of PTRSIZE */
      |                         ^
..\..\lib\CORE/inline.h:1371:46: note: in expansion of macro 'PTR2nat'
 1371 |                                       |   (  PTR2nat(x) >> 1)                 \
      |                                              ^~~~~~~
..\..\lib\CORE/inline.h:1384:45: note: in expansion of macro 'PERL_IS_SUBWORD_ADDR'
 1384 |                           + PERL_WORDSIZE * PERL_IS_SUBWORD_ADDR(x)
      |                                             ^~~~~~~~~~~~~~~~~~~~
..\..\lib\CORE/perl.h:2524:25: warning: cast from pointer to integer of different size [-Wpointer-to-int-cast]
 2524 | #define PTR2nat(p)      (PTRV)(p)       /* pointer to integer of PTRSIZE */
      |                         ^
..\..\lib\CORE/inline.h:1372:46: note: in expansion of macro 'PTR2nat'
 1372 |                                       | ( ( (PTR2nat(x)                       \
      |                                              ^~~~~~~
..\..\lib\CORE/inline.h:1384:45: note: in expansion of macro 'PERL_IS_SUBWORD_ADDR'
 1384 |                           + PERL_WORDSIZE * PERL_IS_SUBWORD_ADDR(x)
      |                                             ^~~~~~~~~~~~~~~~~~~~
..\..\lib\CORE/perl.h:2524:25: warning: cast from pointer to integer of different size [-Wpointer-to-int-cast]
 2524 | #define PTR2nat(p)      (PTRV)(p)       /* pointer to integer of PTRSIZE */
      |                         ^
..\..\lib\CORE/inline.h:1387:30: note: in expansion of macro 'PTR2nat'
 1387 |                           - (PTR2nat(x) & PERL_WORD_BOUNDARY_MASK))
      |                              ^~~~~~~
..\..\lib\CORE/perl.h:2524:25: warning: cast from pointer to integer of different size [-Wpointer-to-int-cast]
 2524 | #define PTR2nat(p)      (PTRV)(p)       /* pointer to integer of PTRSIZE */
      |                         ^
..\..\lib\CORE/inline.h:1392:16: note: in expansion of macro 'PTR2nat'
 1392 |         while (PTR2nat(x) & PERL_WORD_BOUNDARY_MASK) {
      |                ^~~~~~~
SHA.xs: In function 'getSHA':
..\..\lib\CORE/perl.h:2496:33: warning: cast to pointer from integer of different size [-Wint-to-pointer-cast]
 2496 | #  define INT2PTR(any,d)        (any)(d)
      |                                 ^
SHA.xs:52:16: note: in expansion of macro 'INT2PTR'
   52 |         return INT2PTR(SHA *, SvIV(SvRV(self)));
      |                ^~~~~~~
g++ SHA.def -o ..\..\lib\auto\Digest\SHA\SHA.dll -shared -s -L"c:\perl\lib\CORE" -L"C:\toolchains\w64devkit\lib" -L"C:\toolchains\w64devkit\i686-w64-mingw32\lib" -L"C:\toolchains\w64devkit\lib\gcc\i686-w64-mingw32\16.2.0" SHA.o   "..\..\lib\CORE\libperl540.a" -lmoldname -lkernel32 -luser32 -lgdi32 -lwinspool -lcomdlg32 -ladvapi32 -lshell32 -lole32 -loleaut32 -lnetapi32 -luuid -lws2_32 -lmpr -lwinmm -lversion -lodbc32 -lodbccp32 -lcomctl32 -Wl,--enable-auto-image-base
"D:\perl-xp\perl-5.40.3\miniperl.exe" "-I..\..\lib" -MExtUtils::Command -e chmod -- 755 ..\..\lib\auto\Digest\SHA\SHA.dll
"D:\perl-xp\perl-5.40.3\miniperl.exe" "-I..\..\lib" -MExtUtils::Command -e cp -- shasum blib\script\shasum
"D:\perl-xp\perl-5.40.3\miniperl.exe" "-I..\..\lib" -I..\..\cpan\ExtUtils-PL2Bat\lib ..\..\win32\bin\pl2bat.pl blib\script\shasum
gmake[1]: Leaving directory 'D:/perl-xp/perl-5.40.3/cpan/Digest-SHA'
Generating a gmake-style Makefile
Writing Makefile for Encode
gmake[1]: Entering directory 'D:/perl-xp/perl-5.40.3/cpan/Encode'
gmake[2]: Entering directory 'D:/perl-xp/perl-5.40.3/cpan/Encode/Byte'
Running Mkbootstrap for Byte ()
"D:\perl-xp\perl-5.40.3\miniperl.exe" "-I..\..\..\lib" -MExtUtils::Command -e chmod -- 644 "Byte.bs"
"D:\perl-xp\perl-5.40.3\miniperl.exe" "-I..\..\..\lib" -MExtUtils::Command::MM -e cp_nonempty -- Byte.bs ..\..\..\lib\auto\Encode\Byte\Byte.bs 644
"D:\perl-xp\perl-5.40.3\miniperl.exe" "-I..\..\..\lib" "D:\perl-xp\perl-5.40.3\dist\ExtUtils-ParseXS\lib\ExtUtils/xsubpp"  -nolinenumbers -typemap D:\perl-xp\perl-5.40.3\lib\ExtUtils\typemap  Byte.xs > Byte.xsc
"D:\perl-xp\perl-5.40.3\miniperl.exe" "-I..\..\..\lib" -MExtUtils::Command -e mv -- Byte.xsc Byte.c
gcc -c -IEncode  -I../Encode -D_WIN32_WINNT=0x0501 -DWINVER=0x0501 -D_WIN32_WINDOWS=0x0501 -march=pentium4 -DWIN32 -DPERL_TEXTMODE_SCRIPTS -DMULTIPLICITY -DPERL_IMPLICIT_SYS -DUSE_PERLIO -D__USE_MINGW_ANSI_STDIO -fwrapv -fno-strict-aliasing -mms-bitfields -Os   -DVERSION=\"2.04\" -DXS_VERSION=\"2.04\"  "-I..\..\..\lib\CORE"   Byte.c
In file included from Byte.c:11:
..\..\..\lib\CORE/inline.h: In function 'Perl_is_utf8_invariant_string_loc':
..\..\..\lib\CORE/perl.h:2524:25: warning: cast from pointer to integer of different size [-Wpointer-to-int-cast]
 2524 | #define PTR2nat(p)      (PTRV)(p)       /* pointer to integer of PTRSIZE */
      |                         ^
..\..\..\lib\CORE/inline.h:1370:48: note: in expansion of macro 'PTR2nat'
 1370 | #  define PERL_IS_SUBWORD_ADDR(x) (1 & (       PTR2nat(x)                     \
      |                                                ^~~~~~~
..\..\..\lib\CORE/inline.h:1384:45: note: in expansion of macro 'PERL_IS_SUBWORD_ADDR'
 1384 |                           + PERL_WORDSIZE * PERL_IS_SUBWORD_ADDR(x)
      |                                             ^~~~~~~~~~~~~~~~~~~~
..\..\..\lib\CORE/perl.h:2524:25: warning: cast from pointer to integer of different size [-Wpointer-to-int-cast]
 2524 | #define PTR2nat(p)      (PTRV)(p)       /* pointer to integer of PTRSIZE */
      |                         ^
..\..\..\lib\CORE/inline.h:1371:46: note: in expansion of macro 'PTR2nat'
 1371 |                                       |   (  PTR2nat(x) >> 1)                 \
      |                                              ^~~~~~~
..\..\..\lib\CORE/inline.h:1384:45: note: in expansion of macro 'PERL_IS_SUBWORD_ADDR'
 1384 |                           + PERL_WORDSIZE * PERL_IS_SUBWORD_ADDR(x)
      |                                             ^~~~~~~~~~~~~~~~~~~~
..\..\..\lib\CORE/perl.h:2524:25: warning: cast from pointer to integer of different size [-Wpointer-to-int-cast]
 2524 | #define PTR2nat(p)      (PTRV)(p)       /* pointer to integer of PTRSIZE */
      |                         ^
..\..\..\lib\CORE/inline.h:1372:46: note: in expansion of macro 'PTR2nat'
 1372 |                                       | ( ( (PTR2nat(x)                       \
      |                                              ^~~~~~~
..\..\..\lib\CORE/inline.h:1384:45: note: in expansion of macro 'PERL_IS_SUBWORD_ADDR'
 1384 |                           + PERL_WORDSIZE * PERL_IS_SUBWORD_ADDR(x)
      |                                             ^~~~~~~~~~~~~~~~~~~~
..\..\..\lib\CORE/perl.h:2524:25: warning: cast from pointer to integer of different size [-Wpointer-to-int-cast]
 2524 | #define PTR2nat(p)      (PTRV)(p)       /* pointer to integer of PTRSIZE */
      |                         ^
..\..\..\lib\CORE/inline.h:1387:30: note: in expansion of macro 'PTR2nat'
 1387 |                           - (PTR2nat(x) & PERL_WORD_BOUNDARY_MASK))
      |                              ^~~~~~~
..\..\..\lib\CORE/perl.h:2524:25: warning: cast from pointer to integer of different size [-Wpointer-to-int-cast]
 2524 | #define PTR2nat(p)      (PTRV)(p)       /* pointer to integer of PTRSIZE */
      |                         ^
..\..\..\lib\CORE/inline.h:1392:16: note: in expansion of macro 'PTR2nat'
 1392 |         while (PTR2nat(x) & PERL_WORD_BOUNDARY_MASK) {
      |                ^~~~~~~
In file included from ..\..\..\lib\CORE/perl.h:6225:
Byte.c: In function 'Encode_XSEncoding':
..\..\..\lib\CORE/perl.h:2496:33: warning: cast from pointer to integer of different size [-Wpointer-to-int-cast]
 2496 | #  define INT2PTR(any,d)        (any)(d)
      |                                 ^
..\..\..\lib\CORE/embed.h:436:68: note: in definition of macro 'newSViv'
  436 | # define newSViv(a)                             Perl_newSViv(aTHX_ a)
      |                                                                    ^
..\..\..\lib\CORE/perl.h:2521:25: note: in expansion of macro 'INT2PTR'
 2521 | #define PTR2IV(p)       INT2PTR(IV,p)
      |                         ^~~~~~~
Byte.c:21:22: note: in expansion of macro 'PTR2IV'
   21 |  SV *iv    = newSViv(PTR2IV(enc));
      |                      ^~~~~~
gcc -c -IEncode  -I../Encode -D_WIN32_WINNT=0x0501 -DWINVER=0x0501 -D_WIN32_WINDOWS=0x0501 -march=pentium4 -DWIN32 -DPERL_TEXTMODE_SCRIPTS -DMULTIPLICITY -DPERL_IMPLICIT_SYS -DUSE_PERLIO -D__USE_MINGW_ANSI_STDIO -fwrapv -fno-strict-aliasing -mms-bitfields -Os   -DVERSION=\"2.04\" -DXS_VERSION=\"2.04\"  "-I..\..\..\lib\CORE"   byte_t.c
g++ Byte.def -o ..\..\..\lib\auto\Encode\Byte\Byte.dll -shared -s -L"c:\perl\lib\CORE" -L"C:\toolchains\w64devkit\lib" -L"C:\toolchains\w64devkit\i686-w64-mingw32\lib" -L"C:\toolchains\w64devkit\lib\gcc\i686-w64-mingw32\16.2.0" Byte.o byte_t.o   "..\..\..\lib\CORE\libperl540.a" -lmoldname -lkernel32 -luser32 -lgdi32 -lwinspool -lcomdlg32 -ladvapi32 -lshell32 -lole32 -loleaut32 -lnetapi32 -luuid -lws2_32 -lmpr -lwinmm -lversion -lodbc32 -lodbccp32 -lcomctl32 -Wl,--enable-auto-image-base
"D:\perl-xp\perl-5.40.3\miniperl.exe" "-I..\..\..\lib" -MExtUtils::Command -e chmod -- 755 ..\..\..\lib\auto\Encode\Byte\Byte.dll
gmake[2]: Leaving directory 'D:/perl-xp/perl-5.40.3/cpan/Encode/Byte'
gmake[2]: Entering directory 'D:/perl-xp/perl-5.40.3/cpan/Encode/CN'
Running Mkbootstrap for CN ()
"D:\perl-xp\perl-5.40.3\miniperl.exe" "-I..\..\..\lib" -MExtUtils::Command -e chmod -- 644 "CN.bs"
"D:\perl-xp\perl-5.40.3\miniperl.exe" "-I..\..\..\lib" -MExtUtils::Command::MM -e cp_nonempty -- CN.bs ..\..\..\lib\auto\Encode\CN\CN.bs 644
"D:\perl-xp\perl-5.40.3\miniperl.exe" "-I..\..\..\lib" "D:\perl-xp\perl-5.40.3\dist\ExtUtils-ParseXS\lib\ExtUtils/xsubpp" -noprototypes -nolinenumbers -typemap D:\perl-xp\perl-5.40.3\lib\ExtUtils\typemap  CN.xs > CN.xsc
"D:\perl-xp\perl-5.40.3\miniperl.exe" "-I..\..\..\lib" -MExtUtils::Command -e mv -- CN.xsc CN.c
gcc -c -IEncode  -I../Encode -D_WIN32_WINNT=0x0501 -DWINVER=0x0501 -D_WIN32_WINDOWS=0x0501 -march=pentium4 -DWIN32 -DPERL_TEXTMODE_SCRIPTS -DMULTIPLICITY -DPERL_IMPLICIT_SYS -DUSE_PERLIO -D__USE_MINGW_ANSI_STDIO -fwrapv -fno-strict-aliasing -mms-bitfields -Os   -DVERSION=\"2.03\" -DXS_VERSION=\"2.03\"  "-I..\..\..\lib\CORE"   CN.c
In file included from CN.c:11:
..\..\..\lib\CORE/inline.h: In function 'Perl_is_utf8_invariant_string_loc':
..\..\..\lib\CORE/perl.h:2524:25: warning: cast from pointer to integer of different size [-Wpointer-to-int-cast]
 2524 | #define PTR2nat(p)      (PTRV)(p)       /* pointer to integer of PTRSIZE */
      |                         ^
..\..\..\lib\CORE/inline.h:1370:48: note: in expansion of macro 'PTR2nat'
 1370 | #  define PERL_IS_SUBWORD_ADDR(x) (1 & (       PTR2nat(x)                     \
      |                                                ^~~~~~~
..\..\..\lib\CORE/inline.h:1384:45: note: in expansion of macro 'PERL_IS_SUBWORD_ADDR'
 1384 |                           + PERL_WORDSIZE * PERL_IS_SUBWORD_ADDR(x)
      |                                             ^~~~~~~~~~~~~~~~~~~~
..\..\..\lib\CORE/perl.h:2524:25: warning: cast from pointer to integer of different size [-Wpointer-to-int-cast]
 2524 | #define PTR2nat(p)      (PTRV)(p)       /* pointer to integer of PTRSIZE */
      |                         ^
..\..\..\lib\CORE/inline.h:1371:46: note: in expansion of macro 'PTR2nat'
 1371 |                                       |   (  PTR2nat(x) >> 1)                 \
      |                                              ^~~~~~~
..\..\..\lib\CORE/inline.h:1384:45: note: in expansion of macro 'PERL_IS_SUBWORD_ADDR'
 1384 |                           + PERL_WORDSIZE * PERL_IS_SUBWORD_ADDR(x)
      |                                             ^~~~~~~~~~~~~~~~~~~~
..\..\..\lib\CORE/perl.h:2524:25: warning: cast from pointer to integer of different size [-Wpointer-to-int-cast]
 2524 | #define PTR2nat(p)      (PTRV)(p)       /* pointer to integer of PTRSIZE */
      |                         ^
..\..\..\lib\CORE/inline.h:1372:46: note: in expansion of macro 'PTR2nat'
 1372 |                                       | ( ( (PTR2nat(x)                       \
      |                                              ^~~~~~~
..\..\..\lib\CORE/inline.h:1384:45: note: in expansion of macro 'PERL_IS_SUBWORD_ADDR'
 1384 |                           + PERL_WORDSIZE * PERL_IS_SUBWORD_ADDR(x)
      |                                             ^~~~~~~~~~~~~~~~~~~~
..\..\..\lib\CORE/perl.h:2524:25: warning: cast from pointer to integer of different size [-Wpointer-to-int-cast]
 2524 | #define PTR2nat(p)      (PTRV)(p)       /* pointer to integer of PTRSIZE */
      |                         ^
..\..\..\lib\CORE/inline.h:1387:30: note: in expansion of macro 'PTR2nat'
 1387 |                           - (PTR2nat(x) & PERL_WORD_BOUNDARY_MASK))
      |                              ^~~~~~~
..\..\..\lib\CORE/perl.h:2524:25: warning: cast from pointer to integer of different size [-Wpointer-to-int-cast]
 2524 | #define PTR2nat(p)      (PTRV)(p)       /* pointer to integer of PTRSIZE */
      |                         ^
..\..\..\lib\CORE/inline.h:1392:16: note: in expansion of macro 'PTR2nat'
 1392 |         while (PTR2nat(x) & PERL_WORD_BOUNDARY_MASK) {
      |                ^~~~~~~
In file included from ..\..\..\lib\CORE/perl.h:6225:
CN.c: In function 'Encode_XSEncoding':
..\..\..\lib\CORE/perl.h:2496:33: warning: cast from pointer to integer of different size [-Wpointer-to-int-cast]
 2496 | #  define INT2PTR(any,d)        (any)(d)
      |                                 ^
..\..\..\lib\CORE/embed.h:436:68: note: in definition of macro 'newSViv'
  436 | # define newSViv(a)                             Perl_newSViv(aTHX_ a)
      |                                                                    ^
..\..\..\lib\CORE/perl.h:2521:25: note: in expansion of macro 'INT2PTR'
 2521 | #define PTR2IV(p)       INT2PTR(IV,p)
      |                         ^~~~~~~
CN.c:26:22: note: in expansion of macro 'PTR2IV'
   26 |  SV *iv    = newSViv(PTR2IV(enc));
      |                      ^~~~~~
gcc -c -IEncode  -I../Encode -D_WIN32_WINNT=0x0501 -DWINVER=0x0501 -D_WIN32_WINDOWS=0x0501 -march=pentium4 -DWIN32 -DPERL_TEXTMODE_SCRIPTS -DMULTIPLICITY -DPERL_IMPLICIT_SYS -DUSE_PERLIO -D__USE_MINGW_ANSI_STDIO -fwrapv -fno-strict-aliasing -mms-bitfields -Os   -DVERSION=\"2.03\" -DXS_VERSION=\"2.03\"  "-I..\..\..\lib\CORE"   cp_00_t.c
gcc -c -IEncode  -I../Encode -D_WIN32_WINNT=0x0501 -DWINVER=0x0501 -D_WIN32_WINDOWS=0x0501 -march=pentium4 -DWIN32 -DPERL_TEXTMODE_SCRIPTS -DMULTIPLICITY -DPERL_IMPLICIT_SYS -DUSE_PERLIO -D__USE_MINGW_ANSI_STDIO -fwrapv -fno-strict-aliasing -mms-bitfields -Os   -DVERSION=\"2.03\" -DXS_VERSION=\"2.03\"  "-I..\..\..\lib\CORE"   eu_01_t.c
gcc -c -IEncode  -I../Encode -D_WIN32_WINNT=0x0501 -DWINVER=0x0501 -D_WIN32_WINDOWS=0x0501 -march=pentium4 -DWIN32 -DPERL_TEXTMODE_SCRIPTS -DMULTIPLICITY -DPERL_IMPLICIT_SYS -DUSE_PERLIO -D__USE_MINGW_ANSI_STDIO -fwrapv -fno-strict-aliasing -mms-bitfields -Os   -DVERSION=\"2.03\" -DXS_VERSION=\"2.03\"  "-I..\..\..\lib\CORE"   gb_02_t.c
gcc -c -IEncode  -I../Encode -D_WIN32_WINNT=0x0501 -DWINVER=0x0501 -D_WIN32_WINDOWS=0x0501 -march=pentium4 -DWIN32 -DPERL_TEXTMODE_SCRIPTS -DMULTIPLICITY -DPERL_IMPLICIT_SYS -DUSE_PERLIO -D__USE_MINGW_ANSI_STDIO -fwrapv -fno-strict-aliasing -mms-bitfields -Os   -DVERSION=\"2.03\" -DXS_VERSION=\"2.03\"  "-I..\..\..\lib\CORE"   gb_03_t.c
gcc -c -IEncode  -I../Encode -D_WIN32_WINNT=0x0501 -DWINVER=0x0501 -D_WIN32_WINDOWS=0x0501 -march=pentium4 -DWIN32 -DPERL_TEXTMODE_SCRIPTS -DMULTIPLICITY -DPERL_IMPLICIT_SYS -DUSE_PERLIO -D__USE_MINGW_ANSI_STDIO -fwrapv -fno-strict-aliasing -mms-bitfields -Os   -DVERSION=\"2.03\" -DXS_VERSION=\"2.03\"  "-I..\..\..\lib\CORE"   ir_04_t.c
gcc -c -IEncode  -I../Encode -D_WIN32_WINNT=0x0501 -DWINVER=0x0501 -D_WIN32_WINDOWS=0x0501 -march=pentium4 -DWIN32 -DPERL_TEXTMODE_SCRIPTS -DMULTIPLICITY -DPERL_IMPLICIT_SYS -DUSE_PERLIO -D__USE_MINGW_ANSI_STDIO -fwrapv -fno-strict-aliasing -mms-bitfields -Os   -DVERSION=\"2.03\" -DXS_VERSION=\"2.03\"  "-I..\..\..\lib\CORE"   ma_05_t.c
g++ CN.def -o ..\..\..\lib\auto\Encode\CN\CN.dll -shared -s -L"c:\perl\lib\CORE" -L"C:\toolchains\w64devkit\lib" -L"C:\toolchains\w64devkit\i686-w64-mingw32\lib" -L"C:\toolchains\w64devkit\lib\gcc\i686-w64-mingw32\16.2.0" CN.o cp_00_t.o eu_01_t.o gb_02_t.o gb_03_t.o ir_04_t.o ma_05_t.o   "..\..\..\lib\CORE\libperl540.a" -lmoldname -lkernel32 -luser32 -lgdi32 -lwinspool -lcomdlg32 -ladvapi32 -lshell32 -lole32 -loleaut32 -lnetapi32 -luuid -lws2_32 -lmpr -lwinmm -lversion -lodbc32 -lodbccp32 -lcomctl32 -Wl,--enable-auto-image-base
"D:\perl-xp\perl-5.40.3\miniperl.exe" "-I..\..\..\lib" -MExtUtils::Command -e chmod -- 755 ..\..\..\lib\auto\Encode\CN\CN.dll
gmake[2]: Leaving directory 'D:/perl-xp/perl-5.40.3/cpan/Encode/CN'
gmake[2]: Entering directory 'D:/perl-xp/perl-5.40.3/cpan/Encode/EBCDIC'
Running Mkbootstrap for EBCDIC ()
"D:\perl-xp\perl-5.40.3\miniperl.exe" "-I..\..\..\lib" -MExtUtils::Command -e chmod -- 644 "EBCDIC.bs"
"D:\perl-xp\perl-5.40.3\miniperl.exe" "-I..\..\..\lib" -MExtUtils::Command::MM -e cp_nonempty -- EBCDIC.bs ..\..\..\lib\auto\Encode\EBCDIC\EBCDIC.bs 644
"D:\perl-xp\perl-5.40.3\miniperl.exe" "-I..\..\..\lib" "D:\perl-xp\perl-5.40.3\dist\ExtUtils-ParseXS\lib\ExtUtils/xsubpp"  -nolinenumbers -typemap D:\perl-xp\perl-5.40.3\lib\ExtUtils\typemap  EBCDIC.xs > EBCDIC.xsc
"D:\perl-xp\perl-5.40.3\miniperl.exe" "-I..\..\..\lib" -MExtUtils::Command -e mv -- EBCDIC.xsc EBCDIC.c
gcc -c -IEncode  -I../Encode -D_WIN32_WINNT=0x0501 -DWINVER=0x0501 -D_WIN32_WINDOWS=0x0501 -march=pentium4 -DWIN32 -DPERL_TEXTMODE_SCRIPTS -DMULTIPLICITY -DPERL_IMPLICIT_SYS -DUSE_PERLIO -D__USE_MINGW_ANSI_STDIO -fwrapv -fno-strict-aliasing -mms-bitfields -Os   -DVERSION=\"2.02\" -DXS_VERSION=\"2.02\"  "-I..\..\..\lib\CORE"   EBCDIC.c
In file included from EBCDIC.c:11:
..\..\..\lib\CORE/inline.h: In function 'Perl_is_utf8_invariant_string_loc':
..\..\..\lib\CORE/perl.h:2524:25: warning: cast from pointer to integer of different size [-Wpointer-to-int-cast]
 2524 | #define PTR2nat(p)      (PTRV)(p)       /* pointer to integer of PTRSIZE */
      |                         ^
..\..\..\lib\CORE/inline.h:1370:48: note: in expansion of macro 'PTR2nat'
 1370 | #  define PERL_IS_SUBWORD_ADDR(x) (1 & (       PTR2nat(x)                     \
      |                                                ^~~~~~~
..\..\..\lib\CORE/inline.h:1384:45: note: in expansion of macro 'PERL_IS_SUBWORD_ADDR'
 1384 |                           + PERL_WORDSIZE * PERL_IS_SUBWORD_ADDR(x)
      |                                             ^~~~~~~~~~~~~~~~~~~~
..\..\..\lib\CORE/perl.h:2524:25: warning: cast from pointer to integer of different size [-Wpointer-to-int-cast]
 2524 | #define PTR2nat(p)      (PTRV)(p)       /* pointer to integer of PTRSIZE */
      |                         ^
..\..\..\lib\CORE/inline.h:1371:46: note: in expansion of macro 'PTR2nat'
 1371 |                                       |   (  PTR2nat(x) >> 1)                 \
      |                                              ^~~~~~~
..\..\..\lib\CORE/inline.h:1384:45: note: in expansion of macro 'PERL_IS_SUBWORD_ADDR'
 1384 |                           + PERL_WORDSIZE * PERL_IS_SUBWORD_ADDR(x)
      |                                             ^~~~~~~~~~~~~~~~~~~~
..\..\..\lib\CORE/perl.h:2524:25: warning: cast from pointer to integer of different size [-Wpointer-to-int-cast]
 2524 | #define PTR2nat(p)      (PTRV)(p)       /* pointer to integer of PTRSIZE */
      |                         ^
..\..\..\lib\CORE/inline.h:1372:46: note: in expansion of macro 'PTR2nat'
 1372 |                                       | ( ( (PTR2nat(x)                       \
      |                                              ^~~~~~~
..\..\..\lib\CORE/inline.h:1384:45: note: in expansion of macro 'PERL_IS_SUBWORD_ADDR'
 1384 |                           + PERL_WORDSIZE * PERL_IS_SUBWORD_ADDR(x)
      |                                             ^~~~~~~~~~~~~~~~~~~~
..\..\..\lib\CORE/perl.h:2524:25: warning: cast from pointer to integer of different size [-Wpointer-to-int-cast]
 2524 | #define PTR2nat(p)      (PTRV)(p)       /* pointer to integer of PTRSIZE */
      |                         ^
..\..\..\lib\CORE/inline.h:1387:30: note: in expansion of macro 'PTR2nat'
 1387 |                           - (PTR2nat(x) & PERL_WORD_BOUNDARY_MASK))
      |                              ^~~~~~~
..\..\..\lib\CORE/perl.h:2524:25: warning: cast from pointer to integer of different size [-Wpointer-to-int-cast]
 2524 | #define PTR2nat(p)      (PTRV)(p)       /* pointer to integer of PTRSIZE */
      |                         ^
..\..\..\lib\CORE/inline.h:1392:16: note: in expansion of macro 'PTR2nat'
 1392 |         while (PTR2nat(x) & PERL_WORD_BOUNDARY_MASK) {
      |                ^~~~~~~
In file included from ..\..\..\lib\CORE/perl.h:6225:
EBCDIC.c: In function 'Encode_XSEncoding':
..\..\..\lib\CORE/perl.h:2496:33: warning: cast from pointer to integer of different size [-Wpointer-to-int-cast]
 2496 | #  define INT2PTR(any,d)        (any)(d)
      |                                 ^
..\..\..\lib\CORE/embed.h:436:68: note: in definition of macro 'newSViv'
  436 | # define newSViv(a)                             Perl_newSViv(aTHX_ a)
      |                                                                    ^
..\..\..\lib\CORE/perl.h:2521:25: note: in expansion of macro 'INT2PTR'
 2521 | #define PTR2IV(p)       INT2PTR(IV,p)
      |                         ^~~~~~~
EBCDIC.c:21:22: note: in expansion of macro 'PTR2IV'
   21 |  SV *iv    = newSViv(PTR2IV(enc));
      |                      ^~~~~~
gcc -c -IEncode  -I../Encode -D_WIN32_WINNT=0x0501 -DWINVER=0x0501 -D_WIN32_WINDOWS=0x0501 -march=pentium4 -DWIN32 -DPERL_TEXTMODE_SCRIPTS -DMULTIPLICITY -DPERL_IMPLICIT_SYS -DUSE_PERLIO -D__USE_MINGW_ANSI_STDIO -fwrapv -fno-strict-aliasing -mms-bitfields -Os   -DVERSION=\"2.02\" -DXS_VERSION=\"2.02\"  "-I..\..\..\lib\CORE"   ebcdic_t.c
g++ EBCDIC.def -o ..\..\..\lib\auto\Encode\EBCDIC\EBCDIC.dll -shared -s -L"c:\perl\lib\CORE" -L"C:\toolchains\w64devkit\lib" -L"C:\toolchains\w64devkit\i686-w64-mingw32\lib" -L"C:\toolchains\w64devkit\lib\gcc\i686-w64-mingw32\16.2.0" EBCDIC.o ebcdic_t.o   "..\..\..\lib\CORE\libperl540.a" -lmoldname -lkernel32 -luser32 -lgdi32 -lwinspool -lcomdlg32 -ladvapi32 -lshell32 -lole32 -loleaut32 -lnetapi32 -luuid -lws2_32 -lmpr -lwinmm -lversion -lodbc32 -lodbccp32 -lcomctl32 -Wl,--enable-auto-image-base
"D:\perl-xp\perl-5.40.3\miniperl.exe" "-I..\..\..\lib" -MExtUtils::Command -e chmod -- 755 ..\..\..\lib\auto\Encode\EBCDIC\EBCDIC.dll
gmake[2]: Leaving directory 'D:/perl-xp/perl-5.40.3/cpan/Encode/EBCDIC'
gmake[2]: Entering directory 'D:/perl-xp/perl-5.40.3/cpan/Encode/JP'
Running Mkbootstrap for JP ()
"D:\perl-xp\perl-5.40.3\miniperl.exe" "-I..\..\..\lib" -MExtUtils::Command -e chmod -- 644 "JP.bs"
"D:\perl-xp\perl-5.40.3\miniperl.exe" "-I..\..\..\lib" -MExtUtils::Command::MM -e cp_nonempty -- JP.bs ..\..\..\lib\auto\Encode\JP\JP.bs 644
"D:\perl-xp\perl-5.40.3\miniperl.exe" "-I..\..\..\lib" "D:\perl-xp\perl-5.40.3\dist\ExtUtils-ParseXS\lib\ExtUtils/xsubpp"  -nolinenumbers -typemap D:\perl-xp\perl-5.40.3\lib\ExtUtils\typemap  JP.xs > JP.xsc
"D:\perl-xp\perl-5.40.3\miniperl.exe" "-I..\..\..\lib" -MExtUtils::Command -e mv -- JP.xsc JP.c
gcc -c -IEncode  -I../Encode -D_WIN32_WINNT=0x0501 -DWINVER=0x0501 -D_WIN32_WINDOWS=0x0501 -march=pentium4 -DWIN32 -DPERL_TEXTMODE_SCRIPTS -DMULTIPLICITY -DPERL_IMPLICIT_SYS -DUSE_PERLIO -D__USE_MINGW_ANSI_STDIO -fwrapv -fno-strict-aliasing -mms-bitfields -Os   -DVERSION=\"2.05\" -DXS_VERSION=\"2.05\"  "-I..\..\..\lib\CORE"   JP.c
In file included from JP.c:11:
..\..\..\lib\CORE/inline.h: In function 'Perl_is_utf8_invariant_string_loc':
..\..\..\lib\CORE/perl.h:2524:25: warning: cast from pointer to integer of different size [-Wpointer-to-int-cast]
 2524 | #define PTR2nat(p)      (PTRV)(p)       /* pointer to integer of PTRSIZE */
      |                         ^
..\..\..\lib\CORE/inline.h:1370:48: note: in expansion of macro 'PTR2nat'
 1370 | #  define PERL_IS_SUBWORD_ADDR(x) (1 & (       PTR2nat(x)                     \
      |                                                ^~~~~~~
..\..\..\lib\CORE/inline.h:1384:45: note: in expansion of macro 'PERL_IS_SUBWORD_ADDR'
 1384 |                           + PERL_WORDSIZE * PERL_IS_SUBWORD_ADDR(x)
      |                                             ^~~~~~~~~~~~~~~~~~~~
..\..\..\lib\CORE/perl.h:2524:25: warning: cast from pointer to integer of different size [-Wpointer-to-int-cast]
 2524 | #define PTR2nat(p)      (PTRV)(p)       /* pointer to integer of PTRSIZE */
      |                         ^
..\..\..\lib\CORE/inline.h:1371:46: note: in expansion of macro 'PTR2nat'
 1371 |                                       |   (  PTR2nat(x) >> 1)                 \
      |                                              ^~~~~~~
..\..\..\lib\CORE/inline.h:1384:45: note: in expansion of macro 'PERL_IS_SUBWORD_ADDR'
 1384 |                           + PERL_WORDSIZE * PERL_IS_SUBWORD_ADDR(x)
      |                                             ^~~~~~~~~~~~~~~~~~~~
..\..\..\lib\CORE/perl.h:2524:25: warning: cast from pointer to integer of different size [-Wpointer-to-int-cast]
 2524 | #define PTR2nat(p)      (PTRV)(p)       /* pointer to integer of PTRSIZE */
      |                         ^
..\..\..\lib\CORE/inline.h:1372:46: note: in expansion of macro 'PTR2nat'
 1372 |                                       | ( ( (PTR2nat(x)                       \
      |                                              ^~~~~~~
..\..\..\lib\CORE/inline.h:1384:45: note: in expansion of macro 'PERL_IS_SUBWORD_ADDR'
 1384 |                           + PERL_WORDSIZE * PERL_IS_SUBWORD_ADDR(x)
      |                                             ^~~~~~~~~~~~~~~~~~~~
..\..\..\lib\CORE/perl.h:2524:25: warning: cast from pointer to integer of different size [-Wpointer-to-int-cast]
 2524 | #define PTR2nat(p)      (PTRV)(p)       /* pointer to integer of PTRSIZE */
      |                         ^
..\..\..\lib\CORE/inline.h:1387:30: note: in expansion of macro 'PTR2nat'
 1387 |                           - (PTR2nat(x) & PERL_WORD_BOUNDARY_MASK))
      |                              ^~~~~~~
..\..\..\lib\CORE/perl.h:2524:25: warning: cast from pointer to integer of different size [-Wpointer-to-int-cast]
 2524 | #define PTR2nat(p)      (PTRV)(p)       /* pointer to integer of PTRSIZE */
      |                         ^
..\..\..\lib\CORE/inline.h:1392:16: note: in expansion of macro 'PTR2nat'
 1392 |         while (PTR2nat(x) & PERL_WORD_BOUNDARY_MASK) {
      |                ^~~~~~~
In file included from ..\..\..\lib\CORE/perl.h:6225:
JP.c: In function 'Encode_XSEncoding':
..\..\..\lib\CORE/perl.h:2496:33: warning: cast from pointer to integer of different size [-Wpointer-to-int-cast]
 2496 | #  define INT2PTR(any,d)        (any)(d)
      |                                 ^
..\..\..\lib\CORE/embed.h:436:68: note: in definition of macro 'newSViv'
  436 | # define newSViv(a)                             Perl_newSViv(aTHX_ a)
      |                                                                    ^
..\..\..\lib\CORE/perl.h:2521:25: note: in expansion of macro 'INT2PTR'
 2521 | #define PTR2IV(p)       INT2PTR(IV,p)
      |                         ^~~~~~~
JP.c:27:22: note: in expansion of macro 'PTR2IV'
   27 |  SV *iv    = newSViv(PTR2IV(enc));
      |                      ^~~~~~
gcc -c -IEncode  -I../Encode -D_WIN32_WINNT=0x0501 -DWINVER=0x0501 -D_WIN32_WINDOWS=0x0501 -march=pentium4 -DWIN32 -DPERL_TEXTMODE_SCRIPTS -DMULTIPLICITY -DPERL_IMPLICIT_SYS -DUSE_PERLIO -D__USE_MINGW_ANSI_STDIO -fwrapv -fno-strict-aliasing -mms-bitfields -Os   -DVERSION=\"2.05\" -DXS_VERSION=\"2.05\"  "-I..\..\..\lib\CORE"   cp_00_t.c
gcc -c -IEncode  -I../Encode -D_WIN32_WINNT=0x0501 -DWINVER=0x0501 -D_WIN32_WINDOWS=0x0501 -march=pentium4 -DWIN32 -DPERL_TEXTMODE_SCRIPTS -DMULTIPLICITY -DPERL_IMPLICIT_SYS -DUSE_PERLIO -D__USE_MINGW_ANSI_STDIO -fwrapv -fno-strict-aliasing -mms-bitfields -Os   -DVERSION=\"2.05\" -DXS_VERSION=\"2.05\"  "-I..\..\..\lib\CORE"   eu_01_t.c
gcc -c -IEncode  -I../Encode -D_WIN32_WINNT=0x0501 -DWINVER=0x0501 -D_WIN32_WINDOWS=0x0501 -march=pentium4 -DWIN32 -DPERL_TEXTMODE_SCRIPTS -DMULTIPLICITY -DPERL_IMPLICIT_SYS -DUSE_PERLIO -D__USE_MINGW_ANSI_STDIO -fwrapv -fno-strict-aliasing -mms-bitfields -Os   -DVERSION=\"2.05\" -DXS_VERSION=\"2.05\"  "-I..\..\..\lib\CORE"   ji_02_t.c
gcc -c -IEncode  -I../Encode -D_WIN32_WINNT=0x0501 -DWINVER=0x0501 -D_WIN32_WINDOWS=0x0501 -march=pentium4 -DWIN32 -DPERL_TEXTMODE_SCRIPTS -DMULTIPLICITY -DPERL_IMPLICIT_SYS -DUSE_PERLIO -D__USE_MINGW_ANSI_STDIO -fwrapv -fno-strict-aliasing -mms-bitfields -Os   -DVERSION=\"2.05\" -DXS_VERSION=\"2.05\"  "-I..\..\..\lib\CORE"   ji_03_t.c
gcc -c -IEncode  -I../Encode -D_WIN32_WINNT=0x0501 -DWINVER=0x0501 -D_WIN32_WINDOWS=0x0501 -march=pentium4 -DWIN32 -DPERL_TEXTMODE_SCRIPTS -DMULTIPLICITY -DPERL_IMPLICIT_SYS -DUSE_PERLIO -D__USE_MINGW_ANSI_STDIO -fwrapv -fno-strict-aliasing -mms-bitfields -Os   -DVERSION=\"2.05\" -DXS_VERSION=\"2.05\"  "-I..\..\..\lib\CORE"   ji_04_t.c
gcc -c -IEncode  -I../Encode -D_WIN32_WINNT=0x0501 -DWINVER=0x0501 -D_WIN32_WINDOWS=0x0501 -march=pentium4 -DWIN32 -DPERL_TEXTMODE_SCRIPTS -DMULTIPLICITY -DPERL_IMPLICIT_SYS -DUSE_PERLIO -D__USE_MINGW_ANSI_STDIO -fwrapv -fno-strict-aliasing -mms-bitfields -Os   -DVERSION=\"2.05\" -DXS_VERSION=\"2.05\"  "-I..\..\..\lib\CORE"   ma_05_t.c
gcc -c -IEncode  -I../Encode -D_WIN32_WINNT=0x0501 -DWINVER=0x0501 -D_WIN32_WINDOWS=0x0501 -march=pentium4 -DWIN32 -DPERL_TEXTMODE_SCRIPTS -DMULTIPLICITY -DPERL_IMPLICIT_SYS -DUSE_PERLIO -D__USE_MINGW_ANSI_STDIO -fwrapv -fno-strict-aliasing -mms-bitfields -Os   -DVERSION=\"2.05\" -DXS_VERSION=\"2.05\"  "-I..\..\..\lib\CORE"   sh_06_t.c
g++ JP.def -o ..\..\..\lib\auto\Encode\JP\JP.dll -shared -s -L"c:\perl\lib\CORE" -L"C:\toolchains\w64devkit\lib" -L"C:\toolchains\w64devkit\i686-w64-mingw32\lib" -L"C:\toolchains\w64devkit\lib\gcc\i686-w64-mingw32\16.2.0" JP.o cp_00_t.o eu_01_t.o ji_02_t.o ji_03_t.o ji_04_t.o ma_05_t.o sh_06_t.o   "..\..\..\lib\CORE\libperl540.a" -lmoldname -lkernel32 -luser32 -lgdi32 -lwinspool -lcomdlg32 -ladvapi32 -lshell32 -lole32 -loleaut32 -lnetapi32 -luuid -lws2_32 -lmpr -lwinmm -lversion -lodbc32 -lodbccp32 -lcomctl32 -Wl,--enable-auto-image-base
"D:\perl-xp\perl-5.40.3\miniperl.exe" "-I..\..\..\lib" -MExtUtils::Command -e chmod -- 755 ..\..\..\lib\auto\Encode\JP\JP.dll
gmake[2]: Leaving directory 'D:/perl-xp/perl-5.40.3/cpan/Encode/JP'
gmake[2]: Entering directory 'D:/perl-xp/perl-5.40.3/cpan/Encode/KR'
Running Mkbootstrap for KR ()
"D:\perl-xp\perl-5.40.3\miniperl.exe" "-I..\..\..\lib" -MExtUtils::Command -e chmod -- 644 "KR.bs"
"D:\perl-xp\perl-5.40.3\miniperl.exe" "-I..\..\..\lib" -MExtUtils::Command::MM -e cp_nonempty -- KR.bs ..\..\..\lib\auto\Encode\KR\KR.bs 644
"D:\perl-xp\perl-5.40.3\miniperl.exe" "-I..\..\..\lib" "D:\perl-xp\perl-5.40.3\dist\ExtUtils-ParseXS\lib\ExtUtils/xsubpp"  -nolinenumbers -typemap D:\perl-xp\perl-5.40.3\lib\ExtUtils\typemap  KR.xs > KR.xsc
"D:\perl-xp\perl-5.40.3\miniperl.exe" "-I..\..\..\lib" -MExtUtils::Command -e mv -- KR.xsc KR.c
gcc -c -IEncode  -I../Encode -D_WIN32_WINNT=0x0501 -DWINVER=0x0501 -D_WIN32_WINDOWS=0x0501 -march=pentium4 -DWIN32 -DPERL_TEXTMODE_SCRIPTS -DMULTIPLICITY -DPERL_IMPLICIT_SYS -DUSE_PERLIO -D__USE_MINGW_ANSI_STDIO -fwrapv -fno-strict-aliasing -mms-bitfields -Os   -DVERSION=\"2.03\" -DXS_VERSION=\"2.03\"  "-I..\..\..\lib\CORE"   KR.c
In file included from KR.c:11:
..\..\..\lib\CORE/inline.h: In function 'Perl_is_utf8_invariant_string_loc':
..\..\..\lib\CORE/perl.h:2524:25: warning: cast from pointer to integer of different size [-Wpointer-to-int-cast]
 2524 | #define PTR2nat(p)      (PTRV)(p)       /* pointer to integer of PTRSIZE */
      |                         ^
..\..\..\lib\CORE/inline.h:1370:48: note: in expansion of macro 'PTR2nat'
 1370 | #  define PERL_IS_SUBWORD_ADDR(x) (1 & (       PTR2nat(x)                     \
      |                                                ^~~~~~~
..\..\..\lib\CORE/inline.h:1384:45: note: in expansion of macro 'PERL_IS_SUBWORD_ADDR'
 1384 |                           + PERL_WORDSIZE * PERL_IS_SUBWORD_ADDR(x)
      |                                             ^~~~~~~~~~~~~~~~~~~~
..\..\..\lib\CORE/perl.h:2524:25: warning: cast from pointer to integer of different size [-Wpointer-to-int-cast]
 2524 | #define PTR2nat(p)      (PTRV)(p)       /* pointer to integer of PTRSIZE */
      |                         ^
..\..\..\lib\CORE/inline.h:1371:46: note: in expansion of macro 'PTR2nat'
 1371 |                                       |   (  PTR2nat(x) >> 1)                 \
      |                                              ^~~~~~~
..\..\..\lib\CORE/inline.h:1384:45: note: in expansion of macro 'PERL_IS_SUBWORD_ADDR'
 1384 |                           + PERL_WORDSIZE * PERL_IS_SUBWORD_ADDR(x)
      |                                             ^~~~~~~~~~~~~~~~~~~~
..\..\..\lib\CORE/perl.h:2524:25: warning: cast from pointer to integer of different size [-Wpointer-to-int-cast]
 2524 | #define PTR2nat(p)      (PTRV)(p)       /* pointer to integer of PTRSIZE */
      |                         ^
..\..\..\lib\CORE/inline.h:1372:46: note: in expansion of macro 'PTR2nat'
 1372 |                                       | ( ( (PTR2nat(x)                       \
      |                                              ^~~~~~~
..\..\..\lib\CORE/inline.h:1384:45: note: in expansion of macro 'PERL_IS_SUBWORD_ADDR'
 1384 |                           + PERL_WORDSIZE * PERL_IS_SUBWORD_ADDR(x)
      |                                             ^~~~~~~~~~~~~~~~~~~~
..\..\..\lib\CORE/perl.h:2524:25: warning: cast from pointer to integer of different size [-Wpointer-to-int-cast]
 2524 | #define PTR2nat(p)      (PTRV)(p)       /* pointer to integer of PTRSIZE */
      |                         ^
..\..\..\lib\CORE/inline.h:1387:30: note: in expansion of macro 'PTR2nat'
 1387 |                           - (PTR2nat(x) & PERL_WORD_BOUNDARY_MASK))
      |                              ^~~~~~~
..\..\..\lib\CORE/perl.h:2524:25: warning: cast from pointer to integer of different size [-Wpointer-to-int-cast]
 2524 | #define PTR2nat(p)      (PTRV)(p)       /* pointer to integer of PTRSIZE */
      |                         ^
..\..\..\lib\CORE/inline.h:1392:16: note: in expansion of macro 'PTR2nat'
 1392 |         while (PTR2nat(x) & PERL_WORD_BOUNDARY_MASK) {
      |                ^~~~~~~
In file included from ..\..\..\lib\CORE/perl.h:6225:
KR.c: In function 'Encode_XSEncoding':
..\..\..\lib\CORE/perl.h:2496:33: warning: cast from pointer to integer of different size [-Wpointer-to-int-cast]
 2496 | #  define INT2PTR(any,d)        (any)(d)
      |                                 ^
..\..\..\lib\CORE/embed.h:436:68: note: in definition of macro 'newSViv'
  436 | # define newSViv(a)                             Perl_newSViv(aTHX_ a)
      |                                                                    ^
..\..\..\lib\CORE/perl.h:2521:25: note: in expansion of macro 'INT2PTR'
 2521 | #define PTR2IV(p)       INT2PTR(IV,p)
      |                         ^~~~~~~
KR.c:25:22: note: in expansion of macro 'PTR2IV'
   25 |  SV *iv    = newSViv(PTR2IV(enc));
      |                      ^~~~~~
gcc -c -IEncode  -I../Encode -D_WIN32_WINNT=0x0501 -DWINVER=0x0501 -D_WIN32_WINDOWS=0x0501 -march=pentium4 -DWIN32 -DPERL_TEXTMODE_SCRIPTS -DMULTIPLICITY -DPERL_IMPLICIT_SYS -DUSE_PERLIO -D__USE_MINGW_ANSI_STDIO -fwrapv -fno-strict-aliasing -mms-bitfields -Os   -DVERSION=\"2.03\" -DXS_VERSION=\"2.03\"  "-I..\..\..\lib\CORE"   cp_00_t.c
gcc -c -IEncode  -I../Encode -D_WIN32_WINNT=0x0501 -DWINVER=0x0501 -D_WIN32_WINDOWS=0x0501 -march=pentium4 -DWIN32 -DPERL_TEXTMODE_SCRIPTS -DMULTIPLICITY -DPERL_IMPLICIT_SYS -DUSE_PERLIO -D__USE_MINGW_ANSI_STDIO -fwrapv -fno-strict-aliasing -mms-bitfields -Os   -DVERSION=\"2.03\" -DXS_VERSION=\"2.03\"  "-I..\..\..\lib\CORE"   eu_01_t.c
gcc -c -IEncode  -I../Encode -D_WIN32_WINNT=0x0501 -DWINVER=0x0501 -D_WIN32_WINDOWS=0x0501 -march=pentium4 -DWIN32 -DPERL_TEXTMODE_SCRIPTS -DMULTIPLICITY -DPERL_IMPLICIT_SYS -DUSE_PERLIO -D__USE_MINGW_ANSI_STDIO -fwrapv -fno-strict-aliasing -mms-bitfields -Os   -DVERSION=\"2.03\" -DXS_VERSION=\"2.03\"  "-I..\..\..\lib\CORE"   jo_02_t.c
gcc -c -IEncode  -I../Encode -D_WIN32_WINNT=0x0501 -DWINVER=0x0501 -D_WIN32_WINDOWS=0x0501 -march=pentium4 -DWIN32 -DPERL_TEXTMODE_SCRIPTS -DMULTIPLICITY -DPERL_IMPLICIT_SYS -DUSE_PERLIO -D__USE_MINGW_ANSI_STDIO -fwrapv -fno-strict-aliasing -mms-bitfields -Os   -DVERSION=\"2.03\" -DXS_VERSION=\"2.03\"  "-I..\..\..\lib\CORE"   ks_03_t.c
gcc -c -IEncode  -I../Encode -D_WIN32_WINNT=0x0501 -DWINVER=0x0501 -D_WIN32_WINDOWS=0x0501 -march=pentium4 -DWIN32 -DPERL_TEXTMODE_SCRIPTS -DMULTIPLICITY -DPERL_IMPLICIT_SYS -DUSE_PERLIO -D__USE_MINGW_ANSI_STDIO -fwrapv -fno-strict-aliasing -mms-bitfields -Os   -DVERSION=\"2.03\" -DXS_VERSION=\"2.03\"  "-I..\..\..\lib\CORE"   ma_04_t.c
g++ KR.def -o ..\..\..\lib\auto\Encode\KR\KR.dll -shared -s -L"c:\perl\lib\CORE" -L"C:\toolchains\w64devkit\lib" -L"C:\toolchains\w64devkit\i686-w64-mingw32\lib" -L"C:\toolchains\w64devkit\lib\gcc\i686-w64-mingw32\16.2.0" KR.o cp_00_t.o eu_01_t.o jo_02_t.o ks_03_t.o ma_04_t.o   "..\..\..\lib\CORE\libperl540.a" -lmoldname -lkernel32 -luser32 -lgdi32 -lwinspool -lcomdlg32 -ladvapi32 -lshell32 -lole32 -loleaut32 -lnetapi32 -luuid -lws2_32 -lmpr -lwinmm -lversion -lodbc32 -lodbccp32 -lcomctl32 -Wl,--enable-auto-image-base
"D:\perl-xp\perl-5.40.3\miniperl.exe" "-I..\..\..\lib" -MExtUtils::Command -e chmod -- 755 ..\..\..\lib\auto\Encode\KR\KR.dll
gmake[2]: Leaving directory 'D:/perl-xp/perl-5.40.3/cpan/Encode/KR'
gmake[2]: Entering directory 'D:/perl-xp/perl-5.40.3/cpan/Encode/Symbol'
Running Mkbootstrap for Symbol ()
"D:\perl-xp\perl-5.40.3\miniperl.exe" "-I..\..\..\lib" -MExtUtils::Command -e chmod -- 644 "Symbol.bs"
"D:\perl-xp\perl-5.40.3\miniperl.exe" "-I..\..\..\lib" -MExtUtils::Command::MM -e cp_nonempty -- Symbol.bs ..\..\..\lib\auto\Encode\Symbol\Symbol.bs 644
"D:\perl-xp\perl-5.40.3\miniperl.exe" "-I..\..\..\lib" "D:\perl-xp\perl-5.40.3\dist\ExtUtils-ParseXS\lib\ExtUtils/xsubpp"  -nolinenumbers -typemap D:\perl-xp\perl-5.40.3\lib\ExtUtils\typemap  Symbol.xs > Symbol.xsc
"D:\perl-xp\perl-5.40.3\miniperl.exe" "-I..\..\..\lib" -MExtUtils::Command -e mv -- Symbol.xsc Symbol.c
gcc -c -IEncode  -I../Encode -D_WIN32_WINNT=0x0501 -DWINVER=0x0501 -D_WIN32_WINDOWS=0x0501 -march=pentium4 -DWIN32 -DPERL_TEXTMODE_SCRIPTS -DMULTIPLICITY -DPERL_IMPLICIT_SYS -DUSE_PERLIO -D__USE_MINGW_ANSI_STDIO -fwrapv -fno-strict-aliasing -mms-bitfields -Os   -DVERSION=\"2.02\" -DXS_VERSION=\"2.02\"  "-I..\..\..\lib\CORE"   Symbol.c
In file included from Symbol.c:11:
..\..\..\lib\CORE/inline.h: In function 'Perl_is_utf8_invariant_string_loc':
..\..\..\lib\CORE/perl.h:2524:25: warning: cast from pointer to integer of different size [-Wpointer-to-int-cast]
 2524 | #define PTR2nat(p)      (PTRV)(p)       /* pointer to integer of PTRSIZE */
      |                         ^
..\..\..\lib\CORE/inline.h:1370:48: note: in expansion of macro 'PTR2nat'
 1370 | #  define PERL_IS_SUBWORD_ADDR(x) (1 & (       PTR2nat(x)                     \
      |                                                ^~~~~~~
..\..\..\lib\CORE/inline.h:1384:45: note: in expansion of macro 'PERL_IS_SUBWORD_ADDR'
 1384 |                           + PERL_WORDSIZE * PERL_IS_SUBWORD_ADDR(x)
      |                                             ^~~~~~~~~~~~~~~~~~~~
..\..\..\lib\CORE/perl.h:2524:25: warning: cast from pointer to integer of different size [-Wpointer-to-int-cast]
 2524 | #define PTR2nat(p)      (PTRV)(p)       /* pointer to integer of PTRSIZE */
      |                         ^
..\..\..\lib\CORE/inline.h:1371:46: note: in expansion of macro 'PTR2nat'
 1371 |                                       |   (  PTR2nat(x) >> 1)                 \
      |                                              ^~~~~~~
..\..\..\lib\CORE/inline.h:1384:45: note: in expansion of macro 'PERL_IS_SUBWORD_ADDR'
 1384 |                           + PERL_WORDSIZE * PERL_IS_SUBWORD_ADDR(x)
      |                                             ^~~~~~~~~~~~~~~~~~~~
..\..\..\lib\CORE/perl.h:2524:25: warning: cast from pointer to integer of different size [-Wpointer-to-int-cast]
 2524 | #define PTR2nat(p)      (PTRV)(p)       /* pointer to integer of PTRSIZE */
      |                         ^
..\..\..\lib\CORE/inline.h:1372:46: note: in expansion of macro 'PTR2nat'
 1372 |                                       | ( ( (PTR2nat(x)                       \
      |                                              ^~~~~~~
..\..\..\lib\CORE/inline.h:1384:45: note: in expansion of macro 'PERL_IS_SUBWORD_ADDR'
 1384 |                           + PERL_WORDSIZE * PERL_IS_SUBWORD_ADDR(x)
      |                                             ^~~~~~~~~~~~~~~~~~~~
..\..\..\lib\CORE/perl.h:2524:25: warning: cast from pointer to integer of different size [-Wpointer-to-int-cast]
 2524 | #define PTR2nat(p)      (PTRV)(p)       /* pointer to integer of PTRSIZE */
      |                         ^
..\..\..\lib\CORE/inline.h:1387:30: note: in expansion of macro 'PTR2nat'
 1387 |                           - (PTR2nat(x) & PERL_WORD_BOUNDARY_MASK))
      |                              ^~~~~~~
..\..\..\lib\CORE/perl.h:2524:25: warning: cast from pointer to integer of different size [-Wpointer-to-int-cast]
 2524 | #define PTR2nat(p)      (PTRV)(p)       /* pointer to integer of PTRSIZE */
      |                         ^
..\..\..\lib\CORE/inline.h:1392:16: note: in expansion of macro 'PTR2nat'
 1392 |         while (PTR2nat(x) & PERL_WORD_BOUNDARY_MASK) {
      |                ^~~~~~~
In file included from ..\..\..\lib\CORE/perl.h:6225:
Symbol.c: In function 'Encode_XSEncoding':
..\..\..\lib\CORE/perl.h:2496:33: warning: cast from pointer to integer of different size [-Wpointer-to-int-cast]
 2496 | #  define INT2PTR(any,d)        (any)(d)
      |                                 ^
..\..\..\lib\CORE/embed.h:436:68: note: in definition of macro 'newSViv'
  436 | # define newSViv(a)                             Perl_newSViv(aTHX_ a)
      |                                                                    ^
..\..\..\lib\CORE/perl.h:2521:25: note: in expansion of macro 'INT2PTR'
 2521 | #define PTR2IV(p)       INT2PTR(IV,p)
      |                         ^~~~~~~
Symbol.c:21:22: note: in expansion of macro 'PTR2IV'
   21 |  SV *iv    = newSViv(PTR2IV(enc));
      |                      ^~~~~~
gcc -c -IEncode  -I../Encode -D_WIN32_WINNT=0x0501 -DWINVER=0x0501 -D_WIN32_WINDOWS=0x0501 -march=pentium4 -DWIN32 -DPERL_TEXTMODE_SCRIPTS -DMULTIPLICITY -DPERL_IMPLICIT_SYS -DUSE_PERLIO -D__USE_MINGW_ANSI_STDIO -fwrapv -fno-strict-aliasing -mms-bitfields -Os   -DVERSION=\"2.02\" -DXS_VERSION=\"2.02\"  "-I..\..\..\lib\CORE"   symbol_t.c
g++ Symbol.def -o ..\..\..\lib\auto\Encode\Symbol\Symbol.dll -shared -s -L"c:\perl\lib\CORE" -L"C:\toolchains\w64devkit\lib" -L"C:\toolchains\w64devkit\i686-w64-mingw32\lib" -L"C:\toolchains\w64devkit\lib\gcc\i686-w64-mingw32\16.2.0" Symbol.o symbol_t.o   "..\..\..\lib\CORE\libperl540.a" -lmoldname -lkernel32 -luser32 -lgdi32 -lwinspool -lcomdlg32 -ladvapi32 -lshell32 -lole32 -loleaut32 -lnetapi32 -luuid -lws2_32 -lmpr -lwinmm -lversion -lodbc32 -lodbccp32 -lcomctl32 -Wl,--enable-auto-image-base
"D:\perl-xp\perl-5.40.3\miniperl.exe" "-I..\..\..\lib" -MExtUtils::Command -e chmod -- 755 ..\..\..\lib\auto\Encode\Symbol\Symbol.dll
gmake[2]: Leaving directory 'D:/perl-xp/perl-5.40.3/cpan/Encode/Symbol'
gmake[2]: Entering directory 'D:/perl-xp/perl-5.40.3/cpan/Encode/TW'
Running Mkbootstrap for TW ()
"D:\perl-xp\perl-5.40.3\miniperl.exe" "-I..\..\..\lib" -MExtUtils::Command -e chmod -- 644 "TW.bs"
"D:\perl-xp\perl-5.40.3\miniperl.exe" "-I..\..\..\lib" -MExtUtils::Command::MM -e cp_nonempty -- TW.bs ..\..\..\lib\auto\Encode\TW\TW.bs 644
"D:\perl-xp\perl-5.40.3\miniperl.exe" "-I..\..\..\lib" "D:\perl-xp\perl-5.40.3\dist\ExtUtils-ParseXS\lib\ExtUtils/xsubpp"  -nolinenumbers -typemap D:\perl-xp\perl-5.40.3\lib\ExtUtils\typemap  TW.xs > TW.xsc
"D:\perl-xp\perl-5.40.3\miniperl.exe" "-I..\..\..\lib" -MExtUtils::Command -e mv -- TW.xsc TW.c
gcc -c -IEncode  -I../Encode -D_WIN32_WINNT=0x0501 -DWINVER=0x0501 -D_WIN32_WINDOWS=0x0501 -march=pentium4 -DWIN32 -DPERL_TEXTMODE_SCRIPTS -DMULTIPLICITY -DPERL_IMPLICIT_SYS -DUSE_PERLIO -D__USE_MINGW_ANSI_STDIO -fwrapv -fno-strict-aliasing -mms-bitfields -Os   -DVERSION=\"2.03\" -DXS_VERSION=\"2.03\"  "-I..\..\..\lib\CORE"   TW.c
In file included from TW.c:11:
..\..\..\lib\CORE/inline.h: In function 'Perl_is_utf8_invariant_string_loc':
..\..\..\lib\CORE/perl.h:2524:25: warning: cast from pointer to integer of different size [-Wpointer-to-int-cast]
 2524 | #define PTR2nat(p)      (PTRV)(p)       /* pointer to integer of PTRSIZE */
      |                         ^
..\..\..\lib\CORE/inline.h:1370:48: note: in expansion of macro 'PTR2nat'
 1370 | #  define PERL_IS_SUBWORD_ADDR(x) (1 & (       PTR2nat(x)                     \
      |                                                ^~~~~~~
..\..\..\lib\CORE/inline.h:1384:45: note: in expansion of macro 'PERL_IS_SUBWORD_ADDR'
 1384 |                           + PERL_WORDSIZE * PERL_IS_SUBWORD_ADDR(x)
      |                                             ^~~~~~~~~~~~~~~~~~~~
..\..\..\lib\CORE/perl.h:2524:25: warning: cast from pointer to integer of different size [-Wpointer-to-int-cast]
 2524 | #define PTR2nat(p)      (PTRV)(p)       /* pointer to integer of PTRSIZE */
      |                         ^
..\..\..\lib\CORE/inline.h:1371:46: note: in expansion of macro 'PTR2nat'
 1371 |                                       |   (  PTR2nat(x) >> 1)                 \
      |                                              ^~~~~~~
..\..\..\lib\CORE/inline.h:1384:45: note: in expansion of macro 'PERL_IS_SUBWORD_ADDR'
 1384 |                           + PERL_WORDSIZE * PERL_IS_SUBWORD_ADDR(x)
      |                                             ^~~~~~~~~~~~~~~~~~~~
..\..\..\lib\CORE/perl.h:2524:25: warning: cast from pointer to integer of different size [-Wpointer-to-int-cast]
 2524 | #define PTR2nat(p)      (PTRV)(p)       /* pointer to integer of PTRSIZE */
      |                         ^
..\..\..\lib\CORE/inline.h:1372:46: note: in expansion of macro 'PTR2nat'
 1372 |                                       | ( ( (PTR2nat(x)                       \
      |                                              ^~~~~~~
..\..\..\lib\CORE/inline.h:1384:45: note: in expansion of macro 'PERL_IS_SUBWORD_ADDR'
 1384 |                           + PERL_WORDSIZE * PERL_IS_SUBWORD_ADDR(x)
      |                                             ^~~~~~~~~~~~~~~~~~~~
..\..\..\lib\CORE/perl.h:2524:25: warning: cast from pointer to integer of different size [-Wpointer-to-int-cast]
 2524 | #define PTR2nat(p)      (PTRV)(p)       /* pointer to integer of PTRSIZE */
      |                         ^
..\..\..\lib\CORE/inline.h:1387:30: note: in expansion of macro 'PTR2nat'
 1387 |                           - (PTR2nat(x) & PERL_WORD_BOUNDARY_MASK))
      |                              ^~~~~~~
..\..\..\lib\CORE/perl.h:2524:25: warning: cast from pointer to integer of different size [-Wpointer-to-int-cast]
 2524 | #define PTR2nat(p)      (PTRV)(p)       /* pointer to integer of PTRSIZE */
      |                         ^
..\..\..\lib\CORE/inline.h:1392:16: note: in expansion of macro 'PTR2nat'
 1392 |         while (PTR2nat(x) & PERL_WORD_BOUNDARY_MASK) {
      |                ^~~~~~~
In file included from ..\..\..\lib\CORE/perl.h:6225:
TW.c: In function 'Encode_XSEncoding':
..\..\..\lib\CORE/perl.h:2496:33: warning: cast from pointer to integer of different size [-Wpointer-to-int-cast]
 2496 | #  define INT2PTR(any,d)        (any)(d)
      |                                 ^
..\..\..\lib\CORE/embed.h:436:68: note: in definition of macro 'newSViv'
  436 | # define newSViv(a)                             Perl_newSViv(aTHX_ a)
      |                                                                    ^
..\..\..\lib\CORE/perl.h:2521:25: note: in expansion of macro 'INT2PTR'
 2521 | #define PTR2IV(p)       INT2PTR(IV,p)
      |                         ^~~~~~~
TW.c:24:22: note: in expansion of macro 'PTR2IV'
   24 |  SV *iv    = newSViv(PTR2IV(enc));
      |                      ^~~~~~
gcc -c -IEncode  -I../Encode -D_WIN32_WINNT=0x0501 -DWINVER=0x0501 -D_WIN32_WINDOWS=0x0501 -march=pentium4 -DWIN32 -DPERL_TEXTMODE_SCRIPTS -DMULTIPLICITY -DPERL_IMPLICIT_SYS -DUSE_PERLIO -D__USE_MINGW_ANSI_STDIO -fwrapv -fno-strict-aliasing -mms-bitfields -Os   -DVERSION=\"2.03\" -DXS_VERSION=\"2.03\"  "-I..\..\..\lib\CORE"   bi_00_t.c
gcc -c -IEncode  -I../Encode -D_WIN32_WINNT=0x0501 -DWINVER=0x0501 -D_WIN32_WINDOWS=0x0501 -march=pentium4 -DWIN32 -DPERL_TEXTMODE_SCRIPTS -DMULTIPLICITY -DPERL_IMPLICIT_SYS -DUSE_PERLIO -D__USE_MINGW_ANSI_STDIO -fwrapv -fno-strict-aliasing -mms-bitfields -Os   -DVERSION=\"2.03\" -DXS_VERSION=\"2.03\"  "-I..\..\..\lib\CORE"   bi_01_t.c
gcc -c -IEncode  -I../Encode -D_WIN32_WINNT=0x0501 -DWINVER=0x0501 -D_WIN32_WINDOWS=0x0501 -march=pentium4 -DWIN32 -DPERL_TEXTMODE_SCRIPTS -DMULTIPLICITY -DPERL_IMPLICIT_SYS -DUSE_PERLIO -D__USE_MINGW_ANSI_STDIO -fwrapv -fno-strict-aliasing -mms-bitfields -Os   -DVERSION=\"2.03\" -DXS_VERSION=\"2.03\"  "-I..\..\..\lib\CORE"   cp_02_t.c
gcc -c -IEncode  -I../Encode -D_WIN32_WINNT=0x0501 -DWINVER=0x0501 -D_WIN32_WINDOWS=0x0501 -march=pentium4 -DWIN32 -DPERL_TEXTMODE_SCRIPTS -DMULTIPLICITY -DPERL_IMPLICIT_SYS -DUSE_PERLIO -D__USE_MINGW_ANSI_STDIO -fwrapv -fno-strict-aliasing -mms-bitfields -Os   -DVERSION=\"2.03\" -DXS_VERSION=\"2.03\"  "-I..\..\..\lib\CORE"   ma_03_t.c
g++ TW.def -o ..\..\..\lib\auto\Encode\TW\TW.dll -shared -s -L"c:\perl\lib\CORE" -L"C:\toolchains\w64devkit\lib" -L"C:\toolchains\w64devkit\i686-w64-mingw32\lib" -L"C:\toolchains\w64devkit\lib\gcc\i686-w64-mingw32\16.2.0" TW.o bi_00_t.o bi_01_t.o cp_02_t.o ma_03_t.o   "..\..\..\lib\CORE\libperl540.a" -lmoldname -lkernel32 -luser32 -lgdi32 -lwinspool -lcomdlg32 -ladvapi32 -lshell32 -lole32 -loleaut32 -lnetapi32 -luuid -lws2_32 -lmpr -lwinmm -lversion -lodbc32 -lodbccp32 -lcomctl32 -Wl,--enable-auto-image-base
"D:\perl-xp\perl-5.40.3\miniperl.exe" "-I..\..\..\lib" -MExtUtils::Command -e chmod -- 755 ..\..\..\lib\auto\Encode\TW\TW.dll
gmake[2]: Leaving directory 'D:/perl-xp/perl-5.40.3/cpan/Encode/TW'
gmake[2]: Entering directory 'D:/perl-xp/perl-5.40.3/cpan/Encode/Unicode'
Running Mkbootstrap for Unicode ()
"D:\perl-xp\perl-5.40.3\miniperl.exe" "-I..\..\..\lib" -MExtUtils::Command -e chmod -- 644 "Unicode.bs"
"D:\perl-xp\perl-5.40.3\miniperl.exe" "-I..\..\..\lib" -MExtUtils::Command::MM -e cp_nonempty -- Unicode.bs ..\..\..\lib\auto\Encode\Unicode\Unicode.bs 644
gcc -c -IEncode  -I../Encode -D_WIN32_WINNT=0x0501 -DWINVER=0x0501 -D_WIN32_WINDOWS=0x0501 -march=pentium4 -DWIN32 -DPERL_TEXTMODE_SCRIPTS -DMULTIPLICITY -DPERL_IMPLICIT_SYS -DUSE_PERLIO -D__USE_MINGW_ANSI_STDIO -fwrapv -fno-strict-aliasing -mms-bitfields -Os   -DVERSION=\"2.20\" -DXS_VERSION=\"2.20\"  "-I..\..\..\lib\CORE"   Unicode.c
In file included from Unicode.xs:9:
..\..\..\lib\CORE/inline.h: In function 'Perl_is_utf8_invariant_string_loc':
..\..\..\lib\CORE/perl.h:2524:25: warning: cast from pointer to integer of different size [-Wpointer-to-int-cast]
 2524 | #define PTR2nat(p)      (PTRV)(p)       /* pointer to integer of PTRSIZE */
      |                         ^
..\..\..\lib\CORE/inline.h:1370:48: note: in expansion of macro 'PTR2nat'
 1370 | #  define PERL_IS_SUBWORD_ADDR(x) (1 & (       PTR2nat(x)                     \
      |                                                ^~~~~~~
..\..\..\lib\CORE/inline.h:1384:45: note: in expansion of macro 'PERL_IS_SUBWORD_ADDR'
 1384 |                           + PERL_WORDSIZE * PERL_IS_SUBWORD_ADDR(x)
      |                                             ^~~~~~~~~~~~~~~~~~~~
..\..\..\lib\CORE/perl.h:2524:25: warning: cast from pointer to integer of different size [-Wpointer-to-int-cast]
 2524 | #define PTR2nat(p)      (PTRV)(p)       /* pointer to integer of PTRSIZE */
      |                         ^
..\..\..\lib\CORE/inline.h:1371:46: note: in expansion of macro 'PTR2nat'
 1371 |                                       |   (  PTR2nat(x) >> 1)                 \
      |                                              ^~~~~~~
..\..\..\lib\CORE/inline.h:1384:45: note: in expansion of macro 'PERL_IS_SUBWORD_ADDR'
 1384 |                           + PERL_WORDSIZE * PERL_IS_SUBWORD_ADDR(x)
      |                                             ^~~~~~~~~~~~~~~~~~~~
..\..\..\lib\CORE/perl.h:2524:25: warning: cast from pointer to integer of different size [-Wpointer-to-int-cast]
 2524 | #define PTR2nat(p)      (PTRV)(p)       /* pointer to integer of PTRSIZE */
      |                         ^
..\..\..\lib\CORE/inline.h:1372:46: note: in expansion of macro 'PTR2nat'
 1372 |                                       | ( ( (PTR2nat(x)                       \
      |                                              ^~~~~~~
..\..\..\lib\CORE/inline.h:1384:45: note: in expansion of macro 'PERL_IS_SUBWORD_ADDR'
 1384 |                           + PERL_WORDSIZE * PERL_IS_SUBWORD_ADDR(x)
      |                                             ^~~~~~~~~~~~~~~~~~~~
..\..\..\lib\CORE/perl.h:2524:25: warning: cast from pointer to integer of different size [-Wpointer-to-int-cast]
 2524 | #define PTR2nat(p)      (PTRV)(p)       /* pointer to integer of PTRSIZE */
      |                         ^
..\..\..\lib\CORE/inline.h:1387:30: note: in expansion of macro 'PTR2nat'
 1387 |                           - (PTR2nat(x) & PERL_WORD_BOUNDARY_MASK))
      |                              ^~~~~~~
..\..\..\lib\CORE/perl.h:2524:25: warning: cast from pointer to integer of different size [-Wpointer-to-int-cast]
 2524 | #define PTR2nat(p)      (PTRV)(p)       /* pointer to integer of PTRSIZE */
      |                         ^
..\..\..\lib\CORE/inline.h:1392:16: note: in expansion of macro 'PTR2nat'
 1392 |         while (PTR2nat(x) & PERL_WORD_BOUNDARY_MASK) {
      |                ^~~~~~~
g++ Unicode.def -o ..\..\..\lib\auto\Encode\Unicode\Unicode.dll -shared -s -L"c:\perl\lib\CORE" -L"C:\toolchains\w64devkit\lib" -L"C:\toolchains\w64devkit\i686-w64-mingw32\lib" -L"C:\toolchains\w64devkit\lib\gcc\i686-w64-mingw32\16.2.0" Unicode.o   "..\..\..\lib\CORE\libperl540.a" -lmoldname -lkernel32 -luser32 -lgdi32 -lwinspool -lcomdlg32 -ladvapi32 -lshell32 -lole32 -loleaut32 -lnetapi32 -luuid -lws2_32 -lmpr -lwinmm -lversion -lodbc32 -lodbccp32 -lcomctl32 -Wl,--enable-auto-image-base
"D:\perl-xp\perl-5.40.3\miniperl.exe" "-I..\..\..\lib" -MExtUtils::Command -e chmod -- 755 ..\..\..\lib\auto\Encode\Unicode\Unicode.dll
gmake[2]: Leaving directory 'D:/perl-xp/perl-5.40.3/cpan/Encode/Unicode'
Running Mkbootstrap for Encode ()
"D:\perl-xp\perl-5.40.3\miniperl.exe" "-I..\..\lib" -MExtUtils::Command -e chmod -- 644 "Encode.bs"
"D:\perl-xp\perl-5.40.3\miniperl.exe" "-I..\..\lib" -MExtUtils::Command::MM -e cp_nonempty -- Encode.bs ..\..\lib\auto\Encode\Encode.bs 644
gcc -c  -IEncode -D_WIN32_WINNT=0x0501 -DWINVER=0x0501 -D_WIN32_WINDOWS=0x0501 -march=pentium4 -DWIN32 -DPERL_TEXTMODE_SCRIPTS -DMULTIPLICITY -DPERL_IMPLICIT_SYS -DUSE_PERLIO -D__USE_MINGW_ANSI_STDIO -fwrapv -fno-strict-aliasing -mms-bitfields -Os   -DVERSION=\"3.21\" -DXS_VERSION=\"3.21\"  "-I..\..\lib\CORE"   Encode.c
In file included from Encode.xs:8:
..\..\lib\CORE/inline.h: In function 'Perl_is_utf8_invariant_string_loc':
..\..\lib\CORE/perl.h:2524:25: warning: cast from pointer to integer of different size [-Wpointer-to-int-cast]
 2524 | #define PTR2nat(p)      (PTRV)(p)       /* pointer to integer of PTRSIZE */
      |                         ^
..\..\lib\CORE/inline.h:1370:48: note: in expansion of macro 'PTR2nat'
 1370 | #  define PERL_IS_SUBWORD_ADDR(x) (1 & (       PTR2nat(x)                     \
      |                                                ^~~~~~~
..\..\lib\CORE/inline.h:1384:45: note: in expansion of macro 'PERL_IS_SUBWORD_ADDR'
 1384 |                           + PERL_WORDSIZE * PERL_IS_SUBWORD_ADDR(x)
      |                                             ^~~~~~~~~~~~~~~~~~~~
..\..\lib\CORE/perl.h:2524:25: warning: cast from pointer to integer of different size [-Wpointer-to-int-cast]
 2524 | #define PTR2nat(p)      (PTRV)(p)       /* pointer to integer of PTRSIZE */
      |                         ^
..\..\lib\CORE/inline.h:1371:46: note: in expansion of macro 'PTR2nat'
 1371 |                                       |   (  PTR2nat(x) >> 1)                 \
      |                                              ^~~~~~~
..\..\lib\CORE/inline.h:1384:45: note: in expansion of macro 'PERL_IS_SUBWORD_ADDR'
 1384 |                           + PERL_WORDSIZE * PERL_IS_SUBWORD_ADDR(x)
      |                                             ^~~~~~~~~~~~~~~~~~~~
..\..\lib\CORE/perl.h:2524:25: warning: cast from pointer to integer of different size [-Wpointer-to-int-cast]
 2524 | #define PTR2nat(p)      (PTRV)(p)       /* pointer to integer of PTRSIZE */
      |                         ^
..\..\lib\CORE/inline.h:1372:46: note: in expansion of macro 'PTR2nat'
 1372 |                                       | ( ( (PTR2nat(x)                       \
      |                                              ^~~~~~~
..\..\lib\CORE/inline.h:1384:45: note: in expansion of macro 'PERL_IS_SUBWORD_ADDR'
 1384 |                           + PERL_WORDSIZE * PERL_IS_SUBWORD_ADDR(x)
      |                                             ^~~~~~~~~~~~~~~~~~~~
..\..\lib\CORE/perl.h:2524:25: warning: cast from pointer to integer of different size [-Wpointer-to-int-cast]
 2524 | #define PTR2nat(p)      (PTRV)(p)       /* pointer to integer of PTRSIZE */
      |                         ^
..\..\lib\CORE/inline.h:1387:30: note: in expansion of macro 'PTR2nat'
 1387 |                           - (PTR2nat(x) & PERL_WORD_BOUNDARY_MASK))
      |                              ^~~~~~~
..\..\lib\CORE/perl.h:2524:25: warning: cast from pointer to integer of different size [-Wpointer-to-int-cast]
 2524 | #define PTR2nat(p)      (PTRV)(p)       /* pointer to integer of PTRSIZE */
      |                         ^
..\..\lib\CORE/inline.h:1392:16: note: in expansion of macro 'PTR2nat'
 1392 |         while (PTR2nat(x) & PERL_WORD_BOUNDARY_MASK) {
      |                ^~~~~~~
In file included from ..\..\lib\CORE/perl.h:6225:
Encode.xs: In function 'Encode_XSEncoding':
..\..\lib\CORE/perl.h:2496:33: warning: cast from pointer to integer of different size [-Wpointer-to-int-cast]
 2496 | #  define INT2PTR(any,d)        (any)(d)
      |                                 ^
..\..\lib\CORE/embed.h:436:68: note: in definition of macro 'newSViv'
  436 | # define newSViv(a)                             Perl_newSViv(aTHX_ a)
      |                                                                    ^
..\..\lib\CORE/perl.h:2521:25: note: in expansion of macro 'INT2PTR'
 2521 | #define PTR2IV(p)       INT2PTR(IV,p)
      |                         ^~~~~~~
Encode.xs:41:25: note: in expansion of macro 'PTR2IV'
   41 |     SV *iv    = newSViv(PTR2IV(enc));
      |                         ^~~~~~
Encode.xs: In function 'XS_Encode__XS_name':
..\..\lib\CORE/perl.h:2496:33: warning: cast to pointer from integer of different size [-Wint-to-pointer-cast]
 2496 | #  define INT2PTR(any,d)        (any)(d)
      |                                 ^
Encode.xs:772:11: note: in expansion of macro 'INT2PTR'
  772 |     enc = INT2PTR(encode_t *, SvIV(SvRV(obj)));
      |           ^~~~~~~
Encode.xs: In function 'XS_Encode__XS_cat_decode':
..\..\lib\CORE/perl.h:2496:33: warning: cast to pointer from integer of different size [-Wint-to-pointer-cast]
 2496 | #  define INT2PTR(any,d)        (any)(d)
      |                                 ^
Encode.xs:802:11: note: in expansion of macro 'INT2PTR'
  802 |     enc = INT2PTR(encode_t *, SvIV(SvRV(obj)));
      |           ^~~~~~~
Encode.xs: In function 'XS_Encode__XS_decode':
..\..\lib\CORE/perl.h:2496:33: warning: cast to pointer from integer of different size [-Wint-to-pointer-cast]
 2496 | #  define INT2PTR(any,d)        (any)(d)
      |                                 ^
Encode.xs:837:11: note: in expansion of macro 'INT2PTR'
  837 |     enc = INT2PTR(encode_t *, SvIV(SvRV(obj)));
      |           ^~~~~~~
Encode.xs: In function 'XS_Encode__XS_encode':
..\..\lib\CORE/perl.h:2496:33: warning: cast to pointer from integer of different size [-Wint-to-pointer-cast]
 2496 | #  define INT2PTR(any,d)        (any)(d)
      |                                 ^
Encode.xs:869:11: note: in expansion of macro 'INT2PTR'
  869 |     enc = INT2PTR(encode_t *, SvIV(SvRV(obj)));
      |           ^~~~~~~
Encode.xs: In function 'XS_Encode__XS_mime_name':
..\..\lib\CORE/perl.h:2496:33: warning: cast to pointer from integer of different size [-Wint-to-pointer-cast]
 2496 | #  define INT2PTR(any,d)        (any)(d)
      |                                 ^
Encode.xs:908:11: note: in expansion of macro 'INT2PTR'
  908 |     enc = INT2PTR(encode_t *, SvIV(SvRV(obj)));
      |           ^~~~~~~
gcc -c  -IEncode -D_WIN32_WINNT=0x0501 -DWINVER=0x0501 -D_WIN32_WINDOWS=0x0501 -march=pentium4 -DWIN32 -DPERL_TEXTMODE_SCRIPTS -DMULTIPLICITY -DPERL_IMPLICIT_SYS -DUSE_PERLIO -D__USE_MINGW_ANSI_STDIO -fwrapv -fno-strict-aliasing -mms-bitfields -Os   -DVERSION=\"3.21\" -DXS_VERSION=\"3.21\"  "-I..\..\lib\CORE"   def_t.c
gcc -c  -IEncode -D_WIN32_WINNT=0x0501 -DWINVER=0x0501 -D_WIN32_WINDOWS=0x0501 -march=pentium4 -DWIN32 -DPERL_TEXTMODE_SCRIPTS -DMULTIPLICITY -DPERL_IMPLICIT_SYS -DUSE_PERLIO -D__USE_MINGW_ANSI_STDIO -fwrapv -fno-strict-aliasing -mms-bitfields -Os   -DVERSION=\"3.21\" -DXS_VERSION=\"3.21\"  "-I..\..\lib\CORE"   encengine.c
In file included from encengine.c:91:
..\..\lib\CORE/inline.h: In function 'Perl_is_utf8_invariant_string_loc':
..\..\lib\CORE/perl.h:2524:25: warning: cast from pointer to integer of different size [-Wpointer-to-int-cast]
 2524 | #define PTR2nat(p)      (PTRV)(p)       /* pointer to integer of PTRSIZE */
      |                         ^
..\..\lib\CORE/inline.h:1370:48: note: in expansion of macro 'PTR2nat'
 1370 | #  define PERL_IS_SUBWORD_ADDR(x) (1 & (       PTR2nat(x)                     \
      |                                                ^~~~~~~
..\..\lib\CORE/inline.h:1384:45: note: in expansion of macro 'PERL_IS_SUBWORD_ADDR'
 1384 |                           + PERL_WORDSIZE * PERL_IS_SUBWORD_ADDR(x)
      |                                             ^~~~~~~~~~~~~~~~~~~~
..\..\lib\CORE/perl.h:2524:25: warning: cast from pointer to integer of different size [-Wpointer-to-int-cast]
 2524 | #define PTR2nat(p)      (PTRV)(p)       /* pointer to integer of PTRSIZE */
      |                         ^
..\..\lib\CORE/inline.h:1371:46: note: in expansion of macro 'PTR2nat'
 1371 |                                       |   (  PTR2nat(x) >> 1)                 \
      |                                              ^~~~~~~
..\..\lib\CORE/inline.h:1384:45: note: in expansion of macro 'PERL_IS_SUBWORD_ADDR'
 1384 |                           + PERL_WORDSIZE * PERL_IS_SUBWORD_ADDR(x)
      |                                             ^~~~~~~~~~~~~~~~~~~~
..\..\lib\CORE/perl.h:2524:25: warning: cast from pointer to integer of different size [-Wpointer-to-int-cast]
 2524 | #define PTR2nat(p)      (PTRV)(p)       /* pointer to integer of PTRSIZE */
      |                         ^
..\..\lib\CORE/inline.h:1372:46: note: in expansion of macro 'PTR2nat'
 1372 |                                       | ( ( (PTR2nat(x)                       \
      |                                              ^~~~~~~
..\..\lib\CORE/inline.h:1384:45: note: in expansion of macro 'PERL_IS_SUBWORD_ADDR'
 1384 |                           + PERL_WORDSIZE * PERL_IS_SUBWORD_ADDR(x)
      |                                             ^~~~~~~~~~~~~~~~~~~~
..\..\lib\CORE/perl.h:2524:25: warning: cast from pointer to integer of different size [-Wpointer-to-int-cast]
 2524 | #define PTR2nat(p)      (PTRV)(p)       /* pointer to integer of PTRSIZE */
      |                         ^
..\..\lib\CORE/inline.h:1387:30: note: in expansion of macro 'PTR2nat'
 1387 |                           - (PTR2nat(x) & PERL_WORD_BOUNDARY_MASK))
      |                              ^~~~~~~
..\..\lib\CORE/perl.h:2524:25: warning: cast from pointer to integer of different size [-Wpointer-to-int-cast]
 2524 | #define PTR2nat(p)      (PTRV)(p)       /* pointer to integer of PTRSIZE */
      |                         ^
..\..\lib\CORE/inline.h:1392:16: note: in expansion of macro 'PTR2nat'
 1392 |         while (PTR2nat(x) & PERL_WORD_BOUNDARY_MASK) {
      |                ^~~~~~~
g++ Encode.def -o ..\..\lib\auto\Encode\Encode.dll -shared -s -L"c:\perl\lib\CORE" -L"C:\toolchains\w64devkit\lib" -L"C:\toolchains\w64devkit\i686-w64-mingw32\lib" -L"C:\toolchains\w64devkit\lib\gcc\i686-w64-mingw32\16.2.0" Encode.o def_t.o encengine.o   "..\..\lib\CORE\libperl540.a" -lmoldname -lkernel32 -luser32 -lgdi32 -lwinspool -lcomdlg32 -ladvapi32 -lshell32 -lole32 -loleaut32 -lnetapi32 -luuid -lws2_32 -lmpr -lwinmm -lversion -lodbc32 -lodbccp32 -lcomctl32 -Wl,--enable-auto-image-base
"D:\perl-xp\perl-5.40.3\miniperl.exe" "-I..\..\lib" -MExtUtils::Command -e chmod -- 755 ..\..\lib\auto\Encode\Encode.dll
"D:\perl-xp\perl-5.40.3\miniperl.exe" "-I..\..\lib" -MExtUtils::Command -e cp -- bin/enc2xs blib\script\enc2xs
"D:\perl-xp\perl-5.40.3\miniperl.exe" "-I..\..\lib" -I..\..\cpan\ExtUtils-PL2Bat\lib ..\..\win32\bin\pl2bat.pl blib\script\enc2xs
"D:\perl-xp\perl-5.40.3\miniperl.exe" "-I..\..\lib" -MExtUtils::Command -e cp -- bin/encguess blib\script\encguess
"D:\perl-xp\perl-5.40.3\miniperl.exe" "-I..\..\lib" -I..\..\cpan\ExtUtils-PL2Bat\lib ..\..\win32\bin\pl2bat.pl blib\script\encguess
"D:\perl-xp\perl-5.40.3\miniperl.exe" "-I..\..\lib" -MExtUtils::Command -e cp -- bin/piconv blib\script\piconv
"D:\perl-xp\perl-5.40.3\miniperl.exe" "-I..\..\lib" -I..\..\cpan\ExtUtils-PL2Bat\lib ..\..\win32\bin\pl2bat.pl blib\script\piconv
gmake[1]: Leaving directory 'D:/perl-xp/perl-5.40.3/cpan/Encode'
Generating a gmake-style Makefile
Writing Makefile for Fcntl
gmake[1]: Entering directory 'D:/perl-xp/perl-5.40.3/ext/Fcntl'
Running Mkbootstrap for Fcntl ()
"D:\perl-xp\perl-5.40.3\miniperl.exe" "-I..\..\lib" -MExtUtils::Command -e chmod -- 644 "Fcntl.bs"
"D:\perl-xp\perl-5.40.3\miniperl.exe" "-I..\..\lib" -MExtUtils::Command::MM -e cp_nonempty -- Fcntl.bs ..\..\lib\auto\Fcntl\Fcntl.bs 644
gcc -c   -D_WIN32_WINNT=0x0501 -DWINVER=0x0501 -D_WIN32_WINDOWS=0x0501 -march=pentium4 -DWIN32 -DPERL_TEXTMODE_SCRIPTS -DMULTIPLICITY -DPERL_IMPLICIT_SYS -DUSE_PERLIO -D__USE_MINGW_ANSI_STDIO -fwrapv -fno-strict-aliasing -mms-bitfields -Os   -DVERSION=\"1.18\" -DXS_VERSION=\"1.18\"  "-I..\..\lib\CORE"   Fcntl.c
In file included from Fcntl.xs:3:
..\..\lib\CORE/inline.h: In function 'Perl_is_utf8_invariant_string_loc':
..\..\lib\CORE/perl.h:2524:25: warning: cast from pointer to integer of different size [-Wpointer-to-int-cast]
 2524 | #define PTR2nat(p)      (PTRV)(p)       /* pointer to integer of PTRSIZE */
      |                         ^
..\..\lib\CORE/inline.h:1370:48: note: in expansion of macro 'PTR2nat'
 1370 | #  define PERL_IS_SUBWORD_ADDR(x) (1 & (       PTR2nat(x)                     \
      |                                                ^~~~~~~
..\..\lib\CORE/inline.h:1384:45: note: in expansion of macro 'PERL_IS_SUBWORD_ADDR'
 1384 |                           + PERL_WORDSIZE * PERL_IS_SUBWORD_ADDR(x)
      |                                             ^~~~~~~~~~~~~~~~~~~~
..\..\lib\CORE/perl.h:2524:25: warning: cast from pointer to integer of different size [-Wpointer-to-int-cast]
 2524 | #define PTR2nat(p)      (PTRV)(p)       /* pointer to integer of PTRSIZE */
      |                         ^
..\..\lib\CORE/inline.h:1371:46: note: in expansion of macro 'PTR2nat'
 1371 |                                       |   (  PTR2nat(x) >> 1)                 \
      |                                              ^~~~~~~
..\..\lib\CORE/inline.h:1384:45: note: in expansion of macro 'PERL_IS_SUBWORD_ADDR'
 1384 |                           + PERL_WORDSIZE * PERL_IS_SUBWORD_ADDR(x)
      |                                             ^~~~~~~~~~~~~~~~~~~~
..\..\lib\CORE/perl.h:2524:25: warning: cast from pointer to integer of different size [-Wpointer-to-int-cast]
 2524 | #define PTR2nat(p)      (PTRV)(p)       /* pointer to integer of PTRSIZE */
      |                         ^
..\..\lib\CORE/inline.h:1372:46: note: in expansion of macro 'PTR2nat'
 1372 |                                       | ( ( (PTR2nat(x)                       \
      |                                              ^~~~~~~
..\..\lib\CORE/inline.h:1384:45: note: in expansion of macro 'PERL_IS_SUBWORD_ADDR'
 1384 |                           + PERL_WORDSIZE * PERL_IS_SUBWORD_ADDR(x)
      |                                             ^~~~~~~~~~~~~~~~~~~~
..\..\lib\CORE/perl.h:2524:25: warning: cast from pointer to integer of different size [-Wpointer-to-int-cast]
 2524 | #define PTR2nat(p)      (PTRV)(p)       /* pointer to integer of PTRSIZE */
      |                         ^
..\..\lib\CORE/inline.h:1387:30: note: in expansion of macro 'PTR2nat'
 1387 |                           - (PTR2nat(x) & PERL_WORD_BOUNDARY_MASK))
      |                              ^~~~~~~
..\..\lib\CORE/perl.h:2524:25: warning: cast from pointer to integer of different size [-Wpointer-to-int-cast]
 2524 | #define PTR2nat(p)      (PTRV)(p)       /* pointer to integer of PTRSIZE */
      |                         ^
..\..\lib\CORE/inline.h:1392:16: note: in expansion of macro 'PTR2nat'
 1392 |         while (PTR2nat(x) & PERL_WORD_BOUNDARY_MASK) {
      |                ^~~~~~~
g++ Fcntl.def -o ..\..\lib\auto\Fcntl\Fcntl.dll -shared -s -L"c:\perl\lib\CORE" -L"C:\toolchains\w64devkit\lib" -L"C:\toolchains\w64devkit\i686-w64-mingw32\lib" -L"C:\toolchains\w64devkit\lib\gcc\i686-w64-mingw32\16.2.0" Fcntl.o   "..\..\lib\CORE\libperl540.a" -lmoldname -lkernel32 -luser32 -lgdi32 -lwinspool -lcomdlg32 -ladvapi32 -lshell32 -lole32 -loleaut32 -lnetapi32 -luuid -lws2_32 -lmpr -lwinmm -lversion -lodbc32 -lodbccp32 -lcomctl32 -Wl,--enable-auto-image-base
"D:\perl-xp\perl-5.40.3\miniperl.exe" "-I..\..\lib" -MExtUtils::Command -e chmod -- 755 ..\..\lib\auto\Fcntl\Fcntl.dll
gmake[1]: Leaving directory 'D:/perl-xp/perl-5.40.3/ext/Fcntl'
Generating a gmake-style Makefile
Writing Makefile for File::DosGlob
gmake[1]: Entering directory 'D:/perl-xp/perl-5.40.3/ext/File-DosGlob'
Running Mkbootstrap for DosGlob ()
"D:\perl-xp\perl-5.40.3\miniperl.exe" "-I..\..\lib" -MExtUtils::Command -e chmod -- 644 "DosGlob.bs"
"D:\perl-xp\perl-5.40.3\miniperl.exe" "-I..\..\lib" -MExtUtils::Command::MM -e cp_nonempty -- DosGlob.bs ..\..\lib\auto\File\DosGlob\DosGlob.bs 644
gcc -c   -D_WIN32_WINNT=0x0501 -DWINVER=0x0501 -D_WIN32_WINDOWS=0x0501 -march=pentium4 -DWIN32 -DPERL_TEXTMODE_SCRIPTS -DMULTIPLICITY -DPERL_IMPLICIT_SYS -DUSE_PERLIO -D__USE_MINGW_ANSI_STDIO -fwrapv -fno-strict-aliasing -mms-bitfields -Os   -DVERSION=\"1.12\" -DXS_VERSION=\"1.12\"  "-I..\..\lib\CORE"   DosGlob.c
In file included from DosGlob.xs:4:
..\..\lib\CORE/inline.h: In function 'Perl_is_utf8_invariant_string_loc':
..\..\lib\CORE/perl.h:2524:25: warning: cast from pointer to integer of different size [-Wpointer-to-int-cast]
 2524 | #define PTR2nat(p)      (PTRV)(p)       /* pointer to integer of PTRSIZE */
      |                         ^
..\..\lib\CORE/inline.h:1370:48: note: in expansion of macro 'PTR2nat'
 1370 | #  define PERL_IS_SUBWORD_ADDR(x) (1 & (       PTR2nat(x)                     \
      |                                                ^~~~~~~
..\..\lib\CORE/inline.h:1384:45: note: in expansion of macro 'PERL_IS_SUBWORD_ADDR'
 1384 |                           + PERL_WORDSIZE * PERL_IS_SUBWORD_ADDR(x)
      |                                             ^~~~~~~~~~~~~~~~~~~~
..\..\lib\CORE/perl.h:2524:25: warning: cast from pointer to integer of different size [-Wpointer-to-int-cast]
 2524 | #define PTR2nat(p)      (PTRV)(p)       /* pointer to integer of PTRSIZE */
      |                         ^
..\..\lib\CORE/inline.h:1371:46: note: in expansion of macro 'PTR2nat'
 1371 |                                       |   (  PTR2nat(x) >> 1)                 \
      |                                              ^~~~~~~
..\..\lib\CORE/inline.h:1384:45: note: in expansion of macro 'PERL_IS_SUBWORD_ADDR'
 1384 |                           + PERL_WORDSIZE * PERL_IS_SUBWORD_ADDR(x)
      |                                             ^~~~~~~~~~~~~~~~~~~~
..\..\lib\CORE/perl.h:2524:25: warning: cast from pointer to integer of different size [-Wpointer-to-int-cast]
 2524 | #define PTR2nat(p)      (PTRV)(p)       /* pointer to integer of PTRSIZE */
      |                         ^
..\..\lib\CORE/inline.h:1372:46: note: in expansion of macro 'PTR2nat'
 1372 |                                       | ( ( (PTR2nat(x)                       \
      |                                              ^~~~~~~
..\..\lib\CORE/inline.h:1384:45: note: in expansion of macro 'PERL_IS_SUBWORD_ADDR'
 1384 |                           + PERL_WORDSIZE * PERL_IS_SUBWORD_ADDR(x)
      |                                             ^~~~~~~~~~~~~~~~~~~~
..\..\lib\CORE/perl.h:2524:25: warning: cast from pointer to integer of different size [-Wpointer-to-int-cast]
 2524 | #define PTR2nat(p)      (PTRV)(p)       /* pointer to integer of PTRSIZE */
      |                         ^
..\..\lib\CORE/inline.h:1387:30: note: in expansion of macro 'PTR2nat'
 1387 |                           - (PTR2nat(x) & PERL_WORD_BOUNDARY_MASK))
      |                              ^~~~~~~
..\..\lib\CORE/perl.h:2524:25: warning: cast from pointer to integer of different size [-Wpointer-to-int-cast]
 2524 | #define PTR2nat(p)      (PTRV)(p)       /* pointer to integer of PTRSIZE */
      |                         ^
..\..\lib\CORE/inline.h:1392:16: note: in expansion of macro 'PTR2nat'
 1392 |         while (PTR2nat(x) & PERL_WORD_BOUNDARY_MASK) {
      |                ^~~~~~~
g++ DosGlob.def -o ..\..\lib\auto\File\DosGlob\DosGlob.dll -shared -s -L"c:\perl\lib\CORE" -L"C:\toolchains\w64devkit\lib" -L"C:\toolchains\w64devkit\i686-w64-mingw32\lib" -L"C:\toolchains\w64devkit\lib\gcc\i686-w64-mingw32\16.2.0" DosGlob.o   "..\..\lib\CORE\libperl540.a" -lmoldname -lkernel32 -luser32 -lgdi32 -lwinspool -lcomdlg32 -ladvapi32 -lshell32 -lole32 -loleaut32 -lnetapi32 -luuid -lws2_32 -lmpr -lwinmm -lversion -lodbc32 -lodbccp32 -lcomctl32 -Wl,--enable-auto-image-base
"D:\perl-xp\perl-5.40.3\miniperl.exe" "-I..\..\lib" -MExtUtils::Command -e chmod -- 755 ..\..\lib\auto\File\DosGlob\DosGlob.dll
gmake[1]: Leaving directory 'D:/perl-xp/perl-5.40.3/ext/File-DosGlob'
Generating a gmake-style Makefile
Writing Makefile for File::Glob
gmake[1]: Entering directory 'D:/perl-xp/perl-5.40.3/ext/File-Glob'
Running Mkbootstrap for Glob ()
"D:\perl-xp\perl-5.40.3\miniperl.exe" "-I..\..\lib" -MExtUtils::Command -e chmod -- 644 "Glob.bs"
"D:\perl-xp\perl-5.40.3\miniperl.exe" "-I..\..\lib" -MExtUtils::Command::MM -e cp_nonempty -- Glob.bs ..\..\lib\auto\File\Glob\Glob.bs 644
gcc -c   -D_WIN32_WINNT=0x0501 -DWINVER=0x0501 -D_WIN32_WINDOWS=0x0501 -march=pentium4 -DWIN32 -DPERL_TEXTMODE_SCRIPTS -DMULTIPLICITY -DPERL_IMPLICIT_SYS -DUSE_PERLIO -D__USE_MINGW_ANSI_STDIO -fwrapv -fno-strict-aliasing -mms-bitfields -Os   -DVERSION=\"1.42\" -DXS_VERSION=\"1.42\"  "-I..\..\lib\CORE"   bsd_glob.c
In file included from bsd_glob.c:69:
..\..\lib\CORE/inline.h: In function 'Perl_is_utf8_invariant_string_loc':
..\..\lib\CORE/perl.h:2524:25: warning: cast from pointer to integer of different size [-Wpointer-to-int-cast]
 2524 | #define PTR2nat(p)      (PTRV)(p)       /* pointer to integer of PTRSIZE */
      |                         ^
..\..\lib\CORE/inline.h:1370:48: note: in expansion of macro 'PTR2nat'
 1370 | #  define PERL_IS_SUBWORD_ADDR(x) (1 & (       PTR2nat(x)                     \
      |                                                ^~~~~~~
..\..\lib\CORE/inline.h:1384:45: note: in expansion of macro 'PERL_IS_SUBWORD_ADDR'
 1384 |                           + PERL_WORDSIZE * PERL_IS_SUBWORD_ADDR(x)
      |                                             ^~~~~~~~~~~~~~~~~~~~
..\..\lib\CORE/perl.h:2524:25: warning: cast from pointer to integer of different size [-Wpointer-to-int-cast]
 2524 | #define PTR2nat(p)      (PTRV)(p)       /* pointer to integer of PTRSIZE */
      |                         ^
..\..\lib\CORE/inline.h:1371:46: note: in expansion of macro 'PTR2nat'
 1371 |                                       |   (  PTR2nat(x) >> 1)                 \
      |                                              ^~~~~~~
..\..\lib\CORE/inline.h:1384:45: note: in expansion of macro 'PERL_IS_SUBWORD_ADDR'
 1384 |                           + PERL_WORDSIZE * PERL_IS_SUBWORD_ADDR(x)
      |                                             ^~~~~~~~~~~~~~~~~~~~
..\..\lib\CORE/perl.h:2524:25: warning: cast from pointer to integer of different size [-Wpointer-to-int-cast]
 2524 | #define PTR2nat(p)      (PTRV)(p)       /* pointer to integer of PTRSIZE */
      |                         ^
..\..\lib\CORE/inline.h:1372:46: note: in expansion of macro 'PTR2nat'
 1372 |                                       | ( ( (PTR2nat(x)                       \
      |                                              ^~~~~~~
..\..\lib\CORE/inline.h:1384:45: note: in expansion of macro 'PERL_IS_SUBWORD_ADDR'
 1384 |                           + PERL_WORDSIZE * PERL_IS_SUBWORD_ADDR(x)
      |                                             ^~~~~~~~~~~~~~~~~~~~
..\..\lib\CORE/perl.h:2524:25: warning: cast from pointer to integer of different size [-Wpointer-to-int-cast]
 2524 | #define PTR2nat(p)      (PTRV)(p)       /* pointer to integer of PTRSIZE */
      |                         ^
..\..\lib\CORE/inline.h:1387:30: note: in expansion of macro 'PTR2nat'
 1387 |                           - (PTR2nat(x) & PERL_WORD_BOUNDARY_MASK))
      |                              ^~~~~~~
..\..\lib\CORE/perl.h:2524:25: warning: cast from pointer to integer of different size [-Wpointer-to-int-cast]
 2524 | #define PTR2nat(p)      (PTRV)(p)       /* pointer to integer of PTRSIZE */
      |                         ^
..\..\lib\CORE/inline.h:1392:16: note: in expansion of macro 'PTR2nat'
 1392 |         while (PTR2nat(x) & PERL_WORD_BOUNDARY_MASK) {
      |                ^~~~~~~
gcc -c   -D_WIN32_WINNT=0x0501 -DWINVER=0x0501 -D_WIN32_WINDOWS=0x0501 -march=pentium4 -DWIN32 -DPERL_TEXTMODE_SCRIPTS -DMULTIPLICITY -DPERL_IMPLICIT_SYS -DUSE_PERLIO -D__USE_MINGW_ANSI_STDIO -fwrapv -fno-strict-aliasing -mms-bitfields -Os   -DVERSION=\"1.42\" -DXS_VERSION=\"1.42\"  "-I..\..\lib\CORE"   Glob.c
In file included from Glob.xs:4:
..\..\lib\CORE/inline.h: In function 'Perl_is_utf8_invariant_string_loc':
..\..\lib\CORE/perl.h:2524:25: warning: cast from pointer to integer of different size [-Wpointer-to-int-cast]
 2524 | #define PTR2nat(p)      (PTRV)(p)       /* pointer to integer of PTRSIZE */
      |                         ^
..\..\lib\CORE/inline.h:1370:48: note: in expansion of macro 'PTR2nat'
 1370 | #  define PERL_IS_SUBWORD_ADDR(x) (1 & (       PTR2nat(x)                     \
      |                                                ^~~~~~~
..\..\lib\CORE/inline.h:1384:45: note: in expansion of macro 'PERL_IS_SUBWORD_ADDR'
 1384 |                           + PERL_WORDSIZE * PERL_IS_SUBWORD_ADDR(x)
      |                                             ^~~~~~~~~~~~~~~~~~~~
..\..\lib\CORE/perl.h:2524:25: warning: cast from pointer to integer of different size [-Wpointer-to-int-cast]
 2524 | #define PTR2nat(p)      (PTRV)(p)       /* pointer to integer of PTRSIZE */
      |                         ^
..\..\lib\CORE/inline.h:1371:46: note: in expansion of macro 'PTR2nat'
 1371 |                                       |   (  PTR2nat(x) >> 1)                 \
      |                                              ^~~~~~~
..\..\lib\CORE/inline.h:1384:45: note: in expansion of macro 'PERL_IS_SUBWORD_ADDR'
 1384 |                           + PERL_WORDSIZE * PERL_IS_SUBWORD_ADDR(x)
      |                                             ^~~~~~~~~~~~~~~~~~~~
..\..\lib\CORE/perl.h:2524:25: warning: cast from pointer to integer of different size [-Wpointer-to-int-cast]
 2524 | #define PTR2nat(p)      (PTRV)(p)       /* pointer to integer of PTRSIZE */
      |                         ^
..\..\lib\CORE/inline.h:1372:46: note: in expansion of macro 'PTR2nat'
 1372 |                                       | ( ( (PTR2nat(x)                       \
      |                                              ^~~~~~~
..\..\lib\CORE/inline.h:1384:45: note: in expansion of macro 'PERL_IS_SUBWORD_ADDR'
 1384 |                           + PERL_WORDSIZE * PERL_IS_SUBWORD_ADDR(x)
      |                                             ^~~~~~~~~~~~~~~~~~~~
..\..\lib\CORE/perl.h:2524:25: warning: cast from pointer to integer of different size [-Wpointer-to-int-cast]
 2524 | #define PTR2nat(p)      (PTRV)(p)       /* pointer to integer of PTRSIZE */
      |                         ^
..\..\lib\CORE/inline.h:1387:30: note: in expansion of macro 'PTR2nat'
 1387 |                           - (PTR2nat(x) & PERL_WORD_BOUNDARY_MASK))
      |                              ^~~~~~~
..\..\lib\CORE/perl.h:2524:25: warning: cast from pointer to integer of different size [-Wpointer-to-int-cast]
 2524 | #define PTR2nat(p)      (PTRV)(p)       /* pointer to integer of PTRSIZE */
      |                         ^
..\..\lib\CORE/inline.h:1392:16: note: in expansion of macro 'PTR2nat'
 1392 |         while (PTR2nat(x) & PERL_WORD_BOUNDARY_MASK) {
      |                ^~~~~~~
g++ Glob.def -o ..\..\lib\auto\File\Glob\Glob.dll -shared -s -L"c:\perl\lib\CORE" -L"C:\toolchains\w64devkit\lib" -L"C:\toolchains\w64devkit\i686-w64-mingw32\lib" -L"C:\toolchains\w64devkit\lib\gcc\i686-w64-mingw32\16.2.0" bsd_glob.o Glob.o   "..\..\lib\CORE\libperl540.a" -lmoldname -lkernel32 -luser32 -lgdi32 -lwinspool -lcomdlg32 -ladvapi32 -lshell32 -lole32 -loleaut32 -lnetapi32 -luuid -lws2_32 -lmpr -lwinmm -lversion -lodbc32 -lodbccp32 -lcomctl32 -Wl,--enable-auto-image-base
"D:\perl-xp\perl-5.40.3\miniperl.exe" "-I..\..\lib" -MExtUtils::Command -e chmod -- 755 ..\..\lib\auto\File\Glob\Glob.dll
gmake[1]: Leaving directory 'D:/perl-xp/perl-5.40.3/ext/File-Glob'
Generating a gmake-style Makefile
Writing Makefile for Filter::Util::Call
gmake[1]: Entering directory 'D:/perl-xp/perl-5.40.3/cpan/Filter-Util-Call'
Running Mkbootstrap for Call ()
"D:\perl-xp\perl-5.40.3\miniperl.exe" "-I..\..\lib" -MExtUtils::Command -e chmod -- 644 "Call.bs"
"D:\perl-xp\perl-5.40.3\miniperl.exe" "-I..\..\lib" -MExtUtils::Command::MM -e cp_nonempty -- Call.bs ..\..\lib\auto\Filter\Util\Call\Call.bs 644
gcc -c   -D_WIN32_WINNT=0x0501 -DWINVER=0x0501 -D_WIN32_WINDOWS=0x0501 -march=pentium4 -DWIN32 -DPERL_TEXTMODE_SCRIPTS -DMULTIPLICITY -DPERL_IMPLICIT_SYS -DUSE_PERLIO -D__USE_MINGW_ANSI_STDIO -fwrapv -fno-strict-aliasing -mms-bitfields -Os   -DVERSION=\"1.64\" -DXS_VERSION=\"1.64\"  "-I..\..\lib\CORE"   Call.c
In file included from Call.xs:17:
..\..\lib\CORE/inline.h: In function 'Perl_is_utf8_invariant_string_loc':
..\..\lib\CORE/perl.h:2524:25: warning: cast from pointer to integer of different size [-Wpointer-to-int-cast]
 2524 | #define PTR2nat(p)      (PTRV)(p)       /* pointer to integer of PTRSIZE */
      |                         ^
..\..\lib\CORE/inline.h:1370:48: note: in expansion of macro 'PTR2nat'
 1370 | #  define PERL_IS_SUBWORD_ADDR(x) (1 & (       PTR2nat(x)                     \
      |                                                ^~~~~~~
..\..\lib\CORE/inline.h:1384:45: note: in expansion of macro 'PERL_IS_SUBWORD_ADDR'
 1384 |                           + PERL_WORDSIZE * PERL_IS_SUBWORD_ADDR(x)
      |                                             ^~~~~~~~~~~~~~~~~~~~
..\..\lib\CORE/perl.h:2524:25: warning: cast from pointer to integer of different size [-Wpointer-to-int-cast]
 2524 | #define PTR2nat(p)      (PTRV)(p)       /* pointer to integer of PTRSIZE */
      |                         ^
..\..\lib\CORE/inline.h:1371:46: note: in expansion of macro 'PTR2nat'
 1371 |                                       |   (  PTR2nat(x) >> 1)                 \
      |                                              ^~~~~~~
..\..\lib\CORE/inline.h:1384:45: note: in expansion of macro 'PERL_IS_SUBWORD_ADDR'
 1384 |                           + PERL_WORDSIZE * PERL_IS_SUBWORD_ADDR(x)
      |                                             ^~~~~~~~~~~~~~~~~~~~
..\..\lib\CORE/perl.h:2524:25: warning: cast from pointer to integer of different size [-Wpointer-to-int-cast]
 2524 | #define PTR2nat(p)      (PTRV)(p)       /* pointer to integer of PTRSIZE */
      |                         ^
..\..\lib\CORE/inline.h:1372:46: note: in expansion of macro 'PTR2nat'
 1372 |                                       | ( ( (PTR2nat(x)                       \
      |                                              ^~~~~~~
..\..\lib\CORE/inline.h:1384:45: note: in expansion of macro 'PERL_IS_SUBWORD_ADDR'
 1384 |                           + PERL_WORDSIZE * PERL_IS_SUBWORD_ADDR(x)
      |                                             ^~~~~~~~~~~~~~~~~~~~
..\..\lib\CORE/perl.h:2524:25: warning: cast from pointer to integer of different size [-Wpointer-to-int-cast]
 2524 | #define PTR2nat(p)      (PTRV)(p)       /* pointer to integer of PTRSIZE */
      |                         ^
..\..\lib\CORE/inline.h:1387:30: note: in expansion of macro 'PTR2nat'
 1387 |                           - (PTR2nat(x) & PERL_WORD_BOUNDARY_MASK))
      |                              ^~~~~~~
..\..\lib\CORE/perl.h:2524:25: warning: cast from pointer to integer of different size [-Wpointer-to-int-cast]
 2524 | #define PTR2nat(p)      (PTRV)(p)       /* pointer to integer of PTRSIZE */
      |                         ^
..\..\lib\CORE/inline.h:1392:16: note: in expansion of macro 'PTR2nat'
 1392 |         while (PTR2nat(x) & PERL_WORD_BOUNDARY_MASK) {
      |                ^~~~~~~
g++ Call.def -o ..\..\lib\auto\Filter\Util\Call\Call.dll -shared -s -L"c:\perl\lib\CORE" -L"C:\toolchains\w64devkit\lib" -L"C:\toolchains\w64devkit\i686-w64-mingw32\lib" -L"C:\toolchains\w64devkit\lib\gcc\i686-w64-mingw32\16.2.0" Call.o   "..\..\lib\CORE\libperl540.a" -lmoldname -lkernel32 -luser32 -lgdi32 -lwinspool -lcomdlg32 -ladvapi32 -lshell32 -lole32 -loleaut32 -lnetapi32 -luuid -lws2_32 -lmpr -lwinmm -lversion -lodbc32 -lodbccp32 -lcomctl32 -Wl,--enable-auto-image-base
"D:\perl-xp\perl-5.40.3\miniperl.exe" "-I..\..\lib" -MExtUtils::Command -e chmod -- 755 ..\..\lib\auto\Filter\Util\Call\Call.dll
gmake[1]: Leaving directory 'D:/perl-xp/perl-5.40.3/cpan/Filter-Util-Call'
Generating a gmake-style Makefile
Writing Makefile for Hash::Util
gmake[1]: Entering directory 'D:/perl-xp/perl-5.40.3/ext/Hash-Util'
Running Mkbootstrap for Util ()
"D:\perl-xp\perl-5.40.3\miniperl.exe" "-I..\..\lib" -MExtUtils::Command -e chmod -- 644 "Util.bs"
"D:\perl-xp\perl-5.40.3\miniperl.exe" "-I..\..\lib" -MExtUtils::Command::MM -e cp_nonempty -- Util.bs ..\..\lib\auto\Hash\Util\Util.bs 644
gcc -c   -D_WIN32_WINNT=0x0501 -DWINVER=0x0501 -D_WIN32_WINDOWS=0x0501 -march=pentium4 -DWIN32 -DPERL_TEXTMODE_SCRIPTS -DMULTIPLICITY -DPERL_IMPLICIT_SYS -DUSE_PERLIO -D__USE_MINGW_ANSI_STDIO -fwrapv -fno-strict-aliasing -mms-bitfields -Os   -DVERSION=\"0.32\" -DXS_VERSION=\"0.32\"  "-I..\..\lib\CORE"  -DPERL_EXT Util.c
In file included from Util.xs:4:
..\..\lib\CORE/inline.h: In function 'Perl_is_utf8_invariant_string_loc':
..\..\lib\CORE/perl.h:2524:25: warning: cast from pointer to integer of different size [-Wpointer-to-int-cast]
 2524 | #define PTR2nat(p)      (PTRV)(p)       /* pointer to integer of PTRSIZE */
      |                         ^
..\..\lib\CORE/inline.h:1370:48: note: in expansion of macro 'PTR2nat'
 1370 | #  define PERL_IS_SUBWORD_ADDR(x) (1 & (       PTR2nat(x)                     \
      |                                                ^~~~~~~
..\..\lib\CORE/inline.h:1384:45: note: in expansion of macro 'PERL_IS_SUBWORD_ADDR'
 1384 |                           + PERL_WORDSIZE * PERL_IS_SUBWORD_ADDR(x)
      |                                             ^~~~~~~~~~~~~~~~~~~~
..\..\lib\CORE/perl.h:2524:25: warning: cast from pointer to integer of different size [-Wpointer-to-int-cast]
 2524 | #define PTR2nat(p)      (PTRV)(p)       /* pointer to integer of PTRSIZE */
      |                         ^
..\..\lib\CORE/inline.h:1371:46: note: in expansion of macro 'PTR2nat'
 1371 |                                       |   (  PTR2nat(x) >> 1)                 \
      |                                              ^~~~~~~
..\..\lib\CORE/inline.h:1384:45: note: in expansion of macro 'PERL_IS_SUBWORD_ADDR'
 1384 |                           + PERL_WORDSIZE * PERL_IS_SUBWORD_ADDR(x)
      |                                             ^~~~~~~~~~~~~~~~~~~~
..\..\lib\CORE/perl.h:2524:25: warning: cast from pointer to integer of different size [-Wpointer-to-int-cast]
 2524 | #define PTR2nat(p)      (PTRV)(p)       /* pointer to integer of PTRSIZE */
      |                         ^
..\..\lib\CORE/inline.h:1372:46: note: in expansion of macro 'PTR2nat'
 1372 |                                       | ( ( (PTR2nat(x)                       \
      |                                              ^~~~~~~
..\..\lib\CORE/inline.h:1384:45: note: in expansion of macro 'PERL_IS_SUBWORD_ADDR'
 1384 |                           + PERL_WORDSIZE * PERL_IS_SUBWORD_ADDR(x)
      |                                             ^~~~~~~~~~~~~~~~~~~~
..\..\lib\CORE/perl.h:2524:25: warning: cast from pointer to integer of different size [-Wpointer-to-int-cast]
 2524 | #define PTR2nat(p)      (PTRV)(p)       /* pointer to integer of PTRSIZE */
      |                         ^
..\..\lib\CORE/inline.h:1387:30: note: in expansion of macro 'PTR2nat'
 1387 |                           - (PTR2nat(x) & PERL_WORD_BOUNDARY_MASK))
      |                              ^~~~~~~
..\..\lib\CORE/perl.h:2524:25: warning: cast from pointer to integer of different size [-Wpointer-to-int-cast]
 2524 | #define PTR2nat(p)      (PTRV)(p)       /* pointer to integer of PTRSIZE */
      |                         ^
..\..\lib\CORE/inline.h:1392:16: note: in expansion of macro 'PTR2nat'
 1392 |         while (PTR2nat(x) & PERL_WORD_BOUNDARY_MASK) {
      |                ^~~~~~~
..\..\lib\CORE/inline.h: In function 'S_variant_under_utf8_count':
..\..\lib\CORE/perl.h:2524:25: warning: cast from pointer to integer of different size [-Wpointer-to-int-cast]
 2524 | #define PTR2nat(p)      (PTRV)(p)       /* pointer to integer of PTRSIZE */
      |                         ^
..\..\lib\CORE/inline.h:1370:48: note: in expansion of macro 'PTR2nat'
 1370 | #  define PERL_IS_SUBWORD_ADDR(x) (1 & (       PTR2nat(x)                     \
      |                                                ^~~~~~~
..\..\lib\CORE/inline.h:1921:45: note: in expansion of macro 'PERL_IS_SUBWORD_ADDR'
 1921 |                           + PERL_WORDSIZE * PERL_IS_SUBWORD_ADDR(x)
      |                                             ^~~~~~~~~~~~~~~~~~~~
..\..\lib\CORE/perl.h:2524:25: warning: cast from pointer to integer of different size [-Wpointer-to-int-cast]
 2524 | #define PTR2nat(p)      (PTRV)(p)       /* pointer to integer of PTRSIZE */
      |                         ^
..\..\lib\CORE/inline.h:1371:46: note: in expansion of macro 'PTR2nat'
 1371 |                                       |   (  PTR2nat(x) >> 1)                 \
      |                                              ^~~~~~~
..\..\lib\CORE/inline.h:1921:45: note: in expansion of macro 'PERL_IS_SUBWORD_ADDR'
 1921 |                           + PERL_WORDSIZE * PERL_IS_SUBWORD_ADDR(x)
      |                                             ^~~~~~~~~~~~~~~~~~~~
..\..\lib\CORE/perl.h:2524:25: warning: cast from pointer to integer of different size [-Wpointer-to-int-cast]
 2524 | #define PTR2nat(p)      (PTRV)(p)       /* pointer to integer of PTRSIZE */
      |                         ^
..\..\lib\CORE/inline.h:1372:46: note: in expansion of macro 'PTR2nat'
 1372 |                                       | ( ( (PTR2nat(x)                       \
      |                                              ^~~~~~~
..\..\lib\CORE/inline.h:1921:45: note: in expansion of macro 'PERL_IS_SUBWORD_ADDR'
 1921 |                           + PERL_WORDSIZE * PERL_IS_SUBWORD_ADDR(x)
      |                                             ^~~~~~~~~~~~~~~~~~~~
..\..\lib\CORE/perl.h:2524:25: warning: cast from pointer to integer of different size [-Wpointer-to-int-cast]
 2524 | #define PTR2nat(p)      (PTRV)(p)       /* pointer to integer of PTRSIZE */
      |                         ^
..\..\lib\CORE/inline.h:1922:30: note: in expansion of macro 'PTR2nat'
 1922 |                           - (PTR2nat(x) & PERL_WORD_BOUNDARY_MASK))
      |                              ^~~~~~~
..\..\lib\CORE/perl.h:2524:25: warning: cast from pointer to integer of different size [-Wpointer-to-int-cast]
 2524 | #define PTR2nat(p)      (PTRV)(p)       /* pointer to integer of PTRSIZE */
      |                         ^
..\..\lib\CORE/inline.h:1927:16: note: in expansion of macro 'PTR2nat'
 1927 |         while (PTR2nat(x) & PERL_WORD_BOUNDARY_MASK) {
      |                ^~~~~~~
g++ Util.def -o ..\..\lib\auto\Hash\Util\Util.dll -shared -s -L"c:\perl\lib\CORE" -L"C:\toolchains\w64devkit\lib" -L"C:\toolchains\w64devkit\i686-w64-mingw32\lib" -L"C:\toolchains\w64devkit\lib\gcc\i686-w64-mingw32\16.2.0" Util.o   "..\..\lib\CORE\libperl540.a" -lmoldname -lkernel32 -luser32 -lgdi32 -lwinspool -lcomdlg32 -ladvapi32 -lshell32 -lole32 -loleaut32 -lnetapi32 -luuid -lws2_32 -lmpr -lwinmm -lversion -lodbc32 -lodbccp32 -lcomctl32 -Wl,--enable-auto-image-base
"D:\perl-xp\perl-5.40.3\miniperl.exe" "-I..\..\lib" -MExtUtils::Command -e chmod -- 755 ..\..\lib\auto\Hash\Util\Util.dll
gmake[1]: Leaving directory 'D:/perl-xp/perl-5.40.3/ext/Hash-Util'
Generating a gmake-style Makefile
Writing Makefile for Hash::Util::FieldHash
gmake[1]: Entering directory 'D:/perl-xp/perl-5.40.3/ext/Hash-Util-FieldHash'
Running Mkbootstrap for FieldHash ()
"D:\perl-xp\perl-5.40.3\miniperl.exe" "-I..\..\lib" -MExtUtils::Command -e chmod -- 644 "FieldHash.bs"
"D:\perl-xp\perl-5.40.3\miniperl.exe" "-I..\..\lib" -MExtUtils::Command::MM -e cp_nonempty -- FieldHash.bs ..\..\lib\auto\Hash\Util\FieldHash\FieldHash.bs 644
gcc -c   -D_WIN32_WINNT=0x0501 -DWINVER=0x0501 -D_WIN32_WINDOWS=0x0501 -march=pentium4 -DWIN32 -DPERL_TEXTMODE_SCRIPTS -DMULTIPLICITY -DPERL_IMPLICIT_SYS -DUSE_PERLIO -D__USE_MINGW_ANSI_STDIO -fwrapv -fno-strict-aliasing -mms-bitfields -Os   -DVERSION=\"1.27\" -DXS_VERSION=\"1.27\"  "-I..\..\lib\CORE"   FieldHash.c
In file included from FieldHash.xs:4:
..\..\lib\CORE/inline.h: In function 'Perl_is_utf8_invariant_string_loc':
..\..\lib\CORE/perl.h:2524:25: warning: cast from pointer to integer of different size [-Wpointer-to-int-cast]
 2524 | #define PTR2nat(p)      (PTRV)(p)       /* pointer to integer of PTRSIZE */
      |                         ^
..\..\lib\CORE/inline.h:1370:48: note: in expansion of macro 'PTR2nat'
 1370 | #  define PERL_IS_SUBWORD_ADDR(x) (1 & (       PTR2nat(x)                     \
      |                                                ^~~~~~~
..\..\lib\CORE/inline.h:1384:45: note: in expansion of macro 'PERL_IS_SUBWORD_ADDR'
 1384 |                           + PERL_WORDSIZE * PERL_IS_SUBWORD_ADDR(x)
      |                                             ^~~~~~~~~~~~~~~~~~~~
..\..\lib\CORE/perl.h:2524:25: warning: cast from pointer to integer of different size [-Wpointer-to-int-cast]
 2524 | #define PTR2nat(p)      (PTRV)(p)       /* pointer to integer of PTRSIZE */
      |                         ^
..\..\lib\CORE/inline.h:1371:46: note: in expansion of macro 'PTR2nat'
 1371 |                                       |   (  PTR2nat(x) >> 1)                 \
      |                                              ^~~~~~~
..\..\lib\CORE/inline.h:1384:45: note: in expansion of macro 'PERL_IS_SUBWORD_ADDR'
 1384 |                           + PERL_WORDSIZE * PERL_IS_SUBWORD_ADDR(x)
      |                                             ^~~~~~~~~~~~~~~~~~~~
..\..\lib\CORE/perl.h:2524:25: warning: cast from pointer to integer of different size [-Wpointer-to-int-cast]
 2524 | #define PTR2nat(p)      (PTRV)(p)       /* pointer to integer of PTRSIZE */
      |                         ^
..\..\lib\CORE/inline.h:1372:46: note: in expansion of macro 'PTR2nat'
 1372 |                                       | ( ( (PTR2nat(x)                       \
      |                                              ^~~~~~~
..\..\lib\CORE/inline.h:1384:45: note: in expansion of macro 'PERL_IS_SUBWORD_ADDR'
 1384 |                           + PERL_WORDSIZE * PERL_IS_SUBWORD_ADDR(x)
      |                                             ^~~~~~~~~~~~~~~~~~~~
..\..\lib\CORE/perl.h:2524:25: warning: cast from pointer to integer of different size [-Wpointer-to-int-cast]
 2524 | #define PTR2nat(p)      (PTRV)(p)       /* pointer to integer of PTRSIZE */
      |                         ^
..\..\lib\CORE/inline.h:1387:30: note: in expansion of macro 'PTR2nat'
 1387 |                           - (PTR2nat(x) & PERL_WORD_BOUNDARY_MASK))
      |                              ^~~~~~~
..\..\lib\CORE/perl.h:2524:25: warning: cast from pointer to integer of different size [-Wpointer-to-int-cast]
 2524 | #define PTR2nat(p)      (PTRV)(p)       /* pointer to integer of PTRSIZE */
      |                         ^
..\..\lib\CORE/inline.h:1392:16: note: in expansion of macro 'PTR2nat'
 1392 |         while (PTR2nat(x) & PERL_WORD_BOUNDARY_MASK) {
      |                ^~~~~~~
In file included from ..\..\lib\CORE/perl.h:6225:
FieldHash.xs: In function 'HUF_obj_id':
..\..\lib\CORE/perl.h:2496:33: warning: cast from pointer to integer of different size [-Wpointer-to-int-cast]
 2496 | #  define INT2PTR(any,d)        (any)(d)
      |                                 ^
..\..\lib\CORE/embed.h:445:68: note: in definition of macro 'newSVuv'
  445 | # define newSVuv(a)                             Perl_newSVuv(aTHX_ a)
      |                                                                    ^
..\..\lib\CORE/perl.h:2522:25: note: in expansion of macro 'INT2PTR'
 2522 | #define PTR2UV(p)       INT2PTR(UV,p)
      |                         ^~~~~~~
FieldHash.xs:67:31: note: in expansion of macro 'PTR2UV'
   67 | #define HUF_OBJ_ID(x) newSVuv(PTR2UV(x))
      |                               ^~~~~~
FieldHash.xs:87:10: note: in expansion of macro 'HUF_OBJ_ID'
   87 |     id = HUF_OBJ_ID(item);
      |          ^~~~~~~~~~
FieldHash.xs: In function 'HUF_mark_field':
..\..\lib\CORE/perl.h:2496:33: warning: cast from pointer to integer of different size [-Wpointer-to-int-cast]
 2496 | #  define INT2PTR(any,d)        (any)(d)
      |                                 ^
..\..\lib\CORE/perl.h:2522:25: note: in expansion of macro 'INT2PTR'
 2522 | #define PTR2UV(p)       INT2PTR(UV,p)
      |                         ^~~~~~~
FieldHash.xs:196:21: note: in expansion of macro 'PTR2UV'
  196 |     UV field_addr = PTR2UV(field);
      |                     ^~~~~~
FieldHash.xs: In function 'HUF_fix_trigger':
..\..\lib\CORE/perl.h:2496:33: warning: cast from pointer to integer of different size [-Wpointer-to-int-cast]
 2496 | #  define INT2PTR(any,d)        (any)(d)
      |                                 ^
..\..\lib\CORE/perl.h:2522:25: note: in expansion of macro 'INT2PTR'
 2522 | #define PTR2UV(p)       INT2PTR(UV,p)
      |                         ^~~~~~~
FieldHash.xs:296:25: note: in expansion of macro 'PTR2UV'
  296 |         UV field_addr = PTR2UV(field);
      |                         ^~~~~~
FieldHash.xs: In function 'HUF_fix_objects':
..\..\lib\CORE/perl.h:2496:33: warning: cast from pointer to integer of different size [-Wpointer-to-int-cast]
 2496 | #  define INT2PTR(any,d)        (any)(d)
      |                                 ^
..\..\lib\CORE/embed.h:445:68: note: in definition of macro 'newSVuv'
  445 | # define newSVuv(a)                             Perl_newSVuv(aTHX_ a)
      |                                                                    ^
..\..\lib\CORE/perl.h:2522:25: note: in expansion of macro 'INT2PTR'
 2522 | #define PTR2UV(p)       INT2PTR(UV,p)
      |                         ^~~~~~~
FieldHash.xs:67:31: note: in expansion of macro 'PTR2UV'
   67 | #define HUF_OBJ_ID(x) newSVuv(PTR2UV(x))
      |                               ^~~~~~
FieldHash.xs:328:22: note: in expansion of macro 'HUF_OBJ_ID'
  328 |         SV* new_id = HUF_OBJ_ID(obj);
      |                      ^~~~~~~~~~
g++ FieldHash.def -o ..\..\lib\auto\Hash\Util\FieldHash\FieldHash.dll -shared -s -L"c:\perl\lib\CORE" -L"C:\toolchains\w64devkit\lib" -L"C:\toolchains\w64devkit\i686-w64-mingw32\lib" -L"C:\toolchains\w64devkit\lib\gcc\i686-w64-mingw32\16.2.0" FieldHash.o   "..\..\lib\CORE\libperl540.a" -lmoldname -lkernel32 -luser32 -lgdi32 -lwinspool -lcomdlg32 -ladvapi32 -lshell32 -lole32 -loleaut32 -lnetapi32 -luuid -lws2_32 -lmpr -lwinmm -lversion -lodbc32 -lodbccp32 -lcomctl32 -Wl,--enable-auto-image-base
"D:\perl-xp\perl-5.40.3\miniperl.exe" "-I..\..\lib" -MExtUtils::Command -e chmod -- 755 ..\..\lib\auto\Hash\Util\FieldHash\FieldHash.dll
gmake[1]: Leaving directory 'D:/perl-xp/perl-5.40.3/ext/Hash-Util-FieldHash'
Generating a gmake-style Makefile
Writing Makefile for I18N::Langinfo
gmake[1]: Entering directory 'D:/perl-xp/perl-5.40.3/ext/I18N-Langinfo'
Running Mkbootstrap for Langinfo ()
"D:\perl-xp\perl-5.40.3\miniperl.exe" "-I..\..\lib" -MExtUtils::Command -e chmod -- 644 "Langinfo.bs"
"D:\perl-xp\perl-5.40.3\miniperl.exe" "-I..\..\lib" -MExtUtils::Command::MM -e cp_nonempty -- Langinfo.bs ..\..\lib\auto\I18N\Langinfo\Langinfo.bs 644
gcc -c   -D_WIN32_WINNT=0x0501 -DWINVER=0x0501 -D_WIN32_WINDOWS=0x0501 -march=pentium4 -DWIN32 -DPERL_TEXTMODE_SCRIPTS -DMULTIPLICITY -DPERL_IMPLICIT_SYS -DUSE_PERLIO -D__USE_MINGW_ANSI_STDIO -fwrapv -fno-strict-aliasing -mms-bitfields -Os   -DVERSION=\"0.24\" -DXS_VERSION=\"0.24\"  "-I..\..\lib\CORE"   Langinfo.c
In file included from Langinfo.xs:6:
..\..\lib\CORE/inline.h: In function 'Perl_is_utf8_invariant_string_loc':
..\..\lib\CORE/perl.h:2524:25: warning: cast from pointer to integer of different size [-Wpointer-to-int-cast]
 2524 | #define PTR2nat(p)      (PTRV)(p)       /* pointer to integer of PTRSIZE */
      |                         ^
..\..\lib\CORE/inline.h:1370:48: note: in expansion of macro 'PTR2nat'
 1370 | #  define PERL_IS_SUBWORD_ADDR(x) (1 & (       PTR2nat(x)                     \
      |                                                ^~~~~~~
..\..\lib\CORE/inline.h:1384:45: note: in expansion of macro 'PERL_IS_SUBWORD_ADDR'
 1384 |                           + PERL_WORDSIZE * PERL_IS_SUBWORD_ADDR(x)
      |                                             ^~~~~~~~~~~~~~~~~~~~
..\..\lib\CORE/perl.h:2524:25: warning: cast from pointer to integer of different size [-Wpointer-to-int-cast]
 2524 | #define PTR2nat(p)      (PTRV)(p)       /* pointer to integer of PTRSIZE */
      |                         ^
..\..\lib\CORE/inline.h:1371:46: note: in expansion of macro 'PTR2nat'
 1371 |                                       |   (  PTR2nat(x) >> 1)                 \
      |                                              ^~~~~~~
..\..\lib\CORE/inline.h:1384:45: note: in expansion of macro 'PERL_IS_SUBWORD_ADDR'
 1384 |                           + PERL_WORDSIZE * PERL_IS_SUBWORD_ADDR(x)
      |                                             ^~~~~~~~~~~~~~~~~~~~
..\..\lib\CORE/perl.h:2524:25: warning: cast from pointer to integer of different size [-Wpointer-to-int-cast]
 2524 | #define PTR2nat(p)      (PTRV)(p)       /* pointer to integer of PTRSIZE */
      |                         ^
..\..\lib\CORE/inline.h:1372:46: note: in expansion of macro 'PTR2nat'
 1372 |                                       | ( ( (PTR2nat(x)                       \
      |                                              ^~~~~~~
..\..\lib\CORE/inline.h:1384:45: note: in expansion of macro 'PERL_IS_SUBWORD_ADDR'
 1384 |                           + PERL_WORDSIZE * PERL_IS_SUBWORD_ADDR(x)
      |                                             ^~~~~~~~~~~~~~~~~~~~
..\..\lib\CORE/perl.h:2524:25: warning: cast from pointer to integer of different size [-Wpointer-to-int-cast]
 2524 | #define PTR2nat(p)      (PTRV)(p)       /* pointer to integer of PTRSIZE */
      |                         ^
..\..\lib\CORE/inline.h:1387:30: note: in expansion of macro 'PTR2nat'
 1387 |                           - (PTR2nat(x) & PERL_WORD_BOUNDARY_MASK))
      |                              ^~~~~~~
..\..\lib\CORE/perl.h:2524:25: warning: cast from pointer to integer of different size [-Wpointer-to-int-cast]
 2524 | #define PTR2nat(p)      (PTRV)(p)       /* pointer to integer of PTRSIZE */
      |                         ^
..\..\lib\CORE/inline.h:1392:16: note: in expansion of macro 'PTR2nat'
 1392 |         while (PTR2nat(x) & PERL_WORD_BOUNDARY_MASK) {
      |                ^~~~~~~
..\..\lib\CORE/inline.h: In function 'S_variant_under_utf8_count':
..\..\lib\CORE/perl.h:2524:25: warning: cast from pointer to integer of different size [-Wpointer-to-int-cast]
 2524 | #define PTR2nat(p)      (PTRV)(p)       /* pointer to integer of PTRSIZE */
      |                         ^
..\..\lib\CORE/inline.h:1370:48: note: in expansion of macro 'PTR2nat'
 1370 | #  define PERL_IS_SUBWORD_ADDR(x) (1 & (       PTR2nat(x)                     \
      |                                                ^~~~~~~
..\..\lib\CORE/inline.h:1921:45: note: in expansion of macro 'PERL_IS_SUBWORD_ADDR'
 1921 |                           + PERL_WORDSIZE * PERL_IS_SUBWORD_ADDR(x)
      |                                             ^~~~~~~~~~~~~~~~~~~~
..\..\lib\CORE/perl.h:2524:25: warning: cast from pointer to integer of different size [-Wpointer-to-int-cast]
 2524 | #define PTR2nat(p)      (PTRV)(p)       /* pointer to integer of PTRSIZE */
      |                         ^
..\..\lib\CORE/inline.h:1371:46: note: in expansion of macro 'PTR2nat'
 1371 |                                       |   (  PTR2nat(x) >> 1)                 \
      |                                              ^~~~~~~
..\..\lib\CORE/inline.h:1921:45: note: in expansion of macro 'PERL_IS_SUBWORD_ADDR'
 1921 |                           + PERL_WORDSIZE * PERL_IS_SUBWORD_ADDR(x)
      |                                             ^~~~~~~~~~~~~~~~~~~~
..\..\lib\CORE/perl.h:2524:25: warning: cast from pointer to integer of different size [-Wpointer-to-int-cast]
 2524 | #define PTR2nat(p)      (PTRV)(p)       /* pointer to integer of PTRSIZE */
      |                         ^
..\..\lib\CORE/inline.h:1372:46: note: in expansion of macro 'PTR2nat'
 1372 |                                       | ( ( (PTR2nat(x)                       \
      |                                              ^~~~~~~
..\..\lib\CORE/inline.h:1921:45: note: in expansion of macro 'PERL_IS_SUBWORD_ADDR'
 1921 |                           + PERL_WORDSIZE * PERL_IS_SUBWORD_ADDR(x)
      |                                             ^~~~~~~~~~~~~~~~~~~~
..\..\lib\CORE/perl.h:2524:25: warning: cast from pointer to integer of different size [-Wpointer-to-int-cast]
 2524 | #define PTR2nat(p)      (PTRV)(p)       /* pointer to integer of PTRSIZE */
      |                         ^
..\..\lib\CORE/inline.h:1922:30: note: in expansion of macro 'PTR2nat'
 1922 |                           - (PTR2nat(x) & PERL_WORD_BOUNDARY_MASK))
      |                              ^~~~~~~
..\..\lib\CORE/perl.h:2524:25: warning: cast from pointer to integer of different size [-Wpointer-to-int-cast]
 2524 | #define PTR2nat(p)      (PTRV)(p)       /* pointer to integer of PTRSIZE */
      |                         ^
..\..\lib\CORE/inline.h:1927:16: note: in expansion of macro 'PTR2nat'
 1927 |         while (PTR2nat(x) & PERL_WORD_BOUNDARY_MASK) {
      |                ^~~~~~~
g++ Langinfo.def -o ..\..\lib\auto\I18N\Langinfo\Langinfo.dll -shared -s -L"c:\perl\lib\CORE" -L"C:\toolchains\w64devkit\lib" -L"C:\toolchains\w64devkit\i686-w64-mingw32\lib" -L"C:\toolchains\w64devkit\lib\gcc\i686-w64-mingw32\16.2.0" Langinfo.o   "..\..\lib\CORE\libperl540.a" -lmoldname -lkernel32 -luser32 -lgdi32 -lwinspool -lcomdlg32 -ladvapi32 -lshell32 -lole32 -loleaut32 -lnetapi32 -luuid -lws2_32 -lmpr -lwinmm -lversion -lodbc32 -lodbccp32 -lcomctl32 -Wl,--enable-auto-image-base
"D:\perl-xp\perl-5.40.3\miniperl.exe" "-I..\..\lib" -MExtUtils::Command -e chmod -- 755 ..\..\lib\auto\I18N\Langinfo\Langinfo.dll
gmake[1]: Leaving directory 'D:/perl-xp/perl-5.40.3/ext/I18N-Langinfo'
Generating a gmake-style Makefile
Writing Makefile for IO
gmake[1]: Entering directory 'D:/perl-xp/perl-5.40.3/dist/IO'
Running Mkbootstrap for IO ()
"D:\perl-xp\perl-5.40.3\miniperl.exe" "-I..\..\lib" -MExtUtils::Command -e chmod -- 644 "IO.bs"
"D:\perl-xp\perl-5.40.3\miniperl.exe" "-I..\..\lib" -MExtUtils::Command::MM -e cp_nonempty -- IO.bs ..\..\lib\auto\IO\IO.bs 644
gcc -c   -D_WIN32_WINNT=0x0501 -DWINVER=0x0501 -D_WIN32_WINDOWS=0x0501 -march=pentium4 -DWIN32 -DPERL_TEXTMODE_SCRIPTS -DMULTIPLICITY -DPERL_IMPLICIT_SYS -DUSE_PERLIO -D__USE_MINGW_ANSI_STDIO -fwrapv -fno-strict-aliasing -mms-bitfields -Os   -DVERSION=\"1.55\" -DXS_VERSION=\"1.55\"  "-I..\..\lib\CORE"   IO.c
In file included from IO.xs:12:
..\..\lib\CORE/inline.h: In function 'Perl_is_utf8_invariant_string_loc':
..\..\lib\CORE/perl.h:2524:25: warning: cast from pointer to integer of different size [-Wpointer-to-int-cast]
 2524 | #define PTR2nat(p)      (PTRV)(p)       /* pointer to integer of PTRSIZE */
      |                         ^
..\..\lib\CORE/inline.h:1370:48: note: in expansion of macro 'PTR2nat'
 1370 | #  define PERL_IS_SUBWORD_ADDR(x) (1 & (       PTR2nat(x)                     \
      |                                                ^~~~~~~
..\..\lib\CORE/inline.h:1384:45: note: in expansion of macro 'PERL_IS_SUBWORD_ADDR'
 1384 |                           + PERL_WORDSIZE * PERL_IS_SUBWORD_ADDR(x)
      |                                             ^~~~~~~~~~~~~~~~~~~~
..\..\lib\CORE/perl.h:2524:25: warning: cast from pointer to integer of different size [-Wpointer-to-int-cast]
 2524 | #define PTR2nat(p)      (PTRV)(p)       /* pointer to integer of PTRSIZE */
      |                         ^
..\..\lib\CORE/inline.h:1371:46: note: in expansion of macro 'PTR2nat'
 1371 |                                       |   (  PTR2nat(x) >> 1)                 \
      |                                              ^~~~~~~
..\..\lib\CORE/inline.h:1384:45: note: in expansion of macro 'PERL_IS_SUBWORD_ADDR'
 1384 |                           + PERL_WORDSIZE * PERL_IS_SUBWORD_ADDR(x)
      |                                             ^~~~~~~~~~~~~~~~~~~~
..\..\lib\CORE/perl.h:2524:25: warning: cast from pointer to integer of different size [-Wpointer-to-int-cast]
 2524 | #define PTR2nat(p)      (PTRV)(p)       /* pointer to integer of PTRSIZE */
      |                         ^
..\..\lib\CORE/inline.h:1372:46: note: in expansion of macro 'PTR2nat'
 1372 |                                       | ( ( (PTR2nat(x)                       \
      |                                              ^~~~~~~
..\..\lib\CORE/inline.h:1384:45: note: in expansion of macro 'PERL_IS_SUBWORD_ADDR'
 1384 |                           + PERL_WORDSIZE * PERL_IS_SUBWORD_ADDR(x)
      |                                             ^~~~~~~~~~~~~~~~~~~~
..\..\lib\CORE/perl.h:2524:25: warning: cast from pointer to integer of different size [-Wpointer-to-int-cast]
 2524 | #define PTR2nat(p)      (PTRV)(p)       /* pointer to integer of PTRSIZE */
      |                         ^
..\..\lib\CORE/inline.h:1387:30: note: in expansion of macro 'PTR2nat'
 1387 |                           - (PTR2nat(x) & PERL_WORD_BOUNDARY_MASK))
      |                              ^~~~~~~
..\..\lib\CORE/perl.h:2524:25: warning: cast from pointer to integer of different size [-Wpointer-to-int-cast]
 2524 | #define PTR2nat(p)      (PTRV)(p)       /* pointer to integer of PTRSIZE */
      |                         ^
..\..\lib\CORE/inline.h:1392:16: note: in expansion of macro 'PTR2nat'
 1392 |         while (PTR2nat(x) & PERL_WORD_BOUNDARY_MASK) {
      |                ^~~~~~~
gcc -c   -D_WIN32_WINNT=0x0501 -DWINVER=0x0501 -D_WIN32_WINDOWS=0x0501 -march=pentium4 -DWIN32 -DPERL_TEXTMODE_SCRIPTS -DMULTIPLICITY -DPERL_IMPLICIT_SYS -DUSE_PERLIO -D__USE_MINGW_ANSI_STDIO -fwrapv -fno-strict-aliasing -mms-bitfields -Os   -DVERSION=\"1.55\" -DXS_VERSION=\"1.55\"  "-I..\..\lib\CORE"   poll.c
In file included from poll.c:14:
..\..\lib\CORE/inline.h: In function 'Perl_is_utf8_invariant_string_loc':
..\..\lib\CORE/perl.h:2524:25: warning: cast from pointer to integer of different size [-Wpointer-to-int-cast]
 2524 | #define PTR2nat(p)      (PTRV)(p)       /* pointer to integer of PTRSIZE */
      |                         ^
..\..\lib\CORE/inline.h:1370:48: note: in expansion of macro 'PTR2nat'
 1370 | #  define PERL_IS_SUBWORD_ADDR(x) (1 & (       PTR2nat(x)                     \
      |                                                ^~~~~~~
..\..\lib\CORE/inline.h:1384:45: note: in expansion of macro 'PERL_IS_SUBWORD_ADDR'
 1384 |                           + PERL_WORDSIZE * PERL_IS_SUBWORD_ADDR(x)
      |                                             ^~~~~~~~~~~~~~~~~~~~
..\..\lib\CORE/perl.h:2524:25: warning: cast from pointer to integer of different size [-Wpointer-to-int-cast]
 2524 | #define PTR2nat(p)      (PTRV)(p)       /* pointer to integer of PTRSIZE */
      |                         ^
..\..\lib\CORE/inline.h:1371:46: note: in expansion of macro 'PTR2nat'
 1371 |                                       |   (  PTR2nat(x) >> 1)                 \
      |                                              ^~~~~~~
..\..\lib\CORE/inline.h:1384:45: note: in expansion of macro 'PERL_IS_SUBWORD_ADDR'
 1384 |                           + PERL_WORDSIZE * PERL_IS_SUBWORD_ADDR(x)
      |                                             ^~~~~~~~~~~~~~~~~~~~
..\..\lib\CORE/perl.h:2524:25: warning: cast from pointer to integer of different size [-Wpointer-to-int-cast]
 2524 | #define PTR2nat(p)      (PTRV)(p)       /* pointer to integer of PTRSIZE */
      |                         ^
..\..\lib\CORE/inline.h:1372:46: note: in expansion of macro 'PTR2nat'
 1372 |                                       | ( ( (PTR2nat(x)                       \
      |                                              ^~~~~~~
..\..\lib\CORE/inline.h:1384:45: note: in expansion of macro 'PERL_IS_SUBWORD_ADDR'
 1384 |                           + PERL_WORDSIZE * PERL_IS_SUBWORD_ADDR(x)
      |                                             ^~~~~~~~~~~~~~~~~~~~
..\..\lib\CORE/perl.h:2524:25: warning: cast from pointer to integer of different size [-Wpointer-to-int-cast]
 2524 | #define PTR2nat(p)      (PTRV)(p)       /* pointer to integer of PTRSIZE */
      |                         ^
..\..\lib\CORE/inline.h:1387:30: note: in expansion of macro 'PTR2nat'
 1387 |                           - (PTR2nat(x) & PERL_WORD_BOUNDARY_MASK))
      |                              ^~~~~~~
..\..\lib\CORE/perl.h:2524:25: warning: cast from pointer to integer of different size [-Wpointer-to-int-cast]
 2524 | #define PTR2nat(p)      (PTRV)(p)       /* pointer to integer of PTRSIZE */
      |                         ^
..\..\lib\CORE/inline.h:1392:16: note: in expansion of macro 'PTR2nat'
 1392 |         while (PTR2nat(x) & PERL_WORD_BOUNDARY_MASK) {
      |                ^~~~~~~
g++ IO.def -o ..\..\lib\auto\IO\IO.dll -shared -s -L"c:\perl\lib\CORE" -L"C:\toolchains\w64devkit\lib" -L"C:\toolchains\w64devkit\i686-w64-mingw32\lib" -L"C:\toolchains\w64devkit\lib\gcc\i686-w64-mingw32\16.2.0" IO.o poll.o   "..\..\lib\CORE\libperl540.a" -lmoldname -lkernel32 -luser32 -lgdi32 -lwinspool -lcomdlg32 -ladvapi32 -lshell32 -lole32 -loleaut32 -lnetapi32 -luuid -lws2_32 -lmpr -lwinmm -lversion -lodbc32 -lodbccp32 -lcomctl32 -Wl,--enable-auto-image-base
"D:\perl-xp\perl-5.40.3\miniperl.exe" "-I..\..\lib" -MExtUtils::Command -e chmod -- 755 ..\..\lib\auto\IO\IO.dll
gmake[1]: Leaving directory 'D:/perl-xp/perl-5.40.3/dist/IO'
Generating a gmake-style Makefile
Writing Makefile for List::Util
gmake[1]: Entering directory 'D:/perl-xp/perl-5.40.3/cpan/Scalar-List-Utils'
Running Mkbootstrap for Util ()
"D:\perl-xp\perl-5.40.3\miniperl.exe" "-I..\..\lib" -MExtUtils::Command -e chmod -- 644 "Util.bs"
"D:\perl-xp\perl-5.40.3\miniperl.exe" "-I..\..\lib" -MExtUtils::Command::MM -e cp_nonempty -- Util.bs ..\..\lib\auto\List\Util\Util.bs 644
gcc -c   -D_WIN32_WINNT=0x0501 -DWINVER=0x0501 -D_WIN32_WINDOWS=0x0501 -march=pentium4 -DWIN32 -DPERL_TEXTMODE_SCRIPTS -DMULTIPLICITY -DPERL_IMPLICIT_SYS -DUSE_PERLIO -D__USE_MINGW_ANSI_STDIO -fwrapv -fno-strict-aliasing -mms-bitfields -Os   -DVERSION=\"1.63\" -DXS_VERSION=\"1.63\"  "-I..\..\lib\CORE"  -DPERL_EXT ListUtil.c
In file included from ListUtil.xs:8:
..\..\lib\CORE/inline.h: In function 'Perl_is_utf8_invariant_string_loc':
..\..\lib\CORE/perl.h:2524:25: warning: cast from pointer to integer of different size [-Wpointer-to-int-cast]
 2524 | #define PTR2nat(p)      (PTRV)(p)       /* pointer to integer of PTRSIZE */
      |                         ^
..\..\lib\CORE/inline.h:1370:48: note: in expansion of macro 'PTR2nat'
 1370 | #  define PERL_IS_SUBWORD_ADDR(x) (1 & (       PTR2nat(x)                     \
      |                                                ^~~~~~~
..\..\lib\CORE/inline.h:1384:45: note: in expansion of macro 'PERL_IS_SUBWORD_ADDR'
 1384 |                           + PERL_WORDSIZE * PERL_IS_SUBWORD_ADDR(x)
      |                                             ^~~~~~~~~~~~~~~~~~~~
..\..\lib\CORE/perl.h:2524:25: warning: cast from pointer to integer of different size [-Wpointer-to-int-cast]
 2524 | #define PTR2nat(p)      (PTRV)(p)       /* pointer to integer of PTRSIZE */
      |                         ^
..\..\lib\CORE/inline.h:1371:46: note: in expansion of macro 'PTR2nat'
 1371 |                                       |   (  PTR2nat(x) >> 1)                 \
      |                                              ^~~~~~~
..\..\lib\CORE/inline.h:1384:45: note: in expansion of macro 'PERL_IS_SUBWORD_ADDR'
 1384 |                           + PERL_WORDSIZE * PERL_IS_SUBWORD_ADDR(x)
      |                                             ^~~~~~~~~~~~~~~~~~~~
..\..\lib\CORE/perl.h:2524:25: warning: cast from pointer to integer of different size [-Wpointer-to-int-cast]
 2524 | #define PTR2nat(p)      (PTRV)(p)       /* pointer to integer of PTRSIZE */
      |                         ^
..\..\lib\CORE/inline.h:1372:46: note: in expansion of macro 'PTR2nat'
 1372 |                                       | ( ( (PTR2nat(x)                       \
      |                                              ^~~~~~~
..\..\lib\CORE/inline.h:1384:45: note: in expansion of macro 'PERL_IS_SUBWORD_ADDR'
 1384 |                           + PERL_WORDSIZE * PERL_IS_SUBWORD_ADDR(x)
      |                                             ^~~~~~~~~~~~~~~~~~~~
..\..\lib\CORE/perl.h:2524:25: warning: cast from pointer to integer of different size [-Wpointer-to-int-cast]
 2524 | #define PTR2nat(p)      (PTRV)(p)       /* pointer to integer of PTRSIZE */
      |                         ^
..\..\lib\CORE/inline.h:1387:30: note: in expansion of macro 'PTR2nat'
 1387 |                           - (PTR2nat(x) & PERL_WORD_BOUNDARY_MASK))
      |                              ^~~~~~~
..\..\lib\CORE/perl.h:2524:25: warning: cast from pointer to integer of different size [-Wpointer-to-int-cast]
 2524 | #define PTR2nat(p)      (PTRV)(p)       /* pointer to integer of PTRSIZE */
      |                         ^
..\..\lib\CORE/inline.h:1392:16: note: in expansion of macro 'PTR2nat'
 1392 |         while (PTR2nat(x) & PERL_WORD_BOUNDARY_MASK) {
      |                ^~~~~~~
..\..\lib\CORE/inline.h: In function 'S_variant_under_utf8_count':
..\..\lib\CORE/perl.h:2524:25: warning: cast from pointer to integer of different size [-Wpointer-to-int-cast]
 2524 | #define PTR2nat(p)      (PTRV)(p)       /* pointer to integer of PTRSIZE */
      |                         ^
..\..\lib\CORE/inline.h:1370:48: note: in expansion of macro 'PTR2nat'
 1370 | #  define PERL_IS_SUBWORD_ADDR(x) (1 & (       PTR2nat(x)                     \
      |                                                ^~~~~~~
..\..\lib\CORE/inline.h:1921:45: note: in expansion of macro 'PERL_IS_SUBWORD_ADDR'
 1921 |                           + PERL_WORDSIZE * PERL_IS_SUBWORD_ADDR(x)
      |                                             ^~~~~~~~~~~~~~~~~~~~
..\..\lib\CORE/perl.h:2524:25: warning: cast from pointer to integer of different size [-Wpointer-to-int-cast]
 2524 | #define PTR2nat(p)      (PTRV)(p)       /* pointer to integer of PTRSIZE */
      |                         ^
..\..\lib\CORE/inline.h:1371:46: note: in expansion of macro 'PTR2nat'
 1371 |                                       |   (  PTR2nat(x) >> 1)                 \
      |                                              ^~~~~~~
..\..\lib\CORE/inline.h:1921:45: note: in expansion of macro 'PERL_IS_SUBWORD_ADDR'
 1921 |                           + PERL_WORDSIZE * PERL_IS_SUBWORD_ADDR(x)
      |                                             ^~~~~~~~~~~~~~~~~~~~
..\..\lib\CORE/perl.h:2524:25: warning: cast from pointer to integer of different size [-Wpointer-to-int-cast]
 2524 | #define PTR2nat(p)      (PTRV)(p)       /* pointer to integer of PTRSIZE */
      |                         ^
..\..\lib\CORE/inline.h:1372:46: note: in expansion of macro 'PTR2nat'
 1372 |                                       | ( ( (PTR2nat(x)                       \
      |                                              ^~~~~~~
..\..\lib\CORE/inline.h:1921:45: note: in expansion of macro 'PERL_IS_SUBWORD_ADDR'
 1921 |                           + PERL_WORDSIZE * PERL_IS_SUBWORD_ADDR(x)
      |                                             ^~~~~~~~~~~~~~~~~~~~
..\..\lib\CORE/perl.h:2524:25: warning: cast from pointer to integer of different size [-Wpointer-to-int-cast]
 2524 | #define PTR2nat(p)      (PTRV)(p)       /* pointer to integer of PTRSIZE */
      |                         ^
..\..\lib\CORE/inline.h:1922:30: note: in expansion of macro 'PTR2nat'
 1922 |                           - (PTR2nat(x) & PERL_WORD_BOUNDARY_MASK))
      |                              ^~~~~~~
..\..\lib\CORE/perl.h:2524:25: warning: cast from pointer to integer of different size [-Wpointer-to-int-cast]
 2524 | #define PTR2nat(p)      (PTRV)(p)       /* pointer to integer of PTRSIZE */
      |                         ^
..\..\lib\CORE/inline.h:1927:16: note: in expansion of macro 'PTR2nat'
 1927 |         while (PTR2nat(x) & PERL_WORD_BOUNDARY_MASK) {
      |                ^~~~~~~
ListUtil.xs: In function 'XS_Scalar__Util_refaddr':
..\..\lib\CORE/perl.h:2496:33: warning: cast from pointer to integer of different size [-Wpointer-to-int-cast]
 2496 | #  define INT2PTR(any,d)        (any)(d)
      |                                 ^
..\..\lib\CORE/perl.h:2522:25: note: in expansion of macro 'INT2PTR'
 2522 | #define PTR2UV(p)       INT2PTR(UV,p)
      |                         ^~~~~~~
ListUtil.xs:1765:14: note: in expansion of macro 'PTR2UV'
 1765 |     RETVAL = PTR2UV(SvRV(sv));
      |              ^~~~~~
g++ Util.def -o ..\..\lib\auto\List\Util\Util.dll -shared -s -L"c:\perl\lib\CORE" -L"C:\toolchains\w64devkit\lib" -L"C:\toolchains\w64devkit\i686-w64-mingw32\lib" -L"C:\toolchains\w64devkit\lib\gcc\i686-w64-mingw32\16.2.0" ListUtil.o   "..\..\lib\CORE\libperl540.a" -lmoldname -lkernel32 -luser32 -lgdi32 -lwinspool -lcomdlg32 -ladvapi32 -lshell32 -lole32 -loleaut32 -lnetapi32 -luuid -lws2_32 -lmpr -lwinmm -lversion -lodbc32 -lodbccp32 -lcomctl32 -Wl,--enable-auto-image-base
"D:\perl-xp\perl-5.40.3\miniperl.exe" "-I..\..\lib" -MExtUtils::Command -e chmod -- 755 ..\..\lib\auto\List\Util\Util.dll
gmake[1]: Leaving directory 'D:/perl-xp/perl-5.40.3/cpan/Scalar-List-Utils'
Generating a gmake-style Makefile
Writing Makefile for MIME::Base64
gmake[1]: Entering directory 'D:/perl-xp/perl-5.40.3/cpan/MIME-Base64'
Running Mkbootstrap for Base64 ()
"D:\perl-xp\perl-5.40.3\miniperl.exe" "-I..\..\lib" -MExtUtils::Command -e chmod -- 644 "Base64.bs"
"D:\perl-xp\perl-5.40.3\miniperl.exe" "-I..\..\lib" -MExtUtils::Command::MM -e cp_nonempty -- Base64.bs ..\..\lib\auto\MIME\Base64\Base64.bs 644
gcc -c   -D_WIN32_WINNT=0x0501 -DWINVER=0x0501 -D_WIN32_WINDOWS=0x0501 -march=pentium4 -DWIN32 -DPERL_TEXTMODE_SCRIPTS -DMULTIPLICITY -DPERL_IMPLICIT_SYS -DUSE_PERLIO -D__USE_MINGW_ANSI_STDIO -fwrapv -fno-strict-aliasing -mms-bitfields -Os   -DVERSION=\"3.16_01\" -DXS_VERSION=\"3.16_01\"  "-I..\..\lib\CORE"   Base64.c
In file included from Base64.xs:30:
..\..\lib\CORE/inline.h: In function 'Perl_is_utf8_invariant_string_loc':
..\..\lib\CORE/perl.h:2524:25: warning: cast from pointer to integer of different size [-Wpointer-to-int-cast]
 2524 | #define PTR2nat(p)      (PTRV)(p)       /* pointer to integer of PTRSIZE */
      |                         ^
..\..\lib\CORE/inline.h:1370:48: note: in expansion of macro 'PTR2nat'
 1370 | #  define PERL_IS_SUBWORD_ADDR(x) (1 & (       PTR2nat(x)                     \
      |                                                ^~~~~~~
..\..\lib\CORE/inline.h:1384:45: note: in expansion of macro 'PERL_IS_SUBWORD_ADDR'
 1384 |                           + PERL_WORDSIZE * PERL_IS_SUBWORD_ADDR(x)
      |                                             ^~~~~~~~~~~~~~~~~~~~
..\..\lib\CORE/perl.h:2524:25: warning: cast from pointer to integer of different size [-Wpointer-to-int-cast]
 2524 | #define PTR2nat(p)      (PTRV)(p)       /* pointer to integer of PTRSIZE */
      |                         ^
..\..\lib\CORE/inline.h:1371:46: note: in expansion of macro 'PTR2nat'
 1371 |                                       |   (  PTR2nat(x) >> 1)                 \
      |                                              ^~~~~~~
..\..\lib\CORE/inline.h:1384:45: note: in expansion of macro 'PERL_IS_SUBWORD_ADDR'
 1384 |                           + PERL_WORDSIZE * PERL_IS_SUBWORD_ADDR(x)
      |                                             ^~~~~~~~~~~~~~~~~~~~
..\..\lib\CORE/perl.h:2524:25: warning: cast from pointer to integer of different size [-Wpointer-to-int-cast]
 2524 | #define PTR2nat(p)      (PTRV)(p)       /* pointer to integer of PTRSIZE */
      |                         ^
..\..\lib\CORE/inline.h:1372:46: note: in expansion of macro 'PTR2nat'
 1372 |                                       | ( ( (PTR2nat(x)                       \
      |                                              ^~~~~~~
..\..\lib\CORE/inline.h:1384:45: note: in expansion of macro 'PERL_IS_SUBWORD_ADDR'
 1384 |                           + PERL_WORDSIZE * PERL_IS_SUBWORD_ADDR(x)
      |                                             ^~~~~~~~~~~~~~~~~~~~
..\..\lib\CORE/perl.h:2524:25: warning: cast from pointer to integer of different size [-Wpointer-to-int-cast]
 2524 | #define PTR2nat(p)      (PTRV)(p)       /* pointer to integer of PTRSIZE */
      |                         ^
..\..\lib\CORE/inline.h:1387:30: note: in expansion of macro 'PTR2nat'
 1387 |                           - (PTR2nat(x) & PERL_WORD_BOUNDARY_MASK))
      |                              ^~~~~~~
..\..\lib\CORE/perl.h:2524:25: warning: cast from pointer to integer of different size [-Wpointer-to-int-cast]
 2524 | #define PTR2nat(p)      (PTRV)(p)       /* pointer to integer of PTRSIZE */
      |                         ^
..\..\lib\CORE/inline.h:1392:16: note: in expansion of macro 'PTR2nat'
 1392 |         while (PTR2nat(x) & PERL_WORD_BOUNDARY_MASK) {
      |                ^~~~~~~
g++ Base64.def -o ..\..\lib\auto\MIME\Base64\Base64.dll -shared -s -L"c:\perl\lib\CORE" -L"C:\toolchains\w64devkit\lib" -L"C:\toolchains\w64devkit\i686-w64-mingw32\lib" -L"C:\toolchains\w64devkit\lib\gcc\i686-w64-mingw32\16.2.0" Base64.o   "..\..\lib\CORE\libperl540.a" -lmoldname -lkernel32 -luser32 -lgdi32 -lwinspool -lcomdlg32 -ladvapi32 -lshell32 -lole32 -loleaut32 -lnetapi32 -luuid -lws2_32 -lmpr -lwinmm -lversion -lodbc32 -lodbccp32 -lcomctl32 -Wl,--enable-auto-image-base
"D:\perl-xp\perl-5.40.3\miniperl.exe" "-I..\..\lib" -MExtUtils::Command -e chmod -- 755 ..\..\lib\auto\MIME\Base64\Base64.dll
gmake[1]: Leaving directory 'D:/perl-xp/perl-5.40.3/cpan/MIME-Base64'
Generating a gmake-style Makefile
Writing Makefile for Math::BigInt::FastCalc
gmake[1]: Entering directory 'D:/perl-xp/perl-5.40.3/cpan/Math-BigInt-FastCalc'
Running Mkbootstrap for FastCalc ()
"D:\perl-xp\perl-5.40.3\miniperl.exe" "-I..\..\lib" -MExtUtils::Command -e chmod -- 644 "FastCalc.bs"
"D:\perl-xp\perl-5.40.3\miniperl.exe" "-I..\..\lib" -MExtUtils::Command::MM -e cp_nonempty -- FastCalc.bs ..\..\lib\auto\Math\BigInt\FastCalc\FastCalc.bs 644
gcc -c   -D_WIN32_WINNT=0x0501 -DWINVER=0x0501 -D_WIN32_WINDOWS=0x0501 -march=pentium4 -DWIN32 -DPERL_TEXTMODE_SCRIPTS -DMULTIPLICITY -DPERL_IMPLICIT_SYS -DUSE_PERLIO -D__USE_MINGW_ANSI_STDIO -fwrapv -fno-strict-aliasing -mms-bitfields -Os   -DVERSION=\"0.5018\" -DXS_VERSION=\"0.5018\"  "-I..\..\lib\CORE"   FastCalc.c
In file included from FastCalc.xs:4:
..\..\lib\CORE/inline.h: In function 'Perl_is_utf8_invariant_string_loc':
..\..\lib\CORE/perl.h:2524:25: warning: cast from pointer to integer of different size [-Wpointer-to-int-cast]
 2524 | #define PTR2nat(p)      (PTRV)(p)       /* pointer to integer of PTRSIZE */
      |                         ^
..\..\lib\CORE/inline.h:1370:48: note: in expansion of macro 'PTR2nat'
 1370 | #  define PERL_IS_SUBWORD_ADDR(x) (1 & (       PTR2nat(x)                     \
      |                                                ^~~~~~~
..\..\lib\CORE/inline.h:1384:45: note: in expansion of macro 'PERL_IS_SUBWORD_ADDR'
 1384 |                           + PERL_WORDSIZE * PERL_IS_SUBWORD_ADDR(x)
      |                                             ^~~~~~~~~~~~~~~~~~~~
..\..\lib\CORE/perl.h:2524:25: warning: cast from pointer to integer of different size [-Wpointer-to-int-cast]
 2524 | #define PTR2nat(p)      (PTRV)(p)       /* pointer to integer of PTRSIZE */
      |                         ^
..\..\lib\CORE/inline.h:1371:46: note: in expansion of macro 'PTR2nat'
 1371 |                                       |   (  PTR2nat(x) >> 1)                 \
      |                                              ^~~~~~~
..\..\lib\CORE/inline.h:1384:45: note: in expansion of macro 'PERL_IS_SUBWORD_ADDR'
 1384 |                           + PERL_WORDSIZE * PERL_IS_SUBWORD_ADDR(x)
      |                                             ^~~~~~~~~~~~~~~~~~~~
..\..\lib\CORE/perl.h:2524:25: warning: cast from pointer to integer of different size [-Wpointer-to-int-cast]
 2524 | #define PTR2nat(p)      (PTRV)(p)       /* pointer to integer of PTRSIZE */
      |                         ^
..\..\lib\CORE/inline.h:1372:46: note: in expansion of macro 'PTR2nat'
 1372 |                                       | ( ( (PTR2nat(x)                       \
      |                                              ^~~~~~~
..\..\lib\CORE/inline.h:1384:45: note: in expansion of macro 'PERL_IS_SUBWORD_ADDR'
 1384 |                           + PERL_WORDSIZE * PERL_IS_SUBWORD_ADDR(x)
      |                                             ^~~~~~~~~~~~~~~~~~~~
..\..\lib\CORE/perl.h:2524:25: warning: cast from pointer to integer of different size [-Wpointer-to-int-cast]
 2524 | #define PTR2nat(p)      (PTRV)(p)       /* pointer to integer of PTRSIZE */
      |                         ^
..\..\lib\CORE/inline.h:1387:30: note: in expansion of macro 'PTR2nat'
 1387 |                           - (PTR2nat(x) & PERL_WORD_BOUNDARY_MASK))
      |                              ^~~~~~~
..\..\lib\CORE/perl.h:2524:25: warning: cast from pointer to integer of different size [-Wpointer-to-int-cast]
 2524 | #define PTR2nat(p)      (PTRV)(p)       /* pointer to integer of PTRSIZE */
      |                         ^
..\..\lib\CORE/inline.h:1392:16: note: in expansion of macro 'PTR2nat'
 1392 |         while (PTR2nat(x) & PERL_WORD_BOUNDARY_MASK) {
      |                ^~~~~~~
g++ FastCalc.def -o ..\..\lib\auto\Math\BigInt\FastCalc\FastCalc.dll -shared -s -L"c:\perl\lib\CORE" -L"C:\toolchains\w64devkit\lib" -L"C:\toolchains\w64devkit\i686-w64-mingw32\lib" -L"C:\toolchains\w64devkit\lib\gcc\i686-w64-mingw32\16.2.0" FastCalc.o   "..\..\lib\CORE\libperl540.a" -lmoldname -lkernel32 -luser32 -lgdi32 -lwinspool -lcomdlg32 -ladvapi32 -lshell32 -lole32 -loleaut32 -lnetapi32 -luuid -lws2_32 -lmpr -lwinmm -lversion -lodbc32 -lodbccp32 -lcomctl32 -Wl,--enable-auto-image-base
"D:\perl-xp\perl-5.40.3\miniperl.exe" "-I..\..\lib" -MExtUtils::Command -e chmod -- 755 ..\..\lib\auto\Math\BigInt\FastCalc\FastCalc.dll
gmake[1]: Leaving directory 'D:/perl-xp/perl-5.40.3/cpan/Math-BigInt-FastCalc'
Generating a gmake-style Makefile
Writing Makefile for Opcode
gmake[1]: Entering directory 'D:/perl-xp/perl-5.40.3/ext/Opcode'
Running Mkbootstrap for Opcode ()
"D:\perl-xp\perl-5.40.3\miniperl.exe" "-I..\..\lib" -MExtUtils::Command -e chmod -- 644 "Opcode.bs"
"D:\perl-xp\perl-5.40.3\miniperl.exe" "-I..\..\lib" -MExtUtils::Command::MM -e cp_nonempty -- Opcode.bs ..\..\lib\auto\Opcode\Opcode.bs 644
gcc -c   -D_WIN32_WINNT=0x0501 -DWINVER=0x0501 -D_WIN32_WINDOWS=0x0501 -march=pentium4 -DWIN32 -DPERL_TEXTMODE_SCRIPTS -DMULTIPLICITY -DPERL_IMPLICIT_SYS -DUSE_PERLIO -D__USE_MINGW_ANSI_STDIO -fwrapv -fno-strict-aliasing -mms-bitfields -Os   -DVERSION=\"1.65\" -DXS_VERSION=\"1.65\"  "-I..\..\lib\CORE"   Opcode.c
In file included from Opcode.xs:3:
..\..\lib\CORE/inline.h: In function 'Perl_is_utf8_invariant_string_loc':
..\..\lib\CORE/perl.h:2524:25: warning: cast from pointer to integer of different size [-Wpointer-to-int-cast]
 2524 | #define PTR2nat(p)      (PTRV)(p)       /* pointer to integer of PTRSIZE */
      |                         ^
..\..\lib\CORE/inline.h:1370:48: note: in expansion of macro 'PTR2nat'
 1370 | #  define PERL_IS_SUBWORD_ADDR(x) (1 & (       PTR2nat(x)                     \
      |                                                ^~~~~~~
..\..\lib\CORE/inline.h:1384:45: note: in expansion of macro 'PERL_IS_SUBWORD_ADDR'
 1384 |                           + PERL_WORDSIZE * PERL_IS_SUBWORD_ADDR(x)
      |                                             ^~~~~~~~~~~~~~~~~~~~
..\..\lib\CORE/perl.h:2524:25: warning: cast from pointer to integer of different size [-Wpointer-to-int-cast]
 2524 | #define PTR2nat(p)      (PTRV)(p)       /* pointer to integer of PTRSIZE */
      |                         ^
..\..\lib\CORE/inline.h:1371:46: note: in expansion of macro 'PTR2nat'
 1371 |                                       |   (  PTR2nat(x) >> 1)                 \
      |                                              ^~~~~~~
..\..\lib\CORE/inline.h:1384:45: note: in expansion of macro 'PERL_IS_SUBWORD_ADDR'
 1384 |                           + PERL_WORDSIZE * PERL_IS_SUBWORD_ADDR(x)
      |                                             ^~~~~~~~~~~~~~~~~~~~
..\..\lib\CORE/perl.h:2524:25: warning: cast from pointer to integer of different size [-Wpointer-to-int-cast]
 2524 | #define PTR2nat(p)      (PTRV)(p)       /* pointer to integer of PTRSIZE */
      |                         ^
..\..\lib\CORE/inline.h:1372:46: note: in expansion of macro 'PTR2nat'
 1372 |                                       | ( ( (PTR2nat(x)                       \
      |                                              ^~~~~~~
..\..\lib\CORE/inline.h:1384:45: note: in expansion of macro 'PERL_IS_SUBWORD_ADDR'
 1384 |                           + PERL_WORDSIZE * PERL_IS_SUBWORD_ADDR(x)
      |                                             ^~~~~~~~~~~~~~~~~~~~
..\..\lib\CORE/perl.h:2524:25: warning: cast from pointer to integer of different size [-Wpointer-to-int-cast]
 2524 | #define PTR2nat(p)      (PTRV)(p)       /* pointer to integer of PTRSIZE */
      |                         ^
..\..\lib\CORE/inline.h:1387:30: note: in expansion of macro 'PTR2nat'
 1387 |                           - (PTR2nat(x) & PERL_WORD_BOUNDARY_MASK))
      |                              ^~~~~~~
..\..\lib\CORE/perl.h:2524:25: warning: cast from pointer to integer of different size [-Wpointer-to-int-cast]
 2524 | #define PTR2nat(p)      (PTRV)(p)       /* pointer to integer of PTRSIZE */
      |                         ^
..\..\lib\CORE/inline.h:1392:16: note: in expansion of macro 'PTR2nat'
 1392 |         while (PTR2nat(x) & PERL_WORD_BOUNDARY_MASK) {
      |                ^~~~~~~
g++ Opcode.def -o ..\..\lib\auto\Opcode\Opcode.dll -shared -s -L"c:\perl\lib\CORE" -L"C:\toolchains\w64devkit\lib" -L"C:\toolchains\w64devkit\i686-w64-mingw32\lib" -L"C:\toolchains\w64devkit\lib\gcc\i686-w64-mingw32\16.2.0" Opcode.o   "..\..\lib\CORE\libperl540.a" -lmoldname -lkernel32 -luser32 -lgdi32 -lwinspool -lcomdlg32 -ladvapi32 -lshell32 -lole32 -loleaut32 -lnetapi32 -luuid -lws2_32 -lmpr -lwinmm -lversion -lodbc32 -lodbccp32 -lcomctl32 -Wl,--enable-auto-image-base
"D:\perl-xp\perl-5.40.3\miniperl.exe" "-I..\..\lib" -MExtUtils::Command -e chmod -- 755 ..\..\lib\auto\Opcode\Opcode.dll
gmake[1]: Leaving directory 'D:/perl-xp/perl-5.40.3/ext/Opcode'
Generating a gmake-style Makefile
Writing Makefile for POSIX
gmake[1]: Entering directory 'D:/perl-xp/perl-5.40.3/ext/POSIX'
Running Mkbootstrap for POSIX ()
"D:\perl-xp\perl-5.40.3\miniperl.exe" "-I..\..\lib" -MExtUtils::Command -e chmod -- 644 "POSIX.bs"
"D:\perl-xp\perl-5.40.3\miniperl.exe" "-I..\..\lib" -MExtUtils::Command::MM -e cp_nonempty -- POSIX.bs ..\..\lib\auto\POSIX\POSIX.bs 644
"D:\perl-xp\perl-5.40.3\miniperl.exe" "-I..\..\lib" "D:\perl-xp\perl-5.40.3\dist\ExtUtils-ParseXS\lib\ExtUtils/xsubpp" -noprototypes -typemap D:\perl-xp\perl-5.40.3\lib\ExtUtils\typemap -typemap D:\perl-xp\perl-5.40.3\ext\POSIX\typemap  POSIX.xs > POSIX.xsc
"D:\perl-xp\perl-5.40.3\miniperl.exe" "-I..\..\lib" -MExtUtils::Command -e mv -- POSIX.xsc POSIX.c
gcc -c   -D_WIN32_WINNT=0x0501 -DWINVER=0x0501 -D_WIN32_WINDOWS=0x0501 -march=pentium4 -DWIN32 -DPERL_TEXTMODE_SCRIPTS -DMULTIPLICITY -DPERL_IMPLICIT_SYS -DUSE_PERLIO -D__USE_MINGW_ANSI_STDIO -fwrapv -fno-strict-aliasing -mms-bitfields -Os   -DVERSION=\"2.20\" -DXS_VERSION=\"2.20\"  "-I..\..\lib\CORE"   POSIX.c
In file included from POSIX.xs:11:
..\..\lib\CORE/inline.h: In function 'Perl_is_utf8_invariant_string_loc':
..\..\lib\CORE/perl.h:2524:25: warning: cast from pointer to integer of different size [-Wpointer-to-int-cast]
 2524 | #define PTR2nat(p)      (PTRV)(p)       /* pointer to integer of PTRSIZE */
      |                         ^
..\..\lib\CORE/inline.h:1370:48: note: in expansion of macro 'PTR2nat'
 1370 | #  define PERL_IS_SUBWORD_ADDR(x) (1 & (       PTR2nat(x)                     \
      |                                                ^~~~~~~
..\..\lib\CORE/inline.h:1384:45: note: in expansion of macro 'PERL_IS_SUBWORD_ADDR'
 1384 |                           + PERL_WORDSIZE * PERL_IS_SUBWORD_ADDR(x)
      |                                             ^~~~~~~~~~~~~~~~~~~~
..\..\lib\CORE/perl.h:2524:25: warning: cast from pointer to integer of different size [-Wpointer-to-int-cast]
 2524 | #define PTR2nat(p)      (PTRV)(p)       /* pointer to integer of PTRSIZE */
      |                         ^
..\..\lib\CORE/inline.h:1371:46: note: in expansion of macro 'PTR2nat'
 1371 |                                       |   (  PTR2nat(x) >> 1)                 \
      |                                              ^~~~~~~
..\..\lib\CORE/inline.h:1384:45: note: in expansion of macro 'PERL_IS_SUBWORD_ADDR'
 1384 |                           + PERL_WORDSIZE * PERL_IS_SUBWORD_ADDR(x)
      |                                             ^~~~~~~~~~~~~~~~~~~~
..\..\lib\CORE/perl.h:2524:25: warning: cast from pointer to integer of different size [-Wpointer-to-int-cast]
 2524 | #define PTR2nat(p)      (PTRV)(p)       /* pointer to integer of PTRSIZE */
      |                         ^
..\..\lib\CORE/inline.h:1372:46: note: in expansion of macro 'PTR2nat'
 1372 |                                       | ( ( (PTR2nat(x)                       \
      |                                              ^~~~~~~
..\..\lib\CORE/inline.h:1384:45: note: in expansion of macro 'PERL_IS_SUBWORD_ADDR'
 1384 |                           + PERL_WORDSIZE * PERL_IS_SUBWORD_ADDR(x)
      |                                             ^~~~~~~~~~~~~~~~~~~~
..\..\lib\CORE/perl.h:2524:25: warning: cast from pointer to integer of different size [-Wpointer-to-int-cast]
 2524 | #define PTR2nat(p)      (PTRV)(p)       /* pointer to integer of PTRSIZE */
      |                         ^
..\..\lib\CORE/inline.h:1387:30: note: in expansion of macro 'PTR2nat'
 1387 |                           - (PTR2nat(x) & PERL_WORD_BOUNDARY_MASK))
      |                              ^~~~~~~
..\..\lib\CORE/perl.h:2524:25: warning: cast from pointer to integer of different size [-Wpointer-to-int-cast]
 2524 | #define PTR2nat(p)      (PTRV)(p)       /* pointer to integer of PTRSIZE */
      |                         ^
..\..\lib\CORE/inline.h:1392:16: note: in expansion of macro 'PTR2nat'
 1392 |         while (PTR2nat(x) & PERL_WORD_BOUNDARY_MASK) {
      |                ^~~~~~~
..\..\lib\CORE/inline.h: In function 'S_variant_under_utf8_count':
..\..\lib\CORE/perl.h:2524:25: warning: cast from pointer to integer of different size [-Wpointer-to-int-cast]
 2524 | #define PTR2nat(p)      (PTRV)(p)       /* pointer to integer of PTRSIZE */
      |                         ^
..\..\lib\CORE/inline.h:1370:48: note: in expansion of macro 'PTR2nat'
 1370 | #  define PERL_IS_SUBWORD_ADDR(x) (1 & (       PTR2nat(x)                     \
      |                                                ^~~~~~~
..\..\lib\CORE/inline.h:1921:45: note: in expansion of macro 'PERL_IS_SUBWORD_ADDR'
 1921 |                           + PERL_WORDSIZE * PERL_IS_SUBWORD_ADDR(x)
      |                                             ^~~~~~~~~~~~~~~~~~~~
..\..\lib\CORE/perl.h:2524:25: warning: cast from pointer to integer of different size [-Wpointer-to-int-cast]
 2524 | #define PTR2nat(p)      (PTRV)(p)       /* pointer to integer of PTRSIZE */
      |                         ^
..\..\lib\CORE/inline.h:1371:46: note: in expansion of macro 'PTR2nat'
 1371 |                                       |   (  PTR2nat(x) >> 1)                 \
      |                                              ^~~~~~~
..\..\lib\CORE/inline.h:1921:45: note: in expansion of macro 'PERL_IS_SUBWORD_ADDR'
 1921 |                           + PERL_WORDSIZE * PERL_IS_SUBWORD_ADDR(x)
      |                                             ^~~~~~~~~~~~~~~~~~~~
..\..\lib\CORE/perl.h:2524:25: warning: cast from pointer to integer of different size [-Wpointer-to-int-cast]
 2524 | #define PTR2nat(p)      (PTRV)(p)       /* pointer to integer of PTRSIZE */
      |                         ^
..\..\lib\CORE/inline.h:1372:46: note: in expansion of macro 'PTR2nat'
 1372 |                                       | ( ( (PTR2nat(x)                       \
      |                                              ^~~~~~~
..\..\lib\CORE/inline.h:1921:45: note: in expansion of macro 'PERL_IS_SUBWORD_ADDR'
 1921 |                           + PERL_WORDSIZE * PERL_IS_SUBWORD_ADDR(x)
      |                                             ^~~~~~~~~~~~~~~~~~~~
..\..\lib\CORE/perl.h:2524:25: warning: cast from pointer to integer of different size [-Wpointer-to-int-cast]
 2524 | #define PTR2nat(p)      (PTRV)(p)       /* pointer to integer of PTRSIZE */
      |                         ^
..\..\lib\CORE/inline.h:1922:30: note: in expansion of macro 'PTR2nat'
 1922 |                           - (PTR2nat(x) & PERL_WORD_BOUNDARY_MASK))
      |                              ^~~~~~~
..\..\lib\CORE/perl.h:2524:25: warning: cast from pointer to integer of different size [-Wpointer-to-int-cast]
 2524 | #define PTR2nat(p)      (PTRV)(p)       /* pointer to integer of PTRSIZE */
      |                         ^
..\..\lib\CORE/inline.h:1927:16: note: in expansion of macro 'PTR2nat'
 1927 |         while (PTR2nat(x) & PERL_WORD_BOUNDARY_MASK) {
      |                ^~~~~~~
POSIX.xs: In function 'fix_win32_tzenv':
POSIX.xs:1725:13: error: implicit declaration of function 'putenv'; did you mean '_putenv'? [-Wimplicit-function-declaration]
 1725 |             putenv(newenv);
      |             ^~~~~~
      |             _putenv
./const-xs.inc: In function 'boot_POSIX':
..\..\lib\CORE/perl.h:2496:33: warning: cast from pointer to integer of different size [-Wpointer-to-int-cast]
 2496 | #  define INT2PTR(any,d)        (any)(d)
      |                                 ^
..\..\lib\CORE/perl.h:2521:25: note: in expansion of macro 'INT2PTR'
 2521 | #define PTR2IV(p)       INT2PTR(IV,p)
      |                         ^~~~~~~
./const-xs.inc:1566:21: note: in expansion of macro 'PTR2IV'
 1566 |             temp0 = PTR2IV(SIG_DFL);
      |                     ^~~~~~
..\..\lib\CORE/perl.h:2496:33: warning: cast from pointer to integer of different size [-Wpointer-to-int-cast]
 2496 | #  define INT2PTR(any,d)        (any)(d)
      |                                 ^
..\..\lib\CORE/perl.h:2521:25: note: in expansion of macro 'INT2PTR'
 2521 | #define PTR2IV(p)       INT2PTR(IV,p)
      |                         ^~~~~~~
./const-xs.inc:1574:21: note: in expansion of macro 'PTR2IV'
 1574 |             temp0 = PTR2IV(SIG_ERR);
      |                     ^~~~~~
..\..\lib\CORE/perl.h:2496:33: warning: cast from pointer to integer of different size [-Wpointer-to-int-cast]
 2496 | #  define INT2PTR(any,d)        (any)(d)
      |                                 ^
..\..\lib\CORE/perl.h:2521:25: note: in expansion of macro 'INT2PTR'
 2521 | #define PTR2IV(p)       INT2PTR(IV,p)
      |                         ^~~~~~~
./const-xs.inc:1582:21: note: in expansion of macro 'PTR2IV'
 1582 |             temp0 = PTR2IV(SIG_IGN);
      |                     ^~~~~~
gmake[1]: *** [Makefile:335: POSIX.o] Error 1
gmake[1]: Leaving directory 'D:/perl-xp/perl-5.40.3/ext/POSIX'
gmake[1]: Entering directory 'D:/perl-xp/perl-5.40.3/ext/POSIX'
"D:\perl-xp\perl-5.40.3\miniperl.exe" "-I..\..\lib" -MExtUtils::Command::MM -e cp_nonempty -- POSIX.bs ..\..\lib\auto\POSIX\POSIX.bs 644
gcc -c   -D_WIN32_WINNT=0x0501 -DWINVER=0x0501 -D_WIN32_WINDOWS=0x0501 -march=pentium4 -DWIN32 -DPERL_TEXTMODE_SCRIPTS -DMULTIPLICITY -DPERL_IMPLICIT_SYS -DUSE_PERLIO -D__USE_MINGW_ANSI_STDIO -fwrapv -fno-strict-aliasing -mms-bitfields -Os   -DVERSION=\"2.20\" -DXS_VERSION=\"2.20\"  "-I..\..\lib\CORE"   POSIX.c
In file included from POSIX.xs:11:
..\..\lib\CORE/inline.h: In function 'Perl_is_utf8_invariant_string_loc':
..\..\lib\CORE/perl.h:2524:25: warning: cast from pointer to integer of different size [-Wpointer-to-int-cast]
 2524 | #define PTR2nat(p)      (PTRV)(p)       /* pointer to integer of PTRSIZE */
      |                         ^
..\..\lib\CORE/inline.h:1370:48: note: in expansion of macro 'PTR2nat'
 1370 | #  define PERL_IS_SUBWORD_ADDR(x) (1 & (       PTR2nat(x)                     \
      |                                                ^~~~~~~
..\..\lib\CORE/inline.h:1384:45: note: in expansion of macro 'PERL_IS_SUBWORD_ADDR'
 1384 |                           + PERL_WORDSIZE * PERL_IS_SUBWORD_ADDR(x)
      |                                             ^~~~~~~~~~~~~~~~~~~~
..\..\lib\CORE/perl.h:2524:25: warning: cast from pointer to integer of different size [-Wpointer-to-int-cast]
 2524 | #define PTR2nat(p)      (PTRV)(p)       /* pointer to integer of PTRSIZE */
      |                         ^
..\..\lib\CORE/inline.h:1371:46: note: in expansion of macro 'PTR2nat'
 1371 |                                       |   (  PTR2nat(x) >> 1)                 \
      |                                              ^~~~~~~
..\..\lib\CORE/inline.h:1384:45: note: in expansion of macro 'PERL_IS_SUBWORD_ADDR'
 1384 |                           + PERL_WORDSIZE * PERL_IS_SUBWORD_ADDR(x)
      |                                             ^~~~~~~~~~~~~~~~~~~~
..\..\lib\CORE/perl.h:2524:25: warning: cast from pointer to integer of different size [-Wpointer-to-int-cast]
 2524 | #define PTR2nat(p)      (PTRV)(p)       /* pointer to integer of PTRSIZE */
      |                         ^
..\..\lib\CORE/inline.h:1372:46: note: in expansion of macro 'PTR2nat'
 1372 |                                       | ( ( (PTR2nat(x)                       \
      |                                              ^~~~~~~
..\..\lib\CORE/inline.h:1384:45: note: in expansion of macro 'PERL_IS_SUBWORD_ADDR'
 1384 |                           + PERL_WORDSIZE * PERL_IS_SUBWORD_ADDR(x)
      |                                             ^~~~~~~~~~~~~~~~~~~~
..\..\lib\CORE/perl.h:2524:25: warning: cast from pointer to integer of different size [-Wpointer-to-int-cast]
 2524 | #define PTR2nat(p)      (PTRV)(p)       /* pointer to integer of PTRSIZE */
      |                         ^
..\..\lib\CORE/inline.h:1387:30: note: in expansion of macro 'PTR2nat'
 1387 |                           - (PTR2nat(x) & PERL_WORD_BOUNDARY_MASK))
      |                              ^~~~~~~
..\..\lib\CORE/perl.h:2524:25: warning: cast from pointer to integer of different size [-Wpointer-to-int-cast]
 2524 | #define PTR2nat(p)      (PTRV)(p)       /* pointer to integer of PTRSIZE */
      |                         ^
..\..\lib\CORE/inline.h:1392:16: note: in expansion of macro 'PTR2nat'
 1392 |         while (PTR2nat(x) & PERL_WORD_BOUNDARY_MASK) {
      |                ^~~~~~~
..\..\lib\CORE/inline.h: In function 'S_variant_under_utf8_count':
..\..\lib\CORE/perl.h:2524:25: warning: cast from pointer to integer of different size [-Wpointer-to-int-cast]
 2524 | #define PTR2nat(p)      (PTRV)(p)       /* pointer to integer of PTRSIZE */
      |                         ^
..\..\lib\CORE/inline.h:1370:48: note: in expansion of macro 'PTR2nat'
 1370 | #  define PERL_IS_SUBWORD_ADDR(x) (1 & (       PTR2nat(x)                     \
      |                                                ^~~~~~~
..\..\lib\CORE/inline.h:1921:45: note: in expansion of macro 'PERL_IS_SUBWORD_ADDR'
 1921 |                           + PERL_WORDSIZE * PERL_IS_SUBWORD_ADDR(x)
      |                                             ^~~~~~~~~~~~~~~~~~~~
..\..\lib\CORE/perl.h:2524:25: warning: cast from pointer to integer of different size [-Wpointer-to-int-cast]
 2524 | #define PTR2nat(p)      (PTRV)(p)       /* pointer to integer of PTRSIZE */
      |                         ^
..\..\lib\CORE/inline.h:1371:46: note: in expansion of macro 'PTR2nat'
 1371 |                                       |   (  PTR2nat(x) >> 1)                 \
      |                                              ^~~~~~~
..\..\lib\CORE/inline.h:1921:45: note: in expansion of macro 'PERL_IS_SUBWORD_ADDR'
 1921 |                           + PERL_WORDSIZE * PERL_IS_SUBWORD_ADDR(x)
      |                                             ^~~~~~~~~~~~~~~~~~~~
..\..\lib\CORE/perl.h:2524:25: warning: cast from pointer to integer of different size [-Wpointer-to-int-cast]
 2524 | #define PTR2nat(p)      (PTRV)(p)       /* pointer to integer of PTRSIZE */
      |                         ^
..\..\lib\CORE/inline.h:1372:46: note: in expansion of macro 'PTR2nat'
 1372 |                                       | ( ( (PTR2nat(x)                       \
      |                                              ^~~~~~~
..\..\lib\CORE/inline.h:1921:45: note: in expansion of macro 'PERL_IS_SUBWORD_ADDR'
 1921 |                           + PERL_WORDSIZE * PERL_IS_SUBWORD_ADDR(x)
      |                                             ^~~~~~~~~~~~~~~~~~~~
..\..\lib\CORE/perl.h:2524:25: warning: cast from pointer to integer of different size [-Wpointer-to-int-cast]
 2524 | #define PTR2nat(p)      (PTRV)(p)       /* pointer to integer of PTRSIZE */
      |                         ^
..\..\lib\CORE/inline.h:1922:30: note: in expansion of macro 'PTR2nat'
 1922 |                           - (PTR2nat(x) & PERL_WORD_BOUNDARY_MASK))
      |                              ^~~~~~~
..\..\lib\CORE/perl.h:2524:25: warning: cast from pointer to integer of different size [-Wpointer-to-int-cast]
 2524 | #define PTR2nat(p)      (PTRV)(p)       /* pointer to integer of PTRSIZE */
      |                         ^
..\..\lib\CORE/inline.h:1927:16: note: in expansion of macro 'PTR2nat'
 1927 |         while (PTR2nat(x) & PERL_WORD_BOUNDARY_MASK) {
      |                ^~~~~~~
POSIX.xs: In function 'fix_win32_tzenv':
POSIX.xs:1725:13: error: implicit declaration of function 'putenv'; did you mean '_putenv'? [-Wimplicit-function-declaration]
 1725 |             putenv(newenv);
      |             ^~~~~~
      |             _putenv
./const-xs.inc: In function 'boot_POSIX':
..\..\lib\CORE/perl.h:2496:33: warning: cast from pointer to integer of different size [-Wpointer-to-int-cast]
 2496 | #  define INT2PTR(any,d)        (any)(d)
      |                                 ^
..\..\lib\CORE/perl.h:2521:25: note: in expansion of macro 'INT2PTR'
 2521 | #define PTR2IV(p)       INT2PTR(IV,p)
      |                         ^~~~~~~
./const-xs.inc:1566:21: note: in expansion of macro 'PTR2IV'
 1566 |             temp0 = PTR2IV(SIG_DFL);
      |                     ^~~~~~
..\..\lib\CORE/perl.h:2496:33: warning: cast from pointer to integer of different size [-Wpointer-to-int-cast]
 2496 | #  define INT2PTR(any,d)        (any)(d)
      |                                 ^
..\..\lib\CORE/perl.h:2521:25: note: in expansion of macro 'INT2PTR'
 2521 | #define PTR2IV(p)       INT2PTR(IV,p)
      |                         ^~~~~~~
./const-xs.inc:1574:21: note: in expansion of macro 'PTR2IV'
 1574 |             temp0 = PTR2IV(SIG_ERR);
      |                     ^~~~~~
..\..\lib\CORE/perl.h:2496:33: warning: cast from pointer to integer of different size [-Wpointer-to-int-cast]
 2496 | #  define INT2PTR(any,d)        (any)(d)
      |                                 ^
..\..\lib\CORE/perl.h:2521:25: note: in expansion of macro 'INT2PTR'
 2521 | #define PTR2IV(p)       INT2PTR(IV,p)
      |                         ^~~~~~~
./const-xs.inc:1582:21: note: in expansion of macro 'PTR2IV'
 1582 |             temp0 = PTR2IV(SIG_IGN);
      |                     ^~~~~~
gmake[1]: *** [Makefile:335: POSIX.o] Error 1
gmake[1]: Leaving directory 'D:/perl-xp/perl-5.40.3/ext/POSIX'
Unsuccessful make(ext/POSIX): code=512 at ..\make_ext.pl line 584.
make: *** [GNUmakefile:1561: Extensions] Error 2
