..\miniperl.exe -I..\lib ..\configpm --chdir=..
written lib/Config.pod
updated lib/Config.pm
updated lib/Config_heavy.pl
if not exist "full" mkdir "full"
..\miniperl.exe -I..\lib config_h.PL "CONFIG_H=full\config.h" "ARCHPREFIX="
Running config_h.PL
Writing full\config.h
..\miniperl.exe -I..\lib -w ..\makedef.pl PLATFORM=win32 CONFIG_H=full\config.h -Os -DWIN32 \
-DPERL_TEXTMODE_SCRIPTS -DMULTIPLICITY -DPERL_IMPLICIT_SYS -DUSE_PERLIO -D__USE_MINGW_ANSI_STDIO -fwrapv -fno-strict-aliasing -mms-bitfields CCTYPE=GCC TARG_DIR=..\ > perldll.def
Options: (HAS_LONG_DOUBLE HAS_TIMES HAVE_INTERP_INTERN PERLIO_LAYERS PERL_COPY_ON_WRITE PERL_DISABLE_PMC PERL_DONT_CREATE_GVSV PERL_EXTERNAL_GLOB PERL_HASH_FUNC_ZAPHOD32 PERL_HASH_USE_SBOX32 PERL_IS_MINIPERL PERL_MALLOC_WRAP PERL_OP_PARENT PERL_PRESERVE_IVUV PERL_USE_SAFE_PUTENV USE_LARGE_FILES USE_LOCALE USE_LOCALE_COLLATE USE_LOCALE_CTYPE USE_LOCALE_NUMERIC USE_LOCALE_TIME USE_NO_REGISTRY USE_PERLIO USE_PERL_ATOF USE_SITECUSTOMIZE)
Argument "GCC" isn't numeric in numeric lt (<) at ..\makedef.pl line 198.
Defines: (HAS_ACCESS HAS_ACOSH HAS_ALARM HAS_ASINH HAS_ATANH HAS_CBRT HAS_CHSIZE HAS_COPYSIGN HAS_COPYSIGNL HAS_CRYPT HAS_DIFFTIME HAS_DLERROR HAS_DUP2 HAS_ERF HAS_EXP2 HAS_EXPM1 HAS_FAST_STDIO HAS_FD_SET HAS_FGETPOS HAS_FINITE HAS_FLOCK HAS_FLOCK_PROTO HAS_FMAX HAS_FMIN HAS_FREXPL HAS_FSETPOS HAS_GETCWD HAS_GETHOSTBYADDR HAS_GETHOSTBYNAME HAS_GETHOSTNAME HAS_GETHOST_PROTOS HAS_GETLOGIN HAS_GETPROTOBYNAME HAS_GETPROTOBYNUMBER HAS_GETPROTO_PROTOS HAS_GETSERVBYNAME HAS_GETSERVBYPORT HAS_GETSERV_PROTOS HAS_GETTIMEOFDAY HAS_HTONL HAS_HTONS HAS_HYPOT HAS_ILOGB HAS_ILOGBL HAS_INETNTOP HAS_INETPTON HAS_ISASCII HAS_ISINF HAS_ISLESS HAS_ISNAN HAS_ISNANL HAS_ISNORMAL HAS_J0 HAS_KILLPG HAS_LDBL_DIG HAS_LDEXPL HAS_LGAMMA HAS_LINK HAS_LLRINT HAS_LLRINTL HAS_LLROUND HAS_LLROUNDL HAS_LOCALECONV HAS_LOG1P HAS_LOG2 HAS_LOGB HAS_LONG_DOUBLE HAS_LONG_LONG HAS_LRINT HAS_LRINTL HAS_LROUND HAS_LROUNDL HAS_LSEEK_PROTO HAS_LSTAT HAS_MBLEN HAS_MBSTOWCS HAS_MBTOWC HAS_MKDIR HAS_MKTIME HAS_MODFL HAS_MODFL_PROTO HAS_NAN HAS_NEARBYINT HAS_NEXTAFTER HAS_NEXTTOWARD HAS_NON_INT_BITFIELDS HAS_NTOHL HAS_NTOHS HAS_PAUSE HAS_PIPE HAS_PSEUDOFORK HAS_PTRDIFF_T HAS_QUAD HAS_READDIR HAS_READLINK HAS_REMAINDER HAS_REMQUO HAS_RENAME HAS_REWINDDIR HAS_RINT HAS_RMDIR HAS_ROUND HAS_SCALBN HAS_SCALBNL HAS_SEEKDIR HAS_SELECT HAS_SETLOCALE HAS_SETVBUF HAS_SIGNBIT HAS_SIN6_SCOPE_ID HAS_SNPRINTF HAS_SOCKADDR_STORAGE HAS_SOCKET HAS_SQRTL HAS_STAT HAS_STATIC_INLINE HAS_STRCOLL HAS_STRFTIME HAS_STRTOD HAS_STRTOL HAS_STRTOUL HAS_STRXFRM HAS_SYMLINK HAS_SYSTEM HAS_SYS_ERRLIST HAS_TELLDIR HAS_TELLDIR_PROTO HAS_TGAMMA HAS_TIME HAS_TIMES HAS_TRUNC HAS_TRUNCL HAS_TZNAME HAS_UMASK HAS_UNAME HAS_UNION_SEMUN HAS_VSNPRINTF HAS_WAITPID HAS_WCSCMP HAS_WCSTOMBS HAS_WCSXFRM HAS_WCTOMB HAVE_INTERP_INTERN MULTIPLICITY PERLIO_LAYERS PERL_COPY_ON_WRITE PERL_DISABLE_PMC PERL_DONT_CREATE_GVSV PERL_EXTERNAL_GLOB PERL_HASH_FUNC_ZAPHOD32 PERL_HASH_USE_SBOX32 PERL_IMPLICIT_SYS PERL_IS_MINIPERL PERL_LC_ALL_USES_NAME_VALUE_PAIRS PERL_MALLOC_WRAP PERL_OP_PARENT PERL_PRESERVE_IVUV PERL_RELOCATABLE_INC PERL_STATIC_INLINE PERL_TARGETARCH PERL_TEXTMODE_SCRIPTS PERL_USE_SAFE_PUTENV TS_W32_BROKEN_LOCALECONV USE_DYNAMIC_LOADING USE_ITHREADS USE_LARGE_FILES USE_LOCALE USE_LOCALE_COLLATE USE_LOCALE_CTYPE USE_LOCALE_NUMERIC USE_LOCALE_THREADS USE_LOCALE_TIME USE_NO_REGISTRY USE_PERLIO USE_PERL_ATOF USE_SITECUSTOMIZE USE_STDIO_BASE USE_STDIO_PTR USE_THREADS WIN32 __USE_MINGW_ANSI_STDIO)
dlltool -k -d perldll.def -D perl540.dll -l ..\lib\CORE\libperl540.a -e ..\lib\CORE\perl540.exp
___lib_CORE_libperl540_a_c.s: Assembler messages:
___lib_CORE_libperl540_a_c.s:5349: Error: symbol `n0' is already defined
___lib_CORE_libperl540_a_c.s:5350: Error: symbol `n0' is already defined
___lib_CORE_libperl540_a_c.s:5351: Error: symbol `n0' is already defined
___lib_CORE_libperl540_a_c.s:5352: Error: symbol `n0' is already defined
___lib_CORE_libperl540_a_c.s:5353: Error: symbol `n0' is already defined
___lib_CORE_libperl540_a_c.s:5354: Error: symbol `n0' is already defined
___lib_CORE_libperl540_a_c.s:5355: Error: symbol `n0' is already defined
___lib_CORE_libperl540_a_c.s:5356: Error: symbol `n0' is already defined
___lib_CORE_libperl540_a_c.s:5357: Error: symbol `n0' is already defined
___lib_CORE_libperl540_a_c.s:5358: Error: symbol `n0' is already defined
___lib_CORE_libperl540_a_c.s:5359: Error: symbol `n0' is already defined
___lib_CORE_libperl540_a_c.s:5360: Error: symbol `n0' is already defined
___lib_CORE_libperl540_a_c.s:5361: Error: symbol `n0' is already defined
___lib_CORE_libperl540_a_c.s:5362: Error: symbol `n0' is already defined
___lib_CORE_libperl540_a_c.s:5363: Error: symbol `n0' is already defined
___lib_CORE_libperl540_a_c.s:5364: Error: symbol `n0' is already defined
___lib_CORE_libperl540_a_c.s:5365: Error: symbol `n0' is already defined
___lib_CORE_libperl540_a_c.s:5366: Error: symbol `n0' is already defined
___lib_CORE_libperl540_a_c.s:5367: Error: symbol `n0' is already defined
___lib_CORE_libperl540_a_c.s:5368: Error: symbol `n0' is already defined
___lib_CORE_libperl540_a_c.s:5369: Error: symbol `n0' is already defined
___lib_CORE_libperl540_a_c.s:5370: Error: symbol `n0' is already defined
___lib_CORE_libperl540_a_c.s:5371: Error: symbol `n0' is already defined
___lib_CORE_libperl540_a_c.s:5372: Error: symbol `n0' is already defined
___lib_CORE_libperl540_a_c.s:5373: Error: symbol `n0' is already defined
___lib_CORE_libperl540_a_c.s:5374: Error: symbol `n0' is already defined
___lib_CORE_libperl540_a_c.s:5375: Error: symbol `n0' is already defined
___lib_CORE_libperl540_a_c.s:5376: Error: symbol `n0' is already defined
___lib_CORE_libperl540_a_c.s:5377: Error: symbol `n0' is already defined
___lib_CORE_libperl540_a_c.s:5378: Error: symbol `n0' is already defined
___lib_CORE_libperl540_a_c.s:5379: Error: symbol `n0' is already defined
___lib_CORE_libperl540_a_c.s:5380: Error: symbol `n0' is already defined
___lib_CORE_libperl540_a_c.s:5381: Error: symbol `n0' is already defined
___lib_CORE_libperl540_a_c.s:5382: Error: symbol `n0' is already defined
___lib_CORE_libperl540_a_c.s:5383: Error: symbol `n0' is already defined
___lib_CORE_libperl540_a_c.s:5384: Error: symbol `n0' is already defined
___lib_CORE_libperl540_a_c.s:5385: Error: symbol `n0' is already defined
___lib_CORE_libperl540_a_c.s:5386: Error: symbol `n0' is already defined
___lib_CORE_libperl540_a_c.s:5387: Error: symbol `n0' is already defined
___lib_CORE_libperl540_a_c.s:5388: Error: symbol `n0' is already defined
___lib_CORE_libperl540_a_c.s:5389: Error: symbol `n0' is already defined
___lib_CORE_libperl540_a_c.s:5390: Error: symbol `n0' is already defined
___lib_CORE_libperl540_a_c.s:5391: Error: symbol `n0' is already defined
___lib_CORE_libperl540_a_c.s:5392: Error: symbol `n0' is already defined
___lib_CORE_libperl540_a_c.s:5393: Error: symbol `n0' is already defined
___lib_CORE_libperl540_a_c.s:5394: Error: symbol `n0' is already defined
___lib_CORE_libperl540_a_c.s:5395: Error: symbol `n0' is already defined
___lib_CORE_libperl540_a_c.s:5396: Error: symbol `n0' is already defined
___lib_CORE_libperl540_a_c.s:5397: Error: symbol `n0' is already defined
___lib_CORE_libperl540_a_c.s:5398: Error: symbol `n0' is already defined
___lib_CORE_libperl540_a_c.s:5399: Error: symbol `n0' is already defined
___lib_CORE_libperl540_a_c.s:5400: Error: symbol `n0' is already defined
___lib_CORE_libperl540_a_c.s:5401: Error: symbol `n0' is already defined
___lib_CORE_libperl540_a_c.s:5402: Error: symbol `n0' is already defined
___lib_CORE_libperl540_a_c.s:5403: Error: symbol `n0' is already defined
___lib_CORE_libperl540_a_c.s:5404: Error: symbol `n0' is already defined
___lib_CORE_libperl540_a_c.s:5405: Error: symbol `n0' is already defined
___lib_CORE_libperl540_a_c.s:5406: Error: symbol `n0' is already defined
___lib_CORE_libperl540_a_c.s:5407: Error: symbol `n0' is already defined
___lib_CORE_libperl540_a_c.s:5408: Error: symbol `n0' is already defined
___lib_CORE_libperl540_a_c.s:5409: Error: symbol `n0' is already defined
___lib_CORE_libperl540_a_c.s:5410: Error: symbol `n0' is already defined
___lib_CORE_libperl540_a_c.s:5411: Error: symbol `n0' is already defined
___lib_CORE_libperl540_a_c.s:5412: Error: symbol `n0' is already defined
___lib_CORE_libperl540_a_c.s:5413: Error: symbol `n0' is already defined
___lib_CORE_libperl540_a_c.s:5414: Error: symbol `n0' is already defined
___lib_CORE_libperl540_a_c.s:5415: Error: symbol `n0' is already defined
___lib_CORE_libperl540_a_c.s:5416: Error: symbol `n0' is already defined
___lib_CORE_libperl540_a_c.s:5417: Error: symbol `n0' is already defined
___lib_CORE_libperl540_a_c.s:5418: Error: symbol `n0' is already defined
___lib_CORE_libperl540_a_c.s:5419: Error: symbol `n0' is already defined
___lib_CORE_libperl540_a_c.s:5420: Error: symbol `n0' is already defined
___lib_CORE_libperl540_a_c.s:5421: Error: symbol `n0' is already defined
___lib_CORE_libperl540_a_c.s:5422: Error: symbol `n0' is already defined
___lib_CORE_libperl540_a_c.s:5423: Error: symbol `n0' is already defined
___lib_CORE_libperl540_a_c.s:5424: Error: symbol `n0' is already defined
___lib_CORE_libperl540_a_c.s:5425: Error: symbol `n0' is already defined
___lib_CORE_libperl540_a_c.s:5426: Error: symbol `n0' is already defined
___lib_CORE_libperl540_a_c.s:5427: Error: symbol `n0' is already defined
___lib_CORE_libperl540_a_c.s:5428: Error: symbol `n0' is already defined
___lib_CORE_libperl540_a_c.s:5429: Error: symbol `n0' is already defined
___lib_CORE_libperl540_a_c.s:5430: Error: symbol `n0' is already defined
___lib_CORE_libperl540_a_c.s:5431: Error: symbol `n0' is already defined
___lib_CORE_libperl540_a_c.s:5432: Error: symbol `n0' is already defined
___lib_CORE_libperl540_a_c.s:5433: Error: symbol `n0' is already defined
___lib_CORE_libperl540_a_c.s:5434: Error: symbol `n0' is already defined
___lib_CORE_libperl540_a_c.s:5435: Error: symbol `n0' is already defined
___lib_CORE_libperl540_a_c.s:5436: Error: symbol `n0' is already defined
___lib_CORE_libperl540_a_c.s:5437: Error: symbol `n0' is already defined
___lib_CORE_libperl540_a_c.s:5438: Error: symbol `n0' is already defined
___lib_CORE_libperl540_a_c.s:5439: Error: symbol `n0' is already defined
___lib_CORE_libperl540_a_c.s:5440: Error: symbol `n0' is already defined
___lib_CORE_libperl540_a_c.s:5441: Error: symbol `n0' is already defined
___lib_CORE_libperl540_a_c.s:5442: Error: symbol `n0' is already defined
___lib_CORE_libperl540_a_c.s:5443: Error: symbol `n0' is already defined
___lib_CORE_libperl540_a_c.s:5444: Error: symbol `n0' is already defined
___lib_CORE_libperl540_a_c.s:5445: Error: symbol `n0' is already defined
___lib_CORE_libperl540_a_c.s:5446: Error: symbol `n0' is already defined
___lib_CORE_libperl540_a_c.s:5447: Error: symbol `n0' is already defined
___lib_CORE_libperl540_a_c.s:5448: Error: symbol `n0' is already defined
___lib_CORE_libperl540_a_c.s:5449: Error: symbol `n0' is already defined
___lib_CORE_libperl540_a_c.s:5450: Error: symbol `n0' is already defined
___lib_CORE_libperl540_a_c.s:5451: Error: symbol `n0' is already defined
___lib_CORE_libperl540_a_c.s:5452: Error: symbol `n0' is already defined
___lib_CORE_libperl540_a_c.s:5453: Error: symbol `n0' is already defined
___lib_CORE_libperl540_a_c.s:5454: Error: symbol `n0' is already defined
___lib_CORE_libperl540_a_c.s:5455: Error: symbol `n0' is already defined
___lib_CORE_libperl540_a_c.s:5456: Error: symbol `n0' is already defined
___lib_CORE_libperl540_a_c.s:5457: Error: symbol `n0' is already defined
___lib_CORE_libperl540_a_c.s:5458: Error: symbol `n0' is already defined
___lib_CORE_libperl540_a_c.s:5459: Error: symbol `n0' is already defined
___lib_CORE_libperl540_a_c.s:5460: Error: symbol `n0' is already defined
___lib_CORE_libperl540_a_c.s:5461: Error: symbol `n0' is already defined
___lib_CORE_libperl540_a_c.s:5462: Error: symbol `n0' is already defined
___lib_CORE_libperl540_a_c.s:5463: Error: symbol `n0' is already defined
___lib_CORE_libperl540_a_c.s:5464: Error: symbol `n0' is already defined
___lib_CORE_libperl540_a_c.s:5465: Error: symbol `n0' is already defined
___lib_CORE_libperl540_a_c.s:5466: Error: symbol `n0' is already defined
___lib_CORE_libperl540_a_c.s:5467: Error: symbol `n0' is already defined
___lib_CORE_libperl540_a_c.s:5468: Error: symbol `n0' is already defined
___lib_CORE_libperl540_a_c.s:5469: Error: symbol `n0' is already defined
___lib_CORE_libperl540_a_c.s:5470: Error: symbol `n0' is already defined
___lib_CORE_libperl540_a_c.s:5471: Error: symbol `n0' is already defined
___lib_CORE_libperl540_a_c.s:5472: Error: symbol `n0' is already defined
___lib_CORE_libperl540_a_c.s:5473: Error: symbol `n0' is already defined
___lib_CORE_libperl540_a_c.s:5474: Error: symbol `n0' is already defined
___lib_CORE_libperl540_a_c.s:5475: Error: symbol `n0' is already defined
___lib_CORE_libperl540_a_c.s:5476: Error: symbol `n0' is already defined
___lib_CORE_libperl540_a_c.s:5477: Error: symbol `n0' is already defined
___lib_CORE_libperl540_a_c.s:5478: Error: symbol `n0' is already defined
___lib_CORE_libperl540_a_c.s:5479: Error: symbol `n0' is already defined
___lib_CORE_libperl540_a_c.s:5480: Error: symbol `n0' is already defined
___lib_CORE_libperl540_a_c.s:5481: Error: symbol `n0' is already defined
___lib_CORE_libperl540_a_c.s:5482: Error: symbol `n0' is already defined
___lib_CORE_libperl540_a_c.s:5483: Error: symbol `n0' is already defined
___lib_CORE_libperl540_a_c.s:5484: Error: symbol `n0' is already defined
___lib_CORE_libperl540_a_c.s:5485: Error: symbol `n0' is already defined
___lib_CORE_libperl540_a_c.s:5486: Error: symbol `n0' is already defined
___lib_CORE_libperl540_a_c.s:5487: Error: symbol `n0' is already defined
___lib_CORE_libperl540_a_c.s:5488: Error: symbol `n0' is already defined
___lib_CORE_libperl540_a_c.s:5489: Error: symbol `n0' is already defined
___lib_CORE_libperl540_a_c.s:5490: Error: symbol `n0' is already defined
___lib_CORE_libperl540_a_c.s:5491: Error: symbol `n0' is already defined
___lib_CORE_libperl540_a_c.s:5492: Error: symbol `n0' is already defined
___lib_CORE_libperl540_a_c.s:5493: Error: symbol `n0' is already defined
___lib_CORE_libperl540_a_c.s:5494: Error: symbol `n0' is already defined
___lib_CORE_libperl540_a_c.s:5495: Error: symbol `n0' is already defined
___lib_CORE_libperl540_a_c.s:5496: Error: symbol `n0' is already defined
___lib_CORE_libperl540_a_c.s:5497: Error: symbol `n0' is already defined
___lib_CORE_libperl540_a_c.s:5498: Error: symbol `n0' is already defined
___lib_CORE_libperl540_a_c.s:5499: Error: symbol `n0' is already defined
___lib_CORE_libperl540_a_c.s:5500: Error: symbol `n0' is already defined
___lib_CORE_libperl540_a_c.s:5501: Error: symbol `n0' is already defined
___lib_CORE_libperl540_a_c.s:5502: Error: symbol `n0' is already defined
___lib_CORE_libperl540_a_c.s:5503: Error: symbol `n0' is already defined
___lib_CORE_libperl540_a_c.s:5504: Error: symbol `n0' is already defined
___lib_CORE_libperl540_a_c.s:5505: Error: symbol `n0' is already defined
___lib_CORE_libperl540_a_c.s:5506: Error: symbol `n0' is already defined
___lib_CORE_libperl540_a_c.s:5507: Error: symbol `n0' is already defined
___lib_CORE_libperl540_a_c.s:5508: Error: symbol `n0' is already defined
___lib_CORE_libperl540_a_c.s:5509: Error: symbol `n0' is already defined
___lib_CORE_libperl540_a_c.s:5510: Error: symbol `n0' is already defined
___lib_CORE_libperl540_a_c.s:5511: Error: symbol `n0' is already defined
___lib_CORE_libperl540_a_c.s:5512: Error: symbol `n0' is already defined
___lib_CORE_libperl540_a_c.s:5513: Error: symbol `n0' is already defined
___lib_CORE_libperl540_a_c.s:5514: Error: symbol `n0' is already defined
___lib_CORE_libperl540_a_c.s:5515: Error: symbol `n0' is already defined
___lib_CORE_libperl540_a_c.s:5516: Error: symbol `n0' is already defined
___lib_CORE_libperl540_a_c.s:5517: Error: symbol `n0' is already defined
___lib_CORE_libperl540_a_c.s:5518: Error: symbol `n0' is already defined
___lib_CORE_libperl540_a_c.s:5519: Error: symbol `n0' is already defined
___lib_CORE_libperl540_a_c.s:5520: Error: symbol `n0' is already defined
___lib_CORE_libperl540_a_c.s:5521: Error: symbol `n0' is already defined
___lib_CORE_libperl540_a_c.s:5522: Error: symbol `n0' is already defined
___lib_CORE_libperl540_a_c.s:5523: Error: symbol `n0' is already defined
___lib_CORE_libperl540_a_c.s:5524: Error: symbol `n0' is already defined
___lib_CORE_libperl540_a_c.s:5525: Error: symbol `n0' is already defined
___lib_CORE_libperl540_a_c.s:5526: Error: symbol `n0' is already defined
___lib_CORE_libperl540_a_c.s:5527: Error: symbol `n0' is already defined
___lib_CORE_libperl540_a_c.s:5528: Error: symbol `n0' is already defined
___lib_CORE_libperl540_a_c.s:5529: Error: symbol `n0' is already defined
___lib_CORE_libperl540_a_c.s:5530: Error: symbol `n0' is already defined
___lib_CORE_libperl540_a_c.s:5531: Error: symbol `n0' is already defined
___lib_CORE_libperl540_a_c.s:5532: Error: symbol `n0' is already defined
___lib_CORE_libperl540_a_c.s:5533: Error: symbol `n0' is already defined
___lib_CORE_libperl540_a_c.s:5534: Error: symbol `n0' is already defined
___lib_CORE_libperl540_a_c.s:5535: Error: symbol `n0' is already defined
___lib_CORE_libperl540_a_c.s:5536: Error: symbol `n0' is already defined
___lib_CORE_libperl540_a_c.s:5537: Error: symbol `n0' is already defined
___lib_CORE_libperl540_a_c.s:5538: Error: symbol `n0' is already defined
___lib_CORE_libperl540_a_c.s:5539: Error: symbol `n0' is already defined
___lib_CORE_libperl540_a_c.s:5540: Error: symbol `n0' is already defined
___lib_CORE_libperl540_a_c.s:5541: Error: symbol `n0' is already defined
___lib_CORE_libperl540_a_c.s:5542: Error: symbol `n0' is already defined
___lib_CORE_libperl540_a_c.s:5543: Error: symbol `n0' is already defined
___lib_CORE_libperl540_a_c.s:5544: Error: symbol `n0' is already defined
___lib_CORE_libperl540_a_c.s:5545: Error: symbol `n0' is already defined
___lib_CORE_libperl540_a_c.s:5546: Error: symbol `n0' is already defined
___lib_CORE_libperl540_a_c.s:5547: Error: symbol `n0' is already defined
___lib_CORE_libperl540_a_c.s:5548: Error: symbol `n0' is already defined
___lib_CORE_libperl540_a_c.s:5549: Error: symbol `n0' is already defined
___lib_CORE_libperl540_a_c.s:5550: Error: symbol `n0' is already defined
___lib_CORE_libperl540_a_c.s:5551: Error: symbol `n0' is already defined
___lib_CORE_libperl540_a_c.s:5552: Error: symbol `n0' is already defined
___lib_CORE_libperl540_a_c.s:5553: Error: symbol `n0' is already defined
___lib_CORE_libperl540_a_c.s:5554: Error: symbol `n0' is already defined
___lib_CORE_libperl540_a_c.s:5555: Error: symbol `n0' is already defined
___lib_CORE_libperl540_a_c.s:5556: Error: symbol `n0' is already defined
___lib_CORE_libperl540_a_c.s:5557: Error: symbol `n0' is already defined
___lib_CORE_libperl540_a_c.s:5558: Error: symbol `n0' is already defined
___lib_CORE_libperl540_a_c.s:5559: Error: symbol `n0' is already defined
___lib_CORE_libperl540_a_c.s:5560: Error: symbol `n0' is already defined
___lib_CORE_libperl540_a_c.s:5561: Error: symbol `n0' is already defined
___lib_CORE_libperl540_a_c.s:5562: Error: symbol `n0' is already defined
___lib_CORE_libperl540_a_c.s:5563: Error: symbol `n0' is already defined
___lib_CORE_libperl540_a_c.s:5564: Error: symbol `n0' is already defined
___lib_CORE_libperl540_a_c.s:5565: Error: symbol `n0' is already defined
___lib_CORE_libperl540_a_c.s:5566: Error: symbol `n0' is already defined
___lib_CORE_libperl540_a_c.s:5567: Error: symbol `n0' is already defined
___lib_CORE_libperl540_a_c.s:5568: Error: symbol `n0' is already defined
___lib_CORE_libperl540_a_c.s:5569: Error: symbol `n0' is already defined
___lib_CORE_libperl540_a_c.s:5570: Error: symbol `n0' is already defined
___lib_CORE_libperl540_a_c.s:5571: Error: symbol `n0' is already defined
___lib_CORE_libperl540_a_c.s:5572: Error: symbol `n0' is already defined
___lib_CORE_libperl540_a_c.s:5573: Error: symbol `n0' is already defined
___lib_CORE_libperl540_a_c.s:5574: Error: symbol `n0' is already defined
___lib_CORE_libperl540_a_c.s:5575: Error: symbol `n0' is already defined
___lib_CORE_libperl540_a_c.s:5576: Error: symbol `n0' is already defined
___lib_CORE_libperl540_a_c.s:5577: Error: symbol `n0' is already defined
___lib_CORE_libperl540_a_c.s:5578: Error: symbol `n0' is already defined
___lib_CORE_libperl540_a_c.s:5579: Error: symbol `n0' is already defined
___lib_CORE_libperl540_a_c.s:5580: Error: symbol `n0' is already defined
___lib_CORE_libperl540_a_c.s:5581: Error: symbol `n0' is already defined
___lib_CORE_libperl540_a_c.s:5582: Error: symbol `n0' is already defined
___lib_CORE_libperl540_a_c.s:5583: Error: symbol `n0' is already defined
___lib_CORE_libperl540_a_c.s:5584: Error: symbol `n0' is already defined
___lib_CORE_libperl540_a_c.s:5585: Error: symbol `n0' is already defined
___lib_CORE_libperl540_a_c.s:5586: Error: symbol `n0' is already defined
___lib_CORE_libperl540_a_c.s:5587: Error: symbol `n0' is already defined
___lib_CORE_libperl540_a_c.s:5588: Error: symbol `n0' is already defined
___lib_CORE_libperl540_a_c.s:5589: Error: symbol `n0' is already defined
___lib_CORE_libperl540_a_c.s:5590: Error: symbol `n0' is already defined
___lib_CORE_libperl540_a_c.s:5591: Error: symbol `n0' is already defined
___lib_CORE_libperl540_a_c.s:5592: Error: symbol `n0' is already defined
___lib_CORE_libperl540_a_c.s:5593: Error: symbol `n0' is already defined
___lib_CORE_libperl540_a_c.s:5594: Error: symbol `n0' is already defined
___lib_CORE_libperl540_a_c.s:5595: Error: symbol `n0' is already defined
___lib_CORE_libperl540_a_c.s:5596: Error: symbol `n0' is already defined
___lib_CORE_libperl540_a_c.s:5597: Error: symbol `n0' is already defined
___lib_CORE_libperl540_a_c.s:5598: Error: symbol `n0' is already defined
___lib_CORE_libperl540_a_c.s:5599: Error: symbol `n0' is already defined
___lib_CORE_libperl540_a_c.s:5600: Error: symbol `n0' is already defined
___lib_CORE_libperl540_a_c.s:5601: Error: symbol `n0' is already defined
___lib_CORE_libperl540_a_c.s:5602: Error: symbol `n0' is already defined
___lib_CORE_libperl540_a_c.s:5603: Error: symbol `n0' is already defined
___lib_CORE_libperl540_a_c.s:5604: Error: symbol `n0' is already defined
___lib_CORE_libperl540_a_c.s:5605: Error: symbol `n0' is already defined
___lib_CORE_libperl540_a_c.s:5606: Error: symbol `n0' is already defined
___lib_CORE_libperl540_a_c.s:5607: Error: symbol `n0' is already defined
___lib_CORE_libperl540_a_c.s:5608: Error: symbol `n0' is already defined
___lib_CORE_libperl540_a_c.s:5609: Error: symbol `n0' is already defined
___lib_CORE_libperl540_a_c.s:5610: Error: symbol `n0' is already defined
___lib_CORE_libperl540_a_c.s:5611: Error: symbol `n0' is already defined
___lib_CORE_libperl540_a_c.s:5612: Error: symbol `n0' is already defined
___lib_CORE_libperl540_a_c.s:5613: Error: symbol `n0' is already defined
___lib_CORE_libperl540_a_c.s:5614: Error: symbol `n0' is already defined
___lib_CORE_libperl540_a_c.s:5615: Error: symbol `n0' is already defined
___lib_CORE_libperl540_a_c.s:5616: Error: symbol `n0' is already defined
___lib_CORE_libperl540_a_c.s:5617: Error: symbol `n0' is already defined
___lib_CORE_libperl540_a_c.s:5618: Error: symbol `n0' is already defined
___lib_CORE_libperl540_a_c.s:5619: Error: symbol `n0' is already defined
___lib_CORE_libperl540_a_c.s:5620: Error: symbol `n0' is already defined
___lib_CORE_libperl540_a_c.s:5621: Error: symbol `n0' is already defined
___lib_CORE_libperl540_a_c.s:5622: Error: symbol `n0' is already defined
___lib_CORE_libperl540_a_c.s:5623: Error: symbol `n0' is already defined
___lib_CORE_libperl540_a_c.s:5624: Error: symbol `n0' is already defined
___lib_CORE_libperl540_a_c.s:5625: Error: symbol `n0' is already defined
___lib_CORE_libperl540_a_c.s:5626: Error: symbol `n0' is already defined
___lib_CORE_libperl540_a_c.s:5627: Error: symbol `n0' is already defined
___lib_CORE_libperl540_a_c.s:5628: Error: symbol `n0' is already defined
___lib_CORE_libperl540_a_c.s:5629: Error: symbol `n0' is already defined
___lib_CORE_libperl540_a_c.s:5630: Error: symbol `n0' is already defined
___lib_CORE_libperl540_a_c.s:5631: Error: symbol `n0' is already defined
___lib_CORE_libperl540_a_c.s:5632: Error: symbol `n0' is already defined
___lib_CORE_libperl540_a_c.s:5633: Error: symbol `n0' is already defined
___lib_CORE_libperl540_a_c.s:5634: Error: symbol `n0' is already defined
___lib_CORE_libperl540_a_c.s:5635: Error: symbol `n0' is already defined
___lib_CORE_libperl540_a_c.s:5636: Error: symbol `n0' is already defined
___lib_CORE_libperl540_a_c.s:5637: Error: symbol `n0' is already defined
___lib_CORE_libperl540_a_c.s:5638: Error: symbol `n0' is already defined
___lib_CORE_libperl540_a_c.s:5639: Error: symbol `n0' is already defined
___lib_CORE_libperl540_a_c.s:5640: Error: symbol `n0' is already defined
___lib_CORE_libperl540_a_c.s:5641: Error: symbol `n0' is already defined
___lib_CORE_libperl540_a_c.s:5642: Error: symbol `n0' is already defined
___lib_CORE_libperl540_a_c.s:5643: Error: symbol `n0' is already defined
___lib_CORE_libperl540_a_c.s:5644: Error: symbol `n0' is already defined
___lib_CORE_libperl540_a_c.s:5645: Error: symbol `n0' is already defined
___lib_CORE_libperl540_a_c.s:5646: Error: symbol `n0' is already defined
___lib_CORE_libperl540_a_c.s:5647: Error: symbol `n0' is already defined
___lib_CORE_libperl540_a_c.s:5648: Error: symbol `n0' is already defined
___lib_CORE_libperl540_a_c.s:5649: Error: symbol `n0' is already defined
___lib_CORE_libperl540_a_c.s:5650: Error: symbol `n0' is already defined
___lib_CORE_libperl540_a_c.s:5651: Error: symbol `n0' is already defined
___lib_CORE_libperl540_a_c.s:5652: Error: symbol `n0' is already defined
___lib_CORE_libperl540_a_c.s:5653: Error: symbol `n0' is already defined
___lib_CORE_libperl540_a_c.s:5654: Error: symbol `n0' is already defined
___lib_CORE_libperl540_a_c.s:5655: Error: symbol `n0' is already defined
___lib_CORE_libperl540_a_c.s:5656: Error: symbol `n0' is already defined
___lib_CORE_libperl540_a_c.s:5657: Error: symbol `n0' is already defined
___lib_CORE_libperl540_a_c.s:5658: Error: symbol `n0' is already defined
___lib_CORE_libperl540_a_c.s:5659: Error: symbol `n0' is already defined
___lib_CORE_libperl540_a_c.s:5660: Error: symbol `n0' is already defined
___lib_CORE_libperl540_a_c.s:5661: Error: symbol `n0' is already defined
___lib_CORE_libperl540_a_c.s:5662: Error: symbol `n0' is already defined
___lib_CORE_libperl540_a_c.s:5663: Error: symbol `n0' is already defined
___lib_CORE_libperl540_a_c.s:5664: Error: symbol `n0' is already defined
___lib_CORE_libperl540_a_c.s:5665: Error: symbol `n0' is already defined
___lib_CORE_libperl540_a_c.s:5666: Error: symbol `n0' is already defined
___lib_CORE_libperl540_a_c.s:5667: Error: symbol `n0' is already defined
___lib_CORE_libperl540_a_c.s:5668: Error: symbol `n0' is already defined
___lib_CORE_libperl540_a_c.s:5669: Error: symbol `n0' is already defined
___lib_CORE_libperl540_a_c.s:5670: Error: symbol `n0' is already defined
___lib_CORE_libperl540_a_c.s:5671: Error: symbol `n0' is already defined
___lib_CORE_libperl540_a_c.s:5672: Error: symbol `n0' is already defined
___lib_CORE_libperl540_a_c.s:5673: Error: symbol `n0' is already defined
___lib_CORE_libperl540_a_c.s:5674: Error: symbol `n0' is already defined
___lib_CORE_libperl540_a_c.s:5675: Error: symbol `n0' is already defined
___lib_CORE_libperl540_a_c.s:5676: Error: symbol `n0' is already defined
___lib_CORE_libperl540_a_c.s:5677: Error: symbol `n0' is already defined
___lib_CORE_libperl540_a_c.s:5678: Error: symbol `n0' is already defined
___lib_CORE_libperl540_a_c.s:5679: Error: symbol `n0' is already defined
___lib_CORE_libperl540_a_c.s:5680: Error: symbol `n0' is already defined
___lib_CORE_libperl540_a_c.s:5681: Error: symbol `n0' is already defined
___lib_CORE_libperl540_a_c.s:5682: Error: symbol `n0' is already defined
___lib_CORE_libperl540_a_c.s:5683: Error: symbol `n0' is already defined
___lib_CORE_libperl540_a_c.s:5684: Error: symbol `n0' is already defined
___lib_CORE_libperl540_a_c.s:5685: Error: symbol `n0' is already defined
___lib_CORE_libperl540_a_c.s:5686: Error: symbol `n0' is already defined
___lib_CORE_libperl540_a_c.s:5687: Error: symbol `n0' is already defined
___lib_CORE_libperl540_a_c.s:5688: Error: symbol `n0' is already defined
___lib_CORE_libperl540_a_c.s:5689: Error: symbol `n0' is already defined
___lib_CORE_libperl540_a_c.s:5690: Error: symbol `n0' is already defined
___lib_CORE_libperl540_a_c.s:5691: Error: symbol `n0' is already defined
___lib_CORE_libperl540_a_c.s:5692: Error: symbol `n0' is already defined
___lib_CORE_libperl540_a_c.s:5693: Error: symbol `n0' is already defined
___lib_CORE_libperl540_a_c.s:5694: Error: symbol `n0' is already defined
___lib_CORE_libperl540_a_c.s:5695: Error: symbol `n0' is already defined
___lib_CORE_libperl540_a_c.s:5696: Error: symbol `n0' is already defined
___lib_CORE_libperl540_a_c.s:5697: Error: symbol `n0' is already defined
___lib_CORE_libperl540_a_c.s:5698: Error: symbol `n0' is already defined
___lib_CORE_libperl540_a_c.s:5699: Error: symbol `n0' is already defined
___lib_CORE_libperl540_a_c.s:5700: Error: symbol `n0' is already defined
___lib_CORE_libperl540_a_c.s:5701: Error: symbol `n0' is already defined
___lib_CORE_libperl540_a_c.s:5702: Error: symbol `n0' is already defined
___lib_CORE_libperl540_a_c.s:5703: Error: symbol `n0' is already defined
___lib_CORE_libperl540_a_c.s:5704: Error: symbol `n0' is already defined
___lib_CORE_libperl540_a_c.s:5705: Error: symbol `n0' is already defined
___lib_CORE_libperl540_a_c.s:5706: Error: symbol `n0' is already defined
___lib_CORE_libperl540_a_c.s:5707: Error: symbol `n0' is already defined
___lib_CORE_libperl540_a_c.s:5708: Error: symbol `n0' is already defined
___lib_CORE_libperl540_a_c.s:5709: Error: symbol `n0' is already defined
___lib_CORE_libperl540_a_c.s:5710: Error: symbol `n0' is already defined
___lib_CORE_libperl540_a_c.s:5711: Error: symbol `n0' is already defined
___lib_CORE_libperl540_a_c.s:5712: Error: symbol `n0' is already defined
___lib_CORE_libperl540_a_c.s:5713: Error: symbol `n0' is already defined
___lib_CORE_libperl540_a_c.s:5714: Error: symbol `n0' is already defined
___lib_CORE_libperl540_a_c.s:5715: Error: symbol `n0' is already defined
___lib_CORE_libperl540_a_c.s:5716: Error: symbol `n0' is already defined
___lib_CORE_libperl540_a_c.s:5717: Error: symbol `n0' is already defined
___lib_CORE_libperl540_a_c.s:5718: Error: symbol `n0' is already defined
___lib_CORE_libperl540_a_c.s:5719: Error: symbol `n0' is already defined
___lib_CORE_libperl540_a_c.s:5720: Error: symbol `n0' is already defined
___lib_CORE_libperl540_a_c.s:5721: Error: symbol `n0' is already defined
___lib_CORE_libperl540_a_c.s:5722: Error: symbol `n0' is already defined
___lib_CORE_libperl540_a_c.s:5723: Error: symbol `n0' is already defined
___lib_CORE_libperl540_a_c.s:5724: Error: symbol `n0' is already defined
___lib_CORE_libperl540_a_c.s:5725: Error: symbol `n0' is already defined
___lib_CORE_libperl540_a_c.s:5726: Error: symbol `n0' is already defined
___lib_CORE_libperl540_a_c.s:5727: Error: symbol `n0' is already defined
___lib_CORE_libperl540_a_c.s:5728: Error: symbol `n0' is already defined
___lib_CORE_libperl540_a_c.s:5729: Error: symbol `n0' is already defined
___lib_CORE_libperl540_a_c.s:5730: Error: symbol `n0' is already defined
___lib_CORE_libperl540_a_c.s:5731: Error: symbol `n0' is already defined
___lib_CORE_libperl540_a_c.s:5732: Error: symbol `n0' is already defined
___lib_CORE_libperl540_a_c.s:5733: Error: symbol `n0' is already defined
___lib_CORE_libperl540_a_c.s:5734: Error: symbol `n0' is already defined
___lib_CORE_libperl540_a_c.s:5735: Error: symbol `n0' is already defined
___lib_CORE_libperl540_a_c.s:5736: Error: symbol `n0' is already defined
___lib_CORE_libperl540_a_c.s:5737: Error: symbol `n0' is already defined
___lib_CORE_libperl540_a_c.s:5738: Error: symbol `n0' is already defined
___lib_CORE_libperl540_a_c.s:5739: Error: symbol `n0' is already defined
___lib_CORE_libperl540_a_c.s:5740: Error: symbol `n0' is already defined
___lib_CORE_libperl540_a_c.s:5741: Error: symbol `n0' is already defined
___lib_CORE_libperl540_a_c.s:5742: Error: symbol `n0' is already defined
___lib_CORE_libperl540_a_c.s:5743: Error: symbol `n0' is already defined
___lib_CORE_libperl540_a_c.s:5744: Error: symbol `n0' is already defined
___lib_CORE_libperl540_a_c.s:5745: Error: symbol `n0' is already defined
___lib_CORE_libperl540_a_c.s:5746: Error: symbol `n0' is already defined
___lib_CORE_libperl540_a_c.s:5747: Error: symbol `n0' is already defined
___lib_CORE_libperl540_a_c.s:5748: Error: symbol `n0' is already defined
___lib_CORE_libperl540_a_c.s:5749: Error: symbol `n0' is already defined
___lib_CORE_libperl540_a_c.s:5750: Error: symbol `n0' is already defined
___lib_CORE_libperl540_a_c.s:5751: Error: symbol `n0' is already defined
___lib_CORE_libperl540_a_c.s:5752: Error: symbol `n0' is already defined
___lib_CORE_libperl540_a_c.s:5753: Error: symbol `n0' is already defined
___lib_CORE_libperl540_a_c.s:5754: Error: symbol `n0' is already defined
___lib_CORE_libperl540_a_c.s:5755: Error: symbol `n0' is already defined
___lib_CORE_libperl540_a_c.s:5756: Error: symbol `n0' is already defined
___lib_CORE_libperl540_a_c.s:5757: Error: symbol `n0' is already defined
___lib_CORE_libperl540_a_c.s:5758: Error: symbol `n0' is already defined
___lib_CORE_libperl540_a_c.s:5759: Error: symbol `n0' is already defined
___lib_CORE_libperl540_a_c.s:5760: Error: symbol `n0' is already defined
___lib_CORE_libperl540_a_c.s:5761: Error: symbol `n0' is already defined
___lib_CORE_libperl540_a_c.s:5762: Error: symbol `n0' is already defined
___lib_CORE_libperl540_a_c.s:5763: Error: symbol `n0' is already defined
___lib_CORE_libperl540_a_c.s:5764: Error: symbol `n0' is already defined
___lib_CORE_libperl540_a_c.s:5765: Error: symbol `n0' is already defined
___lib_CORE_libperl540_a_c.s:5766: Error: symbol `n0' is already defined
___lib_CORE_libperl540_a_c.s:5767: Error: symbol `n0' is already defined
___lib_CORE_libperl540_a_c.s:5768: Error: symbol `n0' is already defined
___lib_CORE_libperl540_a_c.s:5769: Error: symbol `n0' is already defined
___lib_CORE_libperl540_a_c.s:5770: Error: symbol `n0' is already defined
___lib_CORE_libperl540_a_c.s:5771: Error: symbol `n0' is already defined
___lib_CORE_libperl540_a_c.s:5772: Error: symbol `n0' is already defined
___lib_CORE_libperl540_a_c.s:5773: Error: symbol `n0' is already defined
___lib_CORE_libperl540_a_c.s:5774: Error: symbol `n0' is already defined
___lib_CORE_libperl540_a_c.s:5775: Error: symbol `n0' is already defined
___lib_CORE_libperl540_a_c.s:5776: Error: symbol `n0' is already defined
___lib_CORE_libperl540_a_c.s:5777: Error: symbol `n0' is already defined
___lib_CORE_libperl540_a_c.s:5778: Error: symbol `n0' is already defined
___lib_CORE_libperl540_a_c.s:5779: Error: symbol `n0' is already defined
___lib_CORE_libperl540_a_c.s:5780: Error: symbol `n0' is already defined
___lib_CORE_libperl540_a_c.s:5781: Error: symbol `n0' is already defined
___lib_CORE_libperl540_a_c.s:5782: Error: symbol `n0' is already defined
___lib_CORE_libperl540_a_c.s:5783: Error: symbol `n0' is already defined
___lib_CORE_libperl540_a_c.s:5784: Error: symbol `n0' is already defined
___lib_CORE_libperl540_a_c.s:5785: Error: symbol `n0' is already defined
___lib_CORE_libperl540_a_c.s:5786: Error: symbol `n0' is already defined
___lib_CORE_libperl540_a_c.s:5787: Error: symbol `n0' is already defined
___lib_CORE_libperl540_a_c.s:5788: Error: symbol `n0' is already defined
___lib_CORE_libperl540_a_c.s:5789: Error: symbol `n0' is already defined
___lib_CORE_libperl540_a_c.s:5790: Error: symbol `n0' is already defined
___lib_CORE_libperl540_a_c.s:5791: Error: symbol `n0' is already defined
___lib_CORE_libperl540_a_c.s:5792: Error: symbol `n0' is already defined
___lib_CORE_libperl540_a_c.s:5793: Error: symbol `n0' is already defined
___lib_CORE_libperl540_a_c.s:5794: Error: symbol `n0' is already defined
___lib_CORE_libperl540_a_c.s:5795: Error: symbol `n0' is already defined
___lib_CORE_libperl540_a_c.s:5796: Error: symbol `n0' is already defined
___lib_CORE_libperl540_a_c.s:5797: Error: symbol `n0' is already defined
___lib_CORE_libperl540_a_c.s:5798: Error: symbol `n0' is already defined
___lib_CORE_libperl540_a_c.s:5799: Error: symbol `n0' is already defined
___lib_CORE_libperl540_a_c.s:5800: Error: symbol `n0' is already defined
___lib_CORE_libperl540_a_c.s:5801: Error: symbol `n0' is already defined
___lib_CORE_libperl540_a_c.s:5802: Error: symbol `n0' is already defined
___lib_CORE_libperl540_a_c.s:5803: Error: symbol `n0' is already defined
___lib_CORE_libperl540_a_c.s:5804: Error: symbol `n0' is already defined
___lib_CORE_libperl540_a_c.s:5805: Error: symbol `n0' is already defined
___lib_CORE_libperl540_a_c.s:5806: Error: symbol `n0' is already defined
___lib_CORE_libperl540_a_c.s:5807: Error: symbol `n0' is already defined
___lib_CORE_libperl540_a_c.s:5808: Error: symbol `n0' is already defined
___lib_CORE_libperl540_a_c.s:5809: Error: symbol `n0' is already defined
___lib_CORE_libperl540_a_c.s:5810: Error: symbol `n0' is already defined
___lib_CORE_libperl540_a_c.s:5811: Error: symbol `n0' is already defined
___lib_CORE_libperl540_a_c.s:5812: Error: symbol `n0' is already defined
___lib_CORE_libperl540_a_c.s:5813: Error: symbol `n0' is already defined
___lib_CORE_libperl540_a_c.s:5814: Error: symbol `n0' is already defined
___lib_CORE_libperl540_a_c.s:5815: Error: symbol `n0' is already defined
___lib_CORE_libperl540_a_c.s:5816: Error: symbol `n0' is already defined
___lib_CORE_libperl540_a_c.s:5817: Error: symbol `n0' is already defined
___lib_CORE_libperl540_a_c.s:5818: Error: symbol `n0' is already defined
___lib_CORE_libperl540_a_c.s:5819: Error: symbol `n0' is already defined
___lib_CORE_libperl540_a_c.s:5820: Error: symbol `n0' is already defined
___lib_CORE_libperl540_a_c.s:5821: Error: symbol `n0' is already defined
___lib_CORE_libperl540_a_c.s:5822: Error: symbol `n0' is already defined
___lib_CORE_libperl540_a_c.s:5823: Error: symbol `n0' is already defined
___lib_CORE_libperl540_a_c.s:5824: Error: symbol `n0' is already defined
___lib_CORE_libperl540_a_c.s:5825: Error: symbol `n0' is already defined
___lib_CORE_libperl540_a_c.s:5826: Error: symbol `n0' is already defined
___lib_CORE_libperl540_a_c.s:5827: Error: symbol `n0' is already defined
___lib_CORE_libperl540_a_c.s:5828: Error: symbol `n0' is already defined
___lib_CORE_libperl540_a_c.s:5829: Error: symbol `n0' is already defined
___lib_CORE_libperl540_a_c.s:5830: Error: symbol `n0' is already defined
___lib_CORE_libperl540_a_c.s:5831: Error: symbol `n0' is already defined
___lib_CORE_libperl540_a_c.s:5832: Error: symbol `n0' is already defined
___lib_CORE_libperl540_a_c.s:5833: Error: symbol `n0' is already defined
___lib_CORE_libperl540_a_c.s:5834: Error: symbol `n0' is already defined
___lib_CORE_libperl540_a_c.s:5835: Error: symbol `n0' is already defined
___lib_CORE_libperl540_a_c.s:5836: Error: symbol `n0' is already defined
___lib_CORE_libperl540_a_c.s:5837: Error: symbol `n0' is already defined
___lib_CORE_libperl540_a_c.s:5838: Error: symbol `n0' is already defined
___lib_CORE_libperl540_a_c.s:5839: Error: symbol `n0' is already defined
___lib_CORE_libperl540_a_c.s:5840: Error: symbol `n0' is already defined
___lib_CORE_libperl540_a_c.s:5841: Error: symbol `n0' is already defined
___lib_CORE_libperl540_a_c.s:5842: Error: symbol `n0' is already defined
___lib_CORE_libperl540_a_c.s:5843: Error: symbol `n0' is already defined
___lib_CORE_libperl540_a_c.s:5844: Error: symbol `n0' is already defined
___lib_CORE_libperl540_a_c.s:5845: Error: symbol `n0' is already defined
___lib_CORE_libperl540_a_c.s:5846: Error: symbol `n0' is already defined
___lib_CORE_libperl540_a_c.s:5847: Error: symbol `n0' is already defined
___lib_CORE_libperl540_a_c.s:5848: Error: symbol `n0' is already defined
___lib_CORE_libperl540_a_c.s:5849: Error: symbol `n0' is already defined
___lib_CORE_libperl540_a_c.s:5850: Error: symbol `n0' is already defined
___lib_CORE_libperl540_a_c.s:5851: Error: symbol `n0' is already defined
___lib_CORE_libperl540_a_c.s:5852: Error: symbol `n0' is already defined
___lib_CORE_libperl540_a_c.s:5853: Error: symbol `n0' is already defined
___lib_CORE_libperl540_a_c.s:5854: Error: symbol `n0' is already defined
___lib_CORE_libperl540_a_c.s:5855: Error: symbol `n0' is already defined
___lib_CORE_libperl540_a_c.s:5856: Error: symbol `n0' is already defined
___lib_CORE_libperl540_a_c.s:5857: Error: symbol `n0' is already defined
___lib_CORE_libperl540_a_c.s:5858: Error: symbol `n0' is already defined
___lib_CORE_libperl540_a_c.s:5859: Error: symbol `n0' is already defined
___lib_CORE_libperl540_a_c.s:5860: Error: symbol `n0' is already defined
___lib_CORE_libperl540_a_c.s:5861: Error: symbol `n0' is already defined
___lib_CORE_libperl540_a_c.s:5862: Error: symbol `n0' is already defined
___lib_CORE_libperl540_a_c.s:5863: Error: symbol `n0' is already defined
___lib_CORE_libperl540_a_c.s:5864: Error: symbol `n0' is already defined
___lib_CORE_libperl540_a_c.s:5865: Error: symbol `n0' is already defined
___lib_CORE_libperl540_a_c.s:5866: Error: symbol `n0' is already defined
___lib_CORE_libperl540_a_c.s:5867: Error: symbol `n0' is already defined
___lib_CORE_libperl540_a_c.s:5868: Error: symbol `n0' is already defined
___lib_CORE_libperl540_a_c.s:5869: Error: symbol `n0' is already defined
___lib_CORE_libperl540_a_c.s:5870: Error: symbol `n0' is already defined
___lib_CORE_libperl540_a_c.s:5871: Error: symbol `n0' is already defined
___lib_CORE_libperl540_a_c.s:5872: Error: symbol `n0' is already defined
___lib_CORE_libperl540_a_c.s:5873: Error: symbol `n0' is already defined
___lib_CORE_libperl540_a_c.s:5874: Error: symbol `n0' is already defined
___lib_CORE_libperl540_a_c.s:5875: Error: symbol `n0' is already defined
___lib_CORE_libperl540_a_c.s:5876: Error: symbol `n0' is already defined
___lib_CORE_libperl540_a_c.s:5877: Error: symbol `n0' is already defined
___lib_CORE_libperl540_a_c.s:5878: Error: symbol `n0' is already defined
___lib_CORE_libperl540_a_c.s:5879: Error: symbol `n0' is already defined
___lib_CORE_libperl540_a_c.s:5880: Error: symbol `n0' is already defined
___lib_CORE_libperl540_a_c.s:5881: Error: symbol `n0' is already defined
___lib_CORE_libperl540_a_c.s:5882: Error: symbol `n0' is already defined
___lib_CORE_libperl540_a_c.s:5883: Error: symbol `n0' is already defined
___lib_CORE_libperl540_a_c.s:5884: Error: symbol `n0' is already defined
___lib_CORE_libperl540_a_c.s:5885: Error: symbol `n0' is already defined
___lib_CORE_libperl540_a_c.s:5886: Error: symbol `n0' is already defined
___lib_CORE_libperl540_a_c.s:5887: Error: symbol `n0' is already defined
___lib_CORE_libperl540_a_c.s:5888: Error: symbol `n0' is already defined
___lib_CORE_libperl540_a_c.s:5889: Error: symbol `n0' is already defined
___lib_CORE_libperl540_a_c.s:5890: Error: symbol `n0' is already defined
___lib_CORE_libperl540_a_c.s:5891: Error: symbol `n0' is already defined
___lib_CORE_libperl540_a_c.s:5892: Error: symbol `n0' is already defined
___lib_CORE_libperl540_a_c.s:5893: Error: symbol `n0' is already defined
___lib_CORE_libperl540_a_c.s:5894: Error: symbol `n0' is already defined
___lib_CORE_libperl540_a_c.s:5895: Error: symbol `n0' is already defined
___lib_CORE_libperl540_a_c.s:5896: Error: symbol `n0' is already defined
___lib_CORE_libperl540_a_c.s:5897: Error: symbol `n0' is already defined
___lib_CORE_libperl540_a_c.s:5898: Error: symbol `n0' is already defined
___lib_CORE_libperl540_a_c.s:5899: Error: symbol `n0' is already defined
___lib_CORE_libperl540_a_c.s:5900: Error: symbol `n0' is already defined
___lib_CORE_libperl540_a_c.s:5901: Error: symbol `n0' is already defined
___lib_CORE_libperl540_a_c.s:5902: Error: symbol `n0' is already defined
___lib_CORE_libperl540_a_c.s:5903: Error: symbol `n0' is already defined
___lib_CORE_libperl540_a_c.s:5904: Error: symbol `n0' is already defined
___lib_CORE_libperl540_a_c.s:5905: Error: symbol `n0' is already defined
___lib_CORE_libperl540_a_c.s:5906: Error: symbol `n0' is already defined
___lib_CORE_libperl540_a_c.s:5907: Error: symbol `n0' is already defined
___lib_CORE_libperl540_a_c.s:5908: Error: symbol `n0' is already defined
___lib_CORE_libperl540_a_c.s:5909: Error: symbol `n0' is already defined
___lib_CORE_libperl540_a_c.s:5910: Error: symbol `n0' is already defined
___lib_CORE_libperl540_a_c.s:5911: Error: symbol `n0' is already defined
___lib_CORE_libperl540_a_c.s:5912: Error: symbol `n0' is already defined
___lib_CORE_libperl540_a_c.s:5913: Error: symbol `n0' is already defined
___lib_CORE_libperl540_a_c.s:5914: Error: symbol `n0' is already defined
___lib_CORE_libperl540_a_c.s:5915: Error: symbol `n0' is already defined
___lib_CORE_libperl540_a_c.s:5916: Error: symbol `n0' is already defined
___lib_CORE_libperl540_a_c.s:5917: Error: symbol `n0' is already defined
___lib_CORE_libperl540_a_c.s:5918: Error: symbol `n0' is already defined
___lib_CORE_libperl540_a_c.s:5919: Error: symbol `n0' is already defined
___lib_CORE_libperl540_a_c.s:5920: Error: symbol `n0' is already defined
___lib_CORE_libperl540_a_c.s:5921: Error: symbol `n0' is already defined
___lib_CORE_libperl540_a_c.s:5922: Error: symbol `n0' is already defined
___lib_CORE_libperl540_a_c.s:5923: Error: symbol `n0' is already defined
___lib_CORE_libperl540_a_c.s:5924: Error: symbol `n0' is already defined
___lib_CORE_libperl540_a_c.s:5925: Error: symbol `n0' is already defined
___lib_CORE_libperl540_a_c.s:5926: Error: symbol `n0' is already defined
___lib_CORE_libperl540_a_c.s:5927: Error: symbol `n0' is already defined
___lib_CORE_libperl540_a_c.s:5928: Error: symbol `n0' is already defined
___lib_CORE_libperl540_a_c.s:5929: Error: symbol `n0' is already defined
___lib_CORE_libperl540_a_c.s:5930: Error: symbol `n0' is already defined
___lib_CORE_libperl540_a_c.s:5931: Error: symbol `n0' is already defined
___lib_CORE_libperl540_a_c.s:5932: Error: symbol `n0' is already defined
___lib_CORE_libperl540_a_c.s:5933: Error: symbol `n0' is already defined
___lib_CORE_libperl540_a_c.s:5934: Error: symbol `n0' is already defined
___lib_CORE_libperl540_a_c.s:5935: Error: symbol `n0' is already defined
___lib_CORE_libperl540_a_c.s:5936: Error: symbol `n0' is already defined
___lib_CORE_libperl540_a_c.s:5937: Error: symbol `n0' is already defined
___lib_CORE_libperl540_a_c.s:5938: Error: symbol `n0' is already defined
___lib_CORE_libperl540_a_c.s:5939: Error: symbol `n0' is already defined
___lib_CORE_libperl540_a_c.s:5940: Error: symbol `n0' is already defined
___lib_CORE_libperl540_a_c.s:5941: Error: symbol `n0' is already defined
___lib_CORE_libperl540_a_c.s:5942: Error: symbol `n0' is already defined
___lib_CORE_libperl540_a_c.s:5943: Error: symbol `n0' is already defined
___lib_CORE_libperl540_a_c.s:5944: Error: symbol `n0' is already defined
___lib_CORE_libperl540_a_c.s:5945: Error: symbol `n0' is already defined
___lib_CORE_libperl540_a_c.s:5946: Error: symbol `n0' is already defined
___lib_CORE_libperl540_a_c.s:5947: Error: symbol `n0' is already defined
___lib_CORE_libperl540_a_c.s:5948: Error: symbol `n0' is already defined
___lib_CORE_libperl540_a_c.s:5949: Error: symbol `n0' is already defined
___lib_CORE_libperl540_a_c.s:5950: Error: symbol `n0' is already defined
___lib_CORE_libperl540_a_c.s:5951: Error: symbol `n0' is already defined
___lib_CORE_libperl540_a_c.s:5952: Error: symbol `n0' is already defined
___lib_CORE_libperl540_a_c.s:5953: Error: symbol `n0' is already defined
___lib_CORE_libperl540_a_c.s:5954: Error: symbol `n0' is already defined
___lib_CORE_libperl540_a_c.s:5955: Error: symbol `n0' is already defined
___lib_CORE_libperl540_a_c.s:5956: Error: symbol `n0' is already defined
___lib_CORE_libperl540_a_c.s:5957: Error: symbol `n0' is already defined
___lib_CORE_libperl540_a_c.s:5958: Error: symbol `n0' is already defined
___lib_CORE_libperl540_a_c.s:5959: Error: symbol `n0' is already defined
___lib_CORE_libperl540_a_c.s:5960: Error: symbol `n0' is already defined
___lib_CORE_libperl540_a_c.s:5961: Error: symbol `n0' is already defined
___lib_CORE_libperl540_a_c.s:5962: Error: symbol `n0' is already defined
___lib_CORE_libperl540_a_c.s:5963: Error: symbol `n0' is already defined
___lib_CORE_libperl540_a_c.s:5964: Error: symbol `n0' is already defined
___lib_CORE_libperl540_a_c.s:5965: Error: symbol `n0' is already defined
___lib_CORE_libperl540_a_c.s:5966: Error: symbol `n0' is already defined
___lib_CORE_libperl540_a_c.s:5967: Error: symbol `n0' is already defined
___lib_CORE_libperl540_a_c.s:5968: Error: symbol `n0' is already defined
___lib_CORE_libperl540_a_c.s:5969: Error: symbol `n0' is already defined
___lib_CORE_libperl540_a_c.s:5970: Error: symbol `n0' is already defined
___lib_CORE_libperl540_a_c.s:5971: Error: symbol `n0' is already defined
___lib_CORE_libperl540_a_c.s:5972: Error: symbol `n0' is already defined
___lib_CORE_libperl540_a_c.s:5973: Error: symbol `n0' is already defined
___lib_CORE_libperl540_a_c.s:5974: Error: symbol `n0' is already defined
___lib_CORE_libperl540_a_c.s:5975: Error: symbol `n0' is already defined
___lib_CORE_libperl540_a_c.s:5976: Error: symbol `n0' is already defined
___lib_CORE_libperl540_a_c.s:5977: Error: symbol `n0' is already defined
___lib_CORE_libperl540_a_c.s:5978: Error: symbol `n0' is already defined
___lib_CORE_libperl540_a_c.s:5979: Error: symbol `n0' is already defined
___lib_CORE_libperl540_a_c.s:5980: Error: symbol `n0' is already defined
___lib_CORE_libperl540_a_c.s:5981: Error: symbol `n0' is already defined
___lib_CORE_libperl540_a_c.s:5982: Error: symbol `n0' is already defined
___lib_CORE_libperl540_a_c.s:5983: Error: symbol `n0' is already defined
___lib_CORE_libperl540_a_c.s:5984: Error: symbol `n0' is already defined
___lib_CORE_libperl540_a_c.s:5985: Error: symbol `n0' is already defined
___lib_CORE_libperl540_a_c.s:5986: Error: symbol `n0' is already defined
___lib_CORE_libperl540_a_c.s:5987: Error: symbol `n0' is already defined
___lib_CORE_libperl540_a_c.s:5988: Error: symbol `n0' is already defined
___lib_CORE_libperl540_a_c.s:5989: Error: symbol `n0' is already defined
___lib_CORE_libperl540_a_c.s:5990: Error: symbol `n0' is already defined
___lib_CORE_libperl540_a_c.s:5991: Error: symbol `n0' is already defined
___lib_CORE_libperl540_a_c.s:5992: Error: symbol `n0' is already defined
___lib_CORE_libperl540_a_c.s:5993: Error: symbol `n0' is already defined
___lib_CORE_libperl540_a_c.s:5994: Error: symbol `n0' is already defined
___lib_CORE_libperl540_a_c.s:5995: Error: symbol `n0' is already defined
___lib_CORE_libperl540_a_c.s:5996: Error: symbol `n0' is already defined
___lib_CORE_libperl540_a_c.s:5997: Error: symbol `n0' is already defined
___lib_CORE_libperl540_a_c.s:5998: Error: symbol `n0' is already defined
___lib_CORE_libperl540_a_c.s:5999: Error: symbol `n0' is already defined
___lib_CORE_libperl540_a_c.s:6000: Error: symbol `n0' is already defined
___lib_CORE_libperl540_a_c.s:6001: Error: symbol `n0' is already defined
___lib_CORE_libperl540_a_c.s:6002: Error: symbol `n0' is already defined
___lib_CORE_libperl540_a_c.s:6003: Error: symbol `n0' is already defined
___lib_CORE_libperl540_a_c.s:6004: Error: symbol `n0' is already defined
___lib_CORE_libperl540_a_c.s:6005: Error: symbol `n0' is already defined
___lib_CORE_libperl540_a_c.s:6006: Error: symbol `n0' is already defined
___lib_CORE_libperl540_a_c.s:6007: Error: symbol `n0' is already defined
___lib_CORE_libperl540_a_c.s:6008: Error: symbol `n0' is already defined
___lib_CORE_libperl540_a_c.s:6009: Error: symbol `n0' is already defined
___lib_CORE_libperl540_a_c.s:6010: Error: symbol `n0' is already defined
___lib_CORE_libperl540_a_c.s:6011: Error: symbol `n0' is already defined
___lib_CORE_libperl540_a_c.s:6012: Error: symbol `n0' is already defined
___lib_CORE_libperl540_a_c.s:6013: Error: symbol `n0' is already defined
___lib_CORE_libperl540_a_c.s:6014: Error: symbol `n0' is already defined
___lib_CORE_libperl540_a_c.s:6015: Error: symbol `n0' is already defined
___lib_CORE_libperl540_a_c.s:6016: Error: symbol `n0' is already defined
___lib_CORE_libperl540_a_c.s:6017: Error: symbol `n0' is already defined
___lib_CORE_libperl540_a_c.s:6018: Error: symbol `n0' is already defined
___lib_CORE_libperl540_a_c.s:6019: Error: symbol `n0' is already defined
___lib_CORE_libperl540_a_c.s:6020: Error: symbol `n0' is already defined
___lib_CORE_libperl540_a_c.s:6021: Error: symbol `n0' is already defined
___lib_CORE_libperl540_a_c.s:6022: Error: symbol `n0' is already defined
___lib_CORE_libperl540_a_c.s:6023: Error: symbol `n0' is already defined
___lib_CORE_libperl540_a_c.s:6024: Error: symbol `n0' is already defined
___lib_CORE_libperl540_a_c.s:6025: Error: symbol `n0' is already defined
___lib_CORE_libperl540_a_c.s:6026: Error: symbol `n0' is already defined
___lib_CORE_libperl540_a_c.s:6027: Error: symbol `n0' is already defined
___lib_CORE_libperl540_a_c.s:6028: Error: symbol `n0' is already defined
___lib_CORE_libperl540_a_c.s:6029: Error: symbol `n0' is already defined
___lib_CORE_libperl540_a_c.s:6030: Error: symbol `n0' is already defined
___lib_CORE_libperl540_a_c.s:6031: Error: symbol `n0' is already defined
___lib_CORE_libperl540_a_c.s:6032: Error: symbol `n0' is already defined
___lib_CORE_libperl540_a_c.s:6033: Error: symbol `n0' is already defined
___lib_CORE_libperl540_a_c.s:6034: Error: symbol `n0' is already defined
___lib_CORE_libperl540_a_c.s:6035: Error: symbol `n0' is already defined
___lib_CORE_libperl540_a_c.s:6036: Error: symbol `n0' is already defined
___lib_CORE_libperl540_a_c.s:6037: Error: symbol `n0' is already defined
___lib_CORE_libperl540_a_c.s:6038: Error: symbol `n0' is already defined
___lib_CORE_libperl540_a_c.s:6039: Error: symbol `n0' is already defined
___lib_CORE_libperl540_a_c.s:6040: Error: symbol `n0' is already defined
___lib_CORE_libperl540_a_c.s:6041: Error: symbol `n0' is already defined
___lib_CORE_libperl540_a_c.s:6042: Error: symbol `n0' is already defined
___lib_CORE_libperl540_a_c.s:6043: Error: symbol `n0' is already defined
___lib_CORE_libperl540_a_c.s:6044: Error: symbol `n0' is already defined
___lib_CORE_libperl540_a_c.s:6045: Error: symbol `n0' is already defined
___lib_CORE_libperl540_a_c.s:6046: Error: symbol `n0' is already defined
___lib_CORE_libperl540_a_c.s:6047: Error: symbol `n0' is already defined
___lib_CORE_libperl540_a_c.s:6048: Error: symbol `n0' is already defined
___lib_CORE_libperl540_a_c.s:6049: Error: symbol `n0' is already defined
___lib_CORE_libperl540_a_c.s:6050: Error: symbol `n0' is already defined
___lib_CORE_libperl540_a_c.s:6051: Error: symbol `n0' is already defined
___lib_CORE_libperl540_a_c.s:6052: Error: symbol `n0' is already defined
___lib_CORE_libperl540_a_c.s:6053: Error: symbol `n0' is already defined
___lib_CORE_libperl540_a_c.s:6054: Error: symbol `n0' is already defined
___lib_CORE_libperl540_a_c.s:6055: Error: symbol `n0' is already defined
___lib_CORE_libperl540_a_c.s:6056: Error: symbol `n0' is already defined
___lib_CORE_libperl540_a_c.s:6057: Error: symbol `n0' is already defined
___lib_CORE_libperl540_a_c.s:6058: Error: symbol `n0' is already defined
___lib_CORE_libperl540_a_c.s:6059: Error: symbol `n0' is already defined
___lib_CORE_libperl540_a_c.s:6060: Error: symbol `n0' is already defined
___lib_CORE_libperl540_a_c.s:6061: Error: symbol `n0' is already defined
___lib_CORE_libperl540_a_c.s:6062: Error: symbol `n0' is already defined
___lib_CORE_libperl540_a_c.s:6063: Error: symbol `n0' is already defined
___lib_CORE_libperl540_a_c.s:6064: Error: symbol `n0' is already defined
___lib_CORE_libperl540_a_c.s:6065: Error: symbol `n0' is already defined
___lib_CORE_libperl540_a_c.s:6066: Error: symbol `n0' is already defined
___lib_CORE_libperl540_a_c.s:6067: Error: symbol `n0' is already defined
___lib_CORE_libperl540_a_c.s:6068: Error: symbol `n0' is already defined
___lib_CORE_libperl540_a_c.s:6069: Error: symbol `n0' is already defined
___lib_CORE_libperl540_a_c.s:6070: Error: symbol `n0' is already defined
___lib_CORE_libperl540_a_c.s:6071: Error: symbol `n0' is already defined
___lib_CORE_libperl540_a_c.s:6072: Error: symbol `n0' is already defined
___lib_CORE_libperl540_a_c.s:6073: Error: symbol `n0' is already defined
___lib_CORE_libperl540_a_c.s:6074: Error: symbol `n0' is already defined
___lib_CORE_libperl540_a_c.s:6075: Error: symbol `n0' is already defined
___lib_CORE_libperl540_a_c.s:6076: Error: symbol `n0' is already defined
___lib_CORE_libperl540_a_c.s:6077: Error: symbol `n0' is already defined
___lib_CORE_libperl540_a_c.s:6078: Error: symbol `n0' is already defined
___lib_CORE_libperl540_a_c.s:6079: Error: symbol `n0' is already defined
___lib_CORE_libperl540_a_c.s:6080: Error: symbol `n0' is already defined
___lib_CORE_libperl540_a_c.s:6081: Error: symbol `n0' is already defined
___lib_CORE_libperl540_a_c.s:6082: Error: symbol `n0' is already defined
___lib_CORE_libperl540_a_c.s:6083: Error: symbol `n0' is already defined
___lib_CORE_libperl540_a_c.s:6084: Error: symbol `n0' is already defined
___lib_CORE_libperl540_a_c.s:6085: Error: symbol `n0' is already defined
___lib_CORE_libperl540_a_c.s:6086: Error: symbol `n0' is already defined
___lib_CORE_libperl540_a_c.s:6087: Error: symbol `n0' is already defined
___lib_CORE_libperl540_a_c.s:6088: Error: symbol `n0' is already defined
___lib_CORE_libperl540_a_c.s:6089: Error: symbol `n0' is already defined
___lib_CORE_libperl540_a_c.s:6090: Error: symbol `n0' is already defined
___lib_CORE_libperl540_a_c.s:6091: Error: symbol `n0' is already defined
___lib_CORE_libperl540_a_c.s:6092: Error: symbol `n0' is already defined
___lib_CORE_libperl540_a_c.s:6093: Error: symbol `n0' is already defined
___lib_CORE_libperl540_a_c.s:6094: Error: symbol `n0' is already defined
___lib_CORE_libperl540_a_c.s:6095: Error: symbol `n0' is already defined
___lib_CORE_libperl540_a_c.s:6096: Error: symbol `n0' is already defined
___lib_CORE_libperl540_a_c.s:6097: Error: symbol `n0' is already defined
___lib_CORE_libperl540_a_c.s:6098: Error: symbol `n0' is already defined
___lib_CORE_libperl540_a_c.s:6099: Error: symbol `n0' is already defined
___lib_CORE_libperl540_a_c.s:6100: Error: symbol `n0' is already defined
___lib_CORE_libperl540_a_c.s:6101: Error: symbol `n0' is already defined
___lib_CORE_libperl540_a_c.s:6102: Error: symbol `n0' is already defined
___lib_CORE_libperl540_a_c.s:6103: Error: symbol `n0' is already defined
___lib_CORE_libperl540_a_c.s:6104: Error: symbol `n0' is already defined
___lib_CORE_libperl540_a_c.s:6105: Error: symbol `n0' is already defined
___lib_CORE_libperl540_a_c.s:6106: Error: symbol `n0' is already defined
___lib_CORE_libperl540_a_c.s:6107: Error: symbol `n0' is already defined
___lib_CORE_libperl540_a_c.s:6108: Error: symbol `n0' is already defined
___lib_CORE_libperl540_a_c.s:6109: Error: symbol `n0' is already defined
___lib_CORE_libperl540_a_c.s:6110: Error: symbol `n0' is already defined
___lib_CORE_libperl540_a_c.s:6111: Error: symbol `n0' is already defined
___lib_CORE_libperl540_a_c.s:6112: Error: symbol `n0' is already defined
___lib_CORE_libperl540_a_c.s:6113: Error: symbol `n0' is already defined
___lib_CORE_libperl540_a_c.s:6114: Error: symbol `n0' is already defined
___lib_CORE_libperl540_a_c.s:6115: Error: symbol `n0' is already defined
___lib_CORE_libperl540_a_c.s:6116: Error: symbol `n0' is already defined
___lib_CORE_libperl540_a_c.s:6117: Error: symbol `n0' is already defined
___lib_CORE_libperl540_a_c.s:6118: Error: symbol `n0' is already defined
___lib_CORE_libperl540_a_c.s:6119: Error: symbol `n0' is already defined
___lib_CORE_libperl540_a_c.s:6120: Error: symbol `n0' is already defined
___lib_CORE_libperl540_a_c.s:6121: Error: symbol `n0' is already defined
___lib_CORE_libperl540_a_c.s:6122: Error: symbol `n0' is already defined
___lib_CORE_libperl540_a_c.s:6123: Error: symbol `n0' is already defined
___lib_CORE_libperl540_a_c.s:6124: Error: symbol `n0' is already defined
___lib_CORE_libperl540_a_c.s:6125: Error: symbol `n0' is already defined
___lib_CORE_libperl540_a_c.s:6126: Error: symbol `n0' is already defined
___lib_CORE_libperl540_a_c.s:6127: Error: symbol `n0' is already defined
___lib_CORE_libperl540_a_c.s:6128: Error: symbol `n0' is already defined
___lib_CORE_libperl540_a_c.s:6129: Error: symbol `n0' is already defined
___lib_CORE_libperl540_a_c.s:6130: Error: symbol `n0' is already defined
___lib_CORE_libperl540_a_c.s:6131: Error: symbol `n0' is already defined
___lib_CORE_libperl540_a_c.s:6132: Error: symbol `n0' is already defined
___lib_CORE_libperl540_a_c.s:6133: Error: symbol `n0' is already defined
___lib_CORE_libperl540_a_c.s:6134: Error: symbol `n0' is already defined
___lib_CORE_libperl540_a_c.s:6135: Error: symbol `n0' is already defined
___lib_CORE_libperl540_a_c.s:6136: Error: symbol `n0' is already defined
___lib_CORE_libperl540_a_c.s:6137: Error: symbol `n0' is already defined
___lib_CORE_libperl540_a_c.s:6138: Error: symbol `n0' is already defined
___lib_CORE_libperl540_a_c.s:6139: Error: symbol `n0' is already defined
___lib_CORE_libperl540_a_c.s:6140: Error: symbol `n0' is already defined
___lib_CORE_libperl540_a_c.s:6141: Error: symbol `n0' is already defined
___lib_CORE_libperl540_a_c.s:6142: Error: symbol `n0' is already defined
___lib_CORE_libperl540_a_c.s:6143: Error: symbol `n0' is already defined
___lib_CORE_libperl540_a_c.s:6144: Error: symbol `n0' is already defined
___lib_CORE_libperl540_a_c.s:6145: Error: symbol `n0' is already defined
___lib_CORE_libperl540_a_c.s:6146: Error: symbol `n0' is already defined
___lib_CORE_libperl540_a_c.s:6147: Error: symbol `n0' is already defined
___lib_CORE_libperl540_a_c.s:6148: Error: symbol `n0' is already defined
___lib_CORE_libperl540_a_c.s:6149: Error: symbol `n0' is already defined
___lib_CORE_libperl540_a_c.s:6150: Error: symbol `n0' is already defined
___lib_CORE_libperl540_a_c.s:6151: Error: symbol `n0' is already defined
___lib_CORE_libperl540_a_c.s:6152: Error: symbol `n0' is already defined
___lib_CORE_libperl540_a_c.s:6153: Error: symbol `n0' is already defined
___lib_CORE_libperl540_a_c.s:6154: Error: symbol `n0' is already defined
___lib_CORE_libperl540_a_c.s:6155: Error: symbol `n0' is already defined
___lib_CORE_libperl540_a_c.s:6156: Error: symbol `n0' is already defined
___lib_CORE_libperl540_a_c.s:6157: Error: symbol `n0' is already defined
___lib_CORE_libperl540_a_c.s:6158: Error: symbol `n0' is already defined
___lib_CORE_libperl540_a_c.s:6159: Error: symbol `n0' is already defined
___lib_CORE_libperl540_a_c.s:6160: Error: symbol `n0' is already defined
___lib_CORE_libperl540_a_c.s:6161: Error: symbol `n0' is already defined
___lib_CORE_libperl540_a_c.s:6162: Error: symbol `n0' is already defined
___lib_CORE_libperl540_a_c.s:6163: Error: symbol `n0' is already defined
___lib_CORE_libperl540_a_c.s:6164: Error: symbol `n0' is already defined
___lib_CORE_libperl540_a_c.s:6165: Error: symbol `n0' is already defined
___lib_CORE_libperl540_a_c.s:6166: Error: symbol `n0' is already defined
___lib_CORE_libperl540_a_c.s:6167: Error: symbol `n0' is already defined
___lib_CORE_libperl540_a_c.s:6168: Error: symbol `n0' is already defined
___lib_CORE_libperl540_a_c.s:6169: Error: symbol `n0' is already defined
___lib_CORE_libperl540_a_c.s:6170: Error: symbol `n0' is already defined
___lib_CORE_libperl540_a_c.s:6171: Error: symbol `n0' is already defined
___lib_CORE_libperl540_a_c.s:6172: Error: symbol `n0' is already defined
___lib_CORE_libperl540_a_c.s:6173: Error: symbol `n0' is already defined
___lib_CORE_libperl540_a_c.s:6174: Error: symbol `n0' is already defined
___lib_CORE_libperl540_a_c.s:6175: Error: symbol `n0' is already defined
___lib_CORE_libperl540_a_c.s:6176: Error: symbol `n0' is already defined
___lib_CORE_libperl540_a_c.s:6177: Error: symbol `n0' is already defined
___lib_CORE_libperl540_a_c.s:6178: Error: symbol `n0' is already defined
___lib_CORE_libperl540_a_c.s:6179: Error: symbol `n0' is already defined
___lib_CORE_libperl540_a_c.s:6180: Error: symbol `n0' is already defined
___lib_CORE_libperl540_a_c.s:6181: Error: symbol `n0' is already defined
___lib_CORE_libperl540_a_c.s:6182: Error: symbol `n0' is already defined
___lib_CORE_libperl540_a_c.s:6183: Error: symbol `n0' is already defined
___lib_CORE_libperl540_a_c.s:6184: Error: symbol `n0' is already defined
___lib_CORE_libperl540_a_c.s:6185: Error: symbol `n0' is already defined
___lib_CORE_libperl540_a_c.s:6186: Error: symbol `n0' is already defined
___lib_CORE_libperl540_a_c.s:6187: Error: symbol `n0' is already defined
___lib_CORE_libperl540_a_c.s:6188: Error: symbol `n0' is already defined
___lib_CORE_libperl540_a_c.s:6189: Error: symbol `n0' is already defined
___lib_CORE_libperl540_a_c.s:6190: Error: symbol `n0' is already defined
___lib_CORE_libperl540_a_c.s:6191: Error: symbol `n0' is already defined
___lib_CORE_libperl540_a_c.s:6192: Error: symbol `n0' is already defined
___lib_CORE_libperl540_a_c.s:6193: Error: symbol `n0' is already defined
___lib_CORE_libperl540_a_c.s:6194: Error: symbol `n0' is already defined
___lib_CORE_libperl540_a_c.s:6195: Error: symbol `n0' is already defined
___lib_CORE_libperl540_a_c.s:6196: Error: symbol `n0' is already defined
___lib_CORE_libperl540_a_c.s:6197: Error: symbol `n0' is already defined
___lib_CORE_libperl540_a_c.s:6198: Error: symbol `n0' is already defined
___lib_CORE_libperl540_a_c.s:6199: Error: symbol `n0' is already defined
___lib_CORE_libperl540_a_c.s:6200: Error: symbol `n0' is already defined
___lib_CORE_libperl540_a_c.s:6201: Error: symbol `n0' is already defined
___lib_CORE_libperl540_a_c.s:6202: Error: symbol `n0' is already defined
___lib_CORE_libperl540_a_c.s:6203: Error: symbol `n0' is already defined
___lib_CORE_libperl540_a_c.s:6204: Error: symbol `n0' is already defined
___lib_CORE_libperl540_a_c.s:6205: Error: symbol `n0' is already defined
___lib_CORE_libperl540_a_c.s:6206: Error: symbol `n0' is already defined
___lib_CORE_libperl540_a_c.s:6207: Error: symbol `n0' is already defined
___lib_CORE_libperl540_a_c.s:6208: Error: symbol `n0' is already defined
___lib_CORE_libperl540_a_c.s:6209: Error: symbol `n0' is already defined
___lib_CORE_libperl540_a_c.s:6210: Error: symbol `n0' is already defined
___lib_CORE_libperl540_a_c.s:6211: Error: symbol `n0' is already defined
___lib_CORE_libperl540_a_c.s:6212: Error: symbol `n0' is already defined
___lib_CORE_libperl540_a_c.s:6213: Error: symbol `n0' is already defined
___lib_CORE_libperl540_a_c.s:6214: Error: symbol `n0' is already defined
___lib_CORE_libperl540_a_c.s:6215: Error: symbol `n0' is already defined
___lib_CORE_libperl540_a_c.s:6216: Error: symbol `n0' is already defined
___lib_CORE_libperl540_a_c.s:6217: Error: symbol `n0' is already defined
___lib_CORE_libperl540_a_c.s:6218: Error: symbol `n0' is already defined
___lib_CORE_libperl540_a_c.s:6219: Error: symbol `n0' is already defined
___lib_CORE_libperl540_a_c.s:6220: Error: symbol `n0' is already defined
___lib_CORE_libperl540_a_c.s:6221: Error: symbol `n0' is already defined
___lib_CORE_libperl540_a_c.s:6222: Error: symbol `n0' is already defined
___lib_CORE_libperl540_a_c.s:6223: Error: symbol `n0' is already defined
___lib_CORE_libperl540_a_c.s:6224: Error: symbol `n0' is already defined
___lib_CORE_libperl540_a_c.s:6225: Error: symbol `n0' is already defined
___lib_CORE_libperl540_a_c.s:6226: Error: symbol `n0' is already defined
___lib_CORE_libperl540_a_c.s:6227: Error: symbol `n0' is already defined
___lib_CORE_libperl540_a_c.s:6228: Error: symbol `n0' is already defined
___lib_CORE_libperl540_a_c.s:6229: Error: symbol `n0' is already defined
___lib_CORE_libperl540_a_c.s:6230: Error: symbol `n0' is already defined
___lib_CORE_libperl540_a_c.s:6231: Error: symbol `n0' is already defined
___lib_CORE_libperl540_a_c.s:6232: Error: symbol `n0' is already defined
___lib_CORE_libperl540_a_c.s:6233: Error: symbol `n0' is already defined
___lib_CORE_libperl540_a_c.s:6234: Error: symbol `n0' is already defined
___lib_CORE_libperl540_a_c.s:6235: Error: symbol `n0' is already defined
___lib_CORE_libperl540_a_c.s:6236: Error: symbol `n0' is already defined
___lib_CORE_libperl540_a_c.s:6237: Error: symbol `n0' is already defined
___lib_CORE_libperl540_a_c.s:6238: Error: symbol `n0' is already defined
___lib_CORE_libperl540_a_c.s:6239: Error: symbol `n0' is already defined
___lib_CORE_libperl540_a_c.s:6240: Error: symbol `n0' is already defined
___lib_CORE_libperl540_a_c.s:6241: Error: symbol `n0' is already defined
___lib_CORE_libperl540_a_c.s:6242: Error: symbol `n0' is already defined
___lib_CORE_libperl540_a_c.s:6243: Error: symbol `n0' is already defined
___lib_CORE_libperl540_a_c.s:6244: Error: symbol `n0' is already defined
___lib_CORE_libperl540_a_c.s:6245: Error: symbol `n0' is already defined
___lib_CORE_libperl540_a_c.s:6246: Error: symbol `n0' is already defined
___lib_CORE_libperl540_a_c.s:6247: Error: symbol `n0' is already defined
___lib_CORE_libperl540_a_c.s:6248: Error: symbol `n0' is already defined
___lib_CORE_libperl540_a_c.s:6249: Error: symbol `n0' is already defined
___lib_CORE_libperl540_a_c.s:6250: Error: symbol `n0' is already defined
___lib_CORE_libperl540_a_c.s:6251: Error: symbol `n0' is already defined
___lib_CORE_libperl540_a_c.s:6252: Error: symbol `n0' is already defined
___lib_CORE_libperl540_a_c.s:6253: Error: symbol `n0' is already defined
___lib_CORE_libperl540_a_c.s:6254: Error: symbol `n0' is already defined
___lib_CORE_libperl540_a_c.s:6255: Error: symbol `n0' is already defined
___lib_CORE_libperl540_a_c.s:6256: Error: symbol `n0' is already defined
___lib_CORE_libperl540_a_c.s:6257: Error: symbol `n0' is already defined
___lib_CORE_libperl540_a_c.s:6258: Error: symbol `n0' is already defined
___lib_CORE_libperl540_a_c.s:6259: Error: symbol `n0' is already defined
___lib_CORE_libperl540_a_c.s:6260: Error: symbol `n0' is already defined
___lib_CORE_libperl540_a_c.s:6261: Error: symbol `n0' is already defined
___lib_CORE_libperl540_a_c.s:6262: Error: symbol `n0' is already defined
___lib_CORE_libperl540_a_c.s:6263: Error: symbol `n0' is already defined
___lib_CORE_libperl540_a_c.s:6264: Error: symbol `n0' is already defined
___lib_CORE_libperl540_a_c.s:6265: Error: symbol `n0' is already defined
___lib_CORE_libperl540_a_c.s:6266: Error: symbol `n0' is already defined
___lib_CORE_libperl540_a_c.s:6267: Error: symbol `n0' is already defined
___lib_CORE_libperl540_a_c.s:6268: Error: symbol `n0' is already defined
___lib_CORE_libperl540_a_c.s:6269: Error: symbol `n0' is already defined
___lib_CORE_libperl540_a_c.s:6270: Error: symbol `n0' is already defined
___lib_CORE_libperl540_a_c.s:6271: Error: symbol `n0' is already defined
___lib_CORE_libperl540_a_c.s:6272: Error: symbol `n0' is already defined
___lib_CORE_libperl540_a_c.s:6273: Error: symbol `n0' is already defined
___lib_CORE_libperl540_a_c.s:6274: Error: symbol `n0' is already defined
___lib_CORE_libperl540_a_c.s:6275: Error: symbol `n0' is already defined
___lib_CORE_libperl540_a_c.s:6276: Error: symbol `n0' is already defined
___lib_CORE_libperl540_a_c.s:6277: Error: symbol `n0' is already defined
___lib_CORE_libperl540_a_c.s:6278: Error: symbol `n0' is already defined
___lib_CORE_libperl540_a_c.s:6279: Error: symbol `n0' is already defined
___lib_CORE_libperl540_a_c.s:6280: Error: symbol `n0' is already defined
___lib_CORE_libperl540_a_c.s:6281: Error: symbol `n0' is already defined
___lib_CORE_libperl540_a_c.s:6282: Error: symbol `n0' is already defined
___lib_CORE_libperl540_a_c.s:6283: Error: symbol `n0' is already defined
___lib_CORE_libperl540_a_c.s:6284: Error: symbol `n0' is already defined
___lib_CORE_libperl540_a_c.s:6285: Error: symbol `n0' is already defined
___lib_CORE_libperl540_a_c.s:6286: Error: symbol `n0' is already defined
___lib_CORE_libperl540_a_c.s:6287: Error: symbol `n0' is already defined
___lib_CORE_libperl540_a_c.s:6288: Error: symbol `n0' is already defined
___lib_CORE_libperl540_a_c.s:6289: Error: symbol `n0' is already defined
___lib_CORE_libperl540_a_c.s:6290: Error: symbol `n0' is already defined
___lib_CORE_libperl540_a_c.s:6291: Error: symbol `n0' is already defined
___lib_CORE_libperl540_a_c.s:6292: Error: symbol `n0' is already defined
___lib_CORE_libperl540_a_c.s:6293: Error: symbol `n0' is already defined
___lib_CORE_libperl540_a_c.s:6294: Error: symbol `n0' is already defined
___lib_CORE_libperl540_a_c.s:6295: Error: symbol `n0' is already defined
___lib_CORE_libperl540_a_c.s:6296: Error: symbol `n0' is already defined
___lib_CORE_libperl540_a_c.s:6297: Error: symbol `n0' is already defined
___lib_CORE_libperl540_a_c.s:6298: Error: symbol `n0' is already defined
___lib_CORE_libperl540_a_c.s:6299: Error: symbol `n0' is already defined
___lib_CORE_libperl540_a_c.s:6300: Error: symbol `n0' is already defined
___lib_CORE_libperl540_a_c.s:6301: Error: symbol `n0' is already defined
___lib_CORE_libperl540_a_c.s:6302: Error: symbol `n0' is already defined
___lib_CORE_libperl540_a_c.s:6303: Error: symbol `n0' is already defined
___lib_CORE_libperl540_a_c.s:6304: Error: symbol `n0' is already defined
___lib_CORE_libperl540_a_c.s:6305: Error: symbol `n0' is already defined
___lib_CORE_libperl540_a_c.s:6306: Error: symbol `n0' is already defined
___lib_CORE_libperl540_a_c.s:6307: Error: symbol `n0' is already defined
___lib_CORE_libperl540_a_c.s:6308: Error: symbol `n0' is already defined
___lib_CORE_libperl540_a_c.s:6309: Error: symbol `n0' is already defined
___lib_CORE_libperl540_a_c.s:6310: Error: symbol `n0' is already defined
___lib_CORE_libperl540_a_c.s:6311: Error: symbol `n0' is already defined
___lib_CORE_libperl540_a_c.s:6312: Error: symbol `n0' is already defined
___lib_CORE_libperl540_a_c.s:6313: Error: symbol `n0' is already defined
___lib_CORE_libperl540_a_c.s:6314: Error: symbol `n0' is already defined
___lib_CORE_libperl540_a_c.s:6315: Error: symbol `n0' is already defined
___lib_CORE_libperl540_a_c.s:6316: Error: symbol `n0' is already defined
___lib_CORE_libperl540_a_c.s:6317: Error: symbol `n0' is already defined
___lib_CORE_libperl540_a_c.s:6318: Error: symbol `n0' is already defined
___lib_CORE_libperl540_a_c.s:6319: Error: symbol `n0' is already defined
___lib_CORE_libperl540_a_c.s:6320: Error: symbol `n0' is already defined
___lib_CORE_libperl540_a_c.s:6321: Error: symbol `n0' is already defined
___lib_CORE_libperl540_a_c.s:6322: Error: symbol `n0' is already defined
___lib_CORE_libperl540_a_c.s:6323: Error: symbol `n0' is already defined
___lib_CORE_libperl540_a_c.s:6324: Error: symbol `n0' is already defined
___lib_CORE_libperl540_a_c.s:6325: Error: symbol `n0' is already defined
___lib_CORE_libperl540_a_c.s:6326: Error: symbol `n0' is already defined
___lib_CORE_libperl540_a_c.s:6327: Error: symbol `n0' is already defined
___lib_CORE_libperl540_a_c.s:6328: Error: symbol `n0' is already defined
___lib_CORE_libperl540_a_c.s:6329: Error: symbol `n0' is already defined
___lib_CORE_libperl540_a_c.s:6330: Error: symbol `n0' is already defined
___lib_CORE_libperl540_a_c.s:6331: Error: symbol `n0' is already defined
___lib_CORE_libperl540_a_c.s:6332: Error: symbol `n0' is already defined
___lib_CORE_libperl540_a_c.s:6333: Error: symbol `n0' is already defined
___lib_CORE_libperl540_a_c.s:6334: Error: symbol `n0' is already defined
___lib_CORE_libperl540_a_c.s:6335: Error: symbol `n0' is already defined
___lib_CORE_libperl540_a_c.s:6336: Error: symbol `n0' is already defined
___lib_CORE_libperl540_a_c.s:6337: Error: symbol `n0' is already defined
___lib_CORE_libperl540_a_c.s:6338: Error: symbol `n0' is already defined
___lib_CORE_libperl540_a_c.s:6339: Error: symbol `n0' is already defined
___lib_CORE_libperl540_a_c.s:6340: Error: symbol `n0' is already defined
___lib_CORE_libperl540_a_c.s:6341: Error: symbol `n0' is already defined
___lib_CORE_libperl540_a_c.s:6342: Error: symbol `n0' is already defined
___lib_CORE_libperl540_a_c.s:6343: Error: symbol `n0' is already defined
___lib_CORE_libperl540_a_c.s:6344: Error: symbol `n0' is already defined
___lib_CORE_libperl540_a_c.s:6345: Error: symbol `n0' is already defined
___lib_CORE_libperl540_a_c.s:6346: Error: symbol `n0' is already defined
___lib_CORE_libperl540_a_c.s:6347: Error: symbol `n0' is already defined
___lib_CORE_libperl540_a_c.s:6348: Error: symbol `n0' is already defined
___lib_CORE_libperl540_a_c.s:6349: Error: symbol `n0' is already defined
___lib_CORE_libperl540_a_c.s:6350: Error: symbol `n0' is already defined
___lib_CORE_libperl540_a_c.s:6351: Error: symbol `n0' is already defined
___lib_CORE_libperl540_a_c.s:6352: Error: symbol `n0' is already defined
___lib_CORE_libperl540_a_c.s:6353: Error: symbol `n0' is already defined
___lib_CORE_libperl540_a_c.s:6354: Error: symbol `n0' is already defined
___lib_CORE_libperl540_a_c.s:6355: Error: symbol `n0' is already defined
___lib_CORE_libperl540_a_c.s:6356: Error: symbol `n0' is already defined
___lib_CORE_libperl540_a_c.s:6357: Error: symbol `n0' is already defined
___lib_CORE_libperl540_a_c.s:6358: Error: symbol `n0' is already defined
___lib_CORE_libperl540_a_c.s:6359: Error: symbol `n0' is already defined
___lib_CORE_libperl540_a_c.s:6360: Error: symbol `n0' is already defined
___lib_CORE_libperl540_a_c.s:6361: Error: symbol `n0' is already defined
___lib_CORE_libperl540_a_c.s:6362: Error: symbol `n0' is already defined
___lib_CORE_libperl540_a_c.s:6363: Error: symbol `n0' is already defined
___lib_CORE_libperl540_a_c.s:6364: Error: symbol `n0' is already defined
___lib_CORE_libperl540_a_c.s:6365: Error: symbol `n0' is already defined
___lib_CORE_libperl540_a_c.s:6366: Error: symbol `n0' is already defined
___lib_CORE_libperl540_a_c.s:6367: Error: symbol `n0' is already defined
___lib_CORE_libperl540_a_c.s:6368: Error: symbol `n0' is already defined
___lib_CORE_libperl540_a_c.s:6369: Error: symbol `n0' is already defined
___lib_CORE_libperl540_a_c.s:6370: Error: symbol `n0' is already defined
___lib_CORE_libperl540_a_c.s:6371: Error: symbol `n0' is already defined
___lib_CORE_libperl540_a_c.s:6372: Error: symbol `n0' is already defined
___lib_CORE_libperl540_a_c.s:6373: Error: symbol `n0' is already defined
___lib_CORE_libperl540_a_c.s:6374: Error: symbol `n0' is already defined
___lib_CORE_libperl540_a_c.s:6375: Error: symbol `n0' is already defined
___lib_CORE_libperl540_a_c.s:6376: Error: symbol `n0' is already defined
___lib_CORE_libperl540_a_c.s:6377: Error: symbol `n0' is already defined
___lib_CORE_libperl540_a_c.s:6378: Error: symbol `n0' is already defined
___lib_CORE_libperl540_a_c.s:6379: Error: symbol `n0' is already defined
___lib_CORE_libperl540_a_c.s:6380: Error: symbol `n0' is already defined
___lib_CORE_libperl540_a_c.s:6381: Error: symbol `n0' is already defined
___lib_CORE_libperl540_a_c.s:6382: Error: symbol `n0' is already defined
___lib_CORE_libperl540_a_c.s:6383: Error: symbol `n0' is already defined
___lib_CORE_libperl540_a_c.s:6384: Error: symbol `n0' is already defined
___lib_CORE_libperl540_a_c.s:6385: Error: symbol `n0' is already defined
___lib_CORE_libperl540_a_c.s:6386: Error: symbol `n0' is already defined
___lib_CORE_libperl540_a_c.s:6387: Error: symbol `n0' is already defined
___lib_CORE_libperl540_a_c.s:6388: Error: symbol `n0' is already defined
___lib_CORE_libperl540_a_c.s:6389: Error: symbol `n0' is already defined
___lib_CORE_libperl540_a_c.s:6390: Error: symbol `n0' is already defined
___lib_CORE_libperl540_a_c.s:6391: Error: symbol `n0' is already defined
___lib_CORE_libperl540_a_c.s:6392: Error: symbol `n0' is already defined
___lib_CORE_libperl540_a_c.s:6393: Error: symbol `n0' is already defined
___lib_CORE_libperl540_a_c.s:6394: Error: symbol `n0' is already defined
___lib_CORE_libperl540_a_c.s:6395: Error: symbol `n0' is already defined
___lib_CORE_libperl540_a_c.s:6396: Error: symbol `n0' is already defined
___lib_CORE_libperl540_a_c.s:6397: Error: symbol `n0' is already defined
___lib_CORE_libperl540_a_c.s:6398: Error: symbol `n0' is already defined
___lib_CORE_libperl540_a_c.s:6399: Error: symbol `n0' is already defined
___lib_CORE_libperl540_a_c.s:6400: Error: symbol `n0' is already defined
___lib_CORE_libperl540_a_c.s:6401: Error: symbol `n0' is already defined
___lib_CORE_libperl540_a_c.s:6402: Error: symbol `n0' is already defined
___lib_CORE_libperl540_a_c.s:6403: Error: symbol `n0' is already defined
___lib_CORE_libperl540_a_c.s:6404: Error: symbol `n0' is already defined
___lib_CORE_libperl540_a_c.s:6405: Error: symbol `n0' is already defined
___lib_CORE_libperl540_a_c.s:6406: Error: symbol `n0' is already defined
___lib_CORE_libperl540_a_c.s:6407: Error: symbol `n0' is already defined
___lib_CORE_libperl540_a_c.s:6408: Error: symbol `n0' is already defined
___lib_CORE_libperl540_a_c.s:6409: Error: symbol `n0' is already defined
___lib_CORE_libperl540_a_c.s:6410: Error: symbol `n0' is already defined
___lib_CORE_libperl540_a_c.s:6411: Error: symbol `n0' is already defined
___lib_CORE_libperl540_a_c.s:6412: Error: symbol `n0' is already defined
___lib_CORE_libperl540_a_c.s:6413: Error: symbol `n0' is already defined
___lib_CORE_libperl540_a_c.s:6414: Error: symbol `n0' is already defined
___lib_CORE_libperl540_a_c.s:6415: Error: symbol `n0' is already defined
___lib_CORE_libperl540_a_c.s:6416: Error: symbol `n0' is already defined
___lib_CORE_libperl540_a_c.s:6417: Error: symbol `n0' is already defined
___lib_CORE_libperl540_a_c.s:6418: Error: symbol `n0' is already defined
___lib_CORE_libperl540_a_c.s:6419: Error: symbol `n0' is already defined
___lib_CORE_libperl540_a_c.s:6420: Error: symbol `n0' is already defined
___lib_CORE_libperl540_a_c.s:6421: Error: symbol `n0' is already defined
___lib_CORE_libperl540_a_c.s:6422: Error: symbol `n0' is already defined
___lib_CORE_libperl540_a_c.s:6423: Error: symbol `n0' is already defined
___lib_CORE_libperl540_a_c.s:6424: Error: symbol `n0' is already defined
___lib_CORE_libperl540_a_c.s:6425: Error: symbol `n0' is already defined
___lib_CORE_libperl540_a_c.s:6426: Error: symbol `n0' is already defined
___lib_CORE_libperl540_a_c.s:6427: Error: symbol `n0' is already defined
___lib_CORE_libperl540_a_c.s:6428: Error: symbol `n0' is already defined
___lib_CORE_libperl540_a_c.s:6429: Error: symbol `n0' is already defined
___lib_CORE_libperl540_a_c.s:6430: Error: symbol `n0' is already defined
___lib_CORE_libperl540_a_c.s:6431: Error: symbol `n0' is already defined
___lib_CORE_libperl540_a_c.s:6432: Error: symbol `n0' is already defined
___lib_CORE_libperl540_a_c.s:6433: Error: symbol `n0' is already defined
___lib_CORE_libperl540_a_c.s:6434: Error: symbol `n0' is already defined
___lib_CORE_libperl540_a_c.s:6435: Error: symbol `n0' is already defined
___lib_CORE_libperl540_a_c.s:6436: Error: symbol `n0' is already defined
___lib_CORE_libperl540_a_c.s:6437: Error: symbol `n0' is already defined
___lib_CORE_libperl540_a_c.s:6438: Error: symbol `n0' is already defined
___lib_CORE_libperl540_a_c.s:6439: Error: symbol `n0' is already defined
___lib_CORE_libperl540_a_c.s:6440: Error: symbol `n0' is already defined
___lib_CORE_libperl540_a_c.s:6441: Error: symbol `n0' is already defined
___lib_CORE_libperl540_a_c.s:6442: Error: symbol `n0' is already defined
___lib_CORE_libperl540_a_c.s:6443: Error: symbol `n0' is already defined
___lib_CORE_libperl540_a_c.s:6444: Error: symbol `n0' is already defined
___lib_CORE_libperl540_a_c.s:6445: Error: symbol `n0' is already defined
___lib_CORE_libperl540_a_c.s:6446: Error: symbol `n0' is already defined
___lib_CORE_libperl540_a_c.s:6447: Error: symbol `n0' is already defined
___lib_CORE_libperl540_a_c.s:6448: Error: symbol `n0' is already defined
___lib_CORE_libperl540_a_c.s:6449: Error: symbol `n0' is already defined
___lib_CORE_libperl540_a_c.s:6450: Error: symbol `n0' is already defined
___lib_CORE_libperl540_a_c.s:6451: Error: symbol `n0' is already defined
___lib_CORE_libperl540_a_c.s:6452: Error: symbol `n0' is already defined
___lib_CORE_libperl540_a_c.s:6453: Error: symbol `n0' is already defined
___lib_CORE_libperl540_a_c.s:6454: Error: symbol `n0' is already defined
___lib_CORE_libperl540_a_c.s:6455: Error: symbol `n0' is already defined
___lib_CORE_libperl540_a_c.s:6456: Error: symbol `n0' is already defined
___lib_CORE_libperl540_a_c.s:6457: Error: symbol `n0' is already defined
___lib_CORE_libperl540_a_c.s:6458: Error: symbol `n0' is already defined
___lib_CORE_libperl540_a_c.s:6459: Error: symbol `n0' is already defined
___lib_CORE_libperl540_a_c.s:6460: Error: symbol `n0' is already defined
___lib_CORE_libperl540_a_c.s:6461: Error: symbol `n0' is already defined
___lib_CORE_libperl540_a_c.s:6462: Error: symbol `n0' is already defined
___lib_CORE_libperl540_a_c.s:6463: Error: symbol `n0' is already defined
___lib_CORE_libperl540_a_c.s:6464: Error: symbol `n0' is already defined
___lib_CORE_libperl540_a_c.s:6465: Error: symbol `n0' is already defined
___lib_CORE_libperl540_a_c.s:6466: Error: symbol `n0' is already defined
___lib_CORE_libperl540_a_c.s:6467: Error: symbol `n0' is already defined
___lib_CORE_libperl540_a_c.s:6468: Error: symbol `n0' is already defined
___lib_CORE_libperl540_a_c.s:6469: Error: symbol `n0' is already defined
___lib_CORE_libperl540_a_c.s:6470: Error: symbol `n0' is already defined
___lib_CORE_libperl540_a_c.s:6471: Error: symbol `n0' is already defined
___lib_CORE_libperl540_a_c.s:6472: Error: symbol `n0' is already defined
___lib_CORE_libperl540_a_c.s:6473: Error: symbol `n0' is already defined
___lib_CORE_libperl540_a_c.s:6474: Error: symbol `n0' is already defined
___lib_CORE_libperl540_a_c.s:6475: Error: symbol `n0' is already defined
___lib_CORE_libperl540_a_c.s:6476: Error: symbol `n0' is already defined
___lib_CORE_libperl540_a_c.s:6477: Error: symbol `n0' is already defined
___lib_CORE_libperl540_a_c.s:6478: Error: symbol `n0' is already defined
___lib_CORE_libperl540_a_c.s:6479: Error: symbol `n0' is already defined
___lib_CORE_libperl540_a_c.s:6480: Error: symbol `n0' is already defined
___lib_CORE_libperl540_a_c.s:6481: Error: symbol `n0' is already defined
___lib_CORE_libperl540_a_c.s:6482: Error: symbol `n0' is already defined
___lib_CORE_libperl540_a_c.s:6483: Error: symbol `n0' is already defined
___lib_CORE_libperl540_a_c.s:6484: Error: symbol `n0' is already defined
___lib_CORE_libperl540_a_c.s:6485: Error: symbol `n0' is already defined
___lib_CORE_libperl540_a_c.s:6486: Error: symbol `n0' is already defined
___lib_CORE_libperl540_a_c.s:6487: Error: symbol `n0' is already defined
___lib_CORE_libperl540_a_c.s:6488: Error: symbol `n0' is already defined
___lib_CORE_libperl540_a_c.s:6489: Error: symbol `n0' is already defined
___lib_CORE_libperl540_a_c.s:6490: Error: symbol `n0' is already defined
___lib_CORE_libperl540_a_c.s:6491: Error: symbol `n0' is already defined
___lib_CORE_libperl540_a_c.s:6492: Error: symbol `n0' is already defined
___lib_CORE_libperl540_a_c.s:6493: Error: symbol `n0' is already defined
___lib_CORE_libperl540_a_c.s:6494: Error: symbol `n0' is already defined
___lib_CORE_libperl540_a_c.s:6495: Error: symbol `n0' is already defined
___lib_CORE_libperl540_a_c.s:6496: Error: symbol `n0' is already defined
___lib_CORE_libperl540_a_c.s:6497: Error: symbol `n0' is already defined
___lib_CORE_libperl540_a_c.s:6498: Error: symbol `n0' is already defined
___lib_CORE_libperl540_a_c.s:6499: Error: symbol `n0' is already defined
___lib_CORE_libperl540_a_c.s:6500: Error: symbol `n0' is already defined
___lib_CORE_libperl540_a_c.s:6501: Error: symbol `n0' is already defined
___lib_CORE_libperl540_a_c.s:6502: Error: symbol `n0' is already defined
___lib_CORE_libperl540_a_c.s:6503: Error: symbol `n0' is already defined
___lib_CORE_libperl540_a_c.s:6504: Error: symbol `n0' is already defined
___lib_CORE_libperl540_a_c.s:6505: Error: symbol `n0' is already defined
___lib_CORE_libperl540_a_c.s:6506: Error: symbol `n0' is already defined
___lib_CORE_libperl540_a_c.s:6507: Error: symbol `n0' is already defined
___lib_CORE_libperl540_a_c.s:6508: Error: symbol `n0' is already defined
___lib_CORE_libperl540_a_c.s:6509: Error: symbol `n0' is already defined
___lib_CORE_libperl540_a_c.s:6510: Error: symbol `n0' is already defined
___lib_CORE_libperl540_a_c.s:6511: Error: symbol `n0' is already defined
___lib_CORE_libperl540_a_c.s:6512: Error: symbol `n0' is already defined
___lib_CORE_libperl540_a_c.s:6513: Error: symbol `n0' is already defined
___lib_CORE_libperl540_a_c.s:6514: Error: symbol `n0' is already defined
___lib_CORE_libperl540_a_c.s:6515: Error: symbol `n0' is already defined
___lib_CORE_libperl540_a_c.s:6516: Error: symbol `n0' is already defined
___lib_CORE_libperl540_a_c.s:6517: Error: symbol `n0' is already defined
___lib_CORE_libperl540_a_c.s:6518: Error: symbol `n0' is already defined
___lib_CORE_libperl540_a_c.s:6519: Error: symbol `n0' is already defined
___lib_CORE_libperl540_a_c.s:6520: Error: symbol `n0' is already defined
___lib_CORE_libperl540_a_c.s:6521: Error: symbol `n0' is already defined
___lib_CORE_libperl540_a_c.s:6522: Error: symbol `n0' is already defined
___lib_CORE_libperl540_a_c.s:6523: Error: symbol `n0' is already defined
___lib_CORE_libperl540_a_c.s:6524: Error: symbol `n0' is already defined
___lib_CORE_libperl540_a_c.s:6525: Error: symbol `n0' is already defined
___lib_CORE_libperl540_a_c.s:6526: Error: symbol `n0' is already defined
___lib_CORE_libperl540_a_c.s:6527: Error: symbol `n0' is already defined
___lib_CORE_libperl540_a_c.s:6528: Error: symbol `n0' is already defined
___lib_CORE_libperl540_a_c.s:6529: Error: symbol `n0' is already defined
___lib_CORE_libperl540_a_c.s:6530: Error: symbol `n0' is already defined
___lib_CORE_libperl540_a_c.s:6531: Error: symbol `n0' is already defined
___lib_CORE_libperl540_a_c.s:6532: Error: symbol `n0' is already defined
___lib_CORE_libperl540_a_c.s:6533: Error: symbol `n0' is already defined
___lib_CORE_libperl540_a_c.s:6534: Error: symbol `n0' is already defined
___lib_CORE_libperl540_a_c.s:6535: Error: symbol `n0' is already defined
___lib_CORE_libperl540_a_c.s:6536: Error: symbol `n0' is already defined
___lib_CORE_libperl540_a_c.s:6537: Error: symbol `n0' is already defined
___lib_CORE_libperl540_a_c.s:6538: Error: symbol `n0' is already defined
___lib_CORE_libperl540_a_c.s:6539: Error: symbol `n0' is already defined
___lib_CORE_libperl540_a_c.s:6540: Error: symbol `n0' is already defined
___lib_CORE_libperl540_a_c.s:6541: Error: symbol `n0' is already defined
___lib_CORE_libperl540_a_c.s:6542: Error: symbol `n0' is already defined
___lib_CORE_libperl540_a_c.s:6543: Error: symbol `n0' is already defined
___lib_CORE_libperl540_a_c.s:6544: Error: symbol `n0' is already defined
___lib_CORE_libperl540_a_c.s:6545: Error: symbol `n0' is already defined
___lib_CORE_libperl540_a_c.s:6546: Error: symbol `n0' is already defined
___lib_CORE_libperl540_a_c.s:6547: Error: symbol `n0' is already defined
___lib_CORE_libperl540_a_c.s:6548: Error: symbol `n0' is already defined
___lib_CORE_libperl540_a_c.s:6549: Error: symbol `n0' is already defined
___lib_CORE_libperl540_a_c.s:6550: Error: symbol `n0' is already defined
___lib_CORE_libperl540_a_c.s:6551: Error: symbol `n0' is already defined
___lib_CORE_libperl540_a_c.s:6552: Error: symbol `n0' is already defined
___lib_CORE_libperl540_a_c.s:6553: Error: symbol `n0' is already defined
___lib_CORE_libperl540_a_c.s:6554: Error: symbol `n0' is already defined
___lib_CORE_libperl540_a_c.s:6555: Error: symbol `n0' is already defined
___lib_CORE_libperl540_a_c.s:6556: Error: symbol `n0' is already defined
___lib_CORE_libperl540_a_c.s:6557: Error: symbol `n0' is already defined
___lib_CORE_libperl540_a_c.s:6558: Error: symbol `n0' is already defined
___lib_CORE_libperl540_a_c.s:6559: Error: symbol `n0' is already defined
___lib_CORE_libperl540_a_c.s:6560: Error: symbol `n0' is already defined
___lib_CORE_libperl540_a_c.s:6561: Error: symbol `n0' is already defined
___lib_CORE_libperl540_a_c.s:6562: Error: symbol `n0' is already defined
___lib_CORE_libperl540_a_c.s:6563: Error: symbol `n0' is already defined
___lib_CORE_libperl540_a_c.s:6564: Error: symbol `n0' is already defined
___lib_CORE_libperl540_a_c.s:6565: Error: symbol `n0' is already defined
___lib_CORE_libperl540_a_c.s:6566: Error: symbol `n0' is already defined
___lib_CORE_libperl540_a_c.s:6567: Error: symbol `n0' is already defined
___lib_CORE_libperl540_a_c.s:6568: Error: symbol `n0' is already defined
___lib_CORE_libperl540_a_c.s:6569: Error: symbol `n0' is already defined
___lib_CORE_libperl540_a_c.s:6570: Error: symbol `n0' is already defined
___lib_CORE_libperl540_a_c.s:6571: Error: symbol `n0' is already defined
___lib_CORE_libperl540_a_c.s:6572: Error: symbol `n0' is already defined
___lib_CORE_libperl540_a_c.s:6573: Error: symbol `n0' is already defined
___lib_CORE_libperl540_a_c.s:6574: Error: symbol `n0' is already defined
___lib_CORE_libperl540_a_c.s:6575: Error: symbol `n0' is already defined
___lib_CORE_libperl540_a_c.s:6576: Error: symbol `n0' is already defined
___lib_CORE_libperl540_a_c.s:6577: Error: symbol `n0' is already defined
___lib_CORE_libperl540_a_c.s:6578: Error: symbol `n0' is already defined
___lib_CORE_libperl540_a_c.s:6579: Error: symbol `n0' is already defined
___lib_CORE_libperl540_a_c.s:6580: Error: symbol `n0' is already defined
___lib_CORE_libperl540_a_c.s:6581: Error: symbol `n0' is already defined
___lib_CORE_libperl540_a_c.s:6582: Error: symbol `n0' is already defined
___lib_CORE_libperl540_a_c.s:6583: Error: symbol `n0' is already defined
___lib_CORE_libperl540_a_c.s:6584: Error: symbol `n0' is already defined
___lib_CORE_libperl540_a_c.s:6585: Error: symbol `n0' is already defined
___lib_CORE_libperl540_a_c.s:6586: Error: symbol `n0' is already defined
___lib_CORE_libperl540_a_c.s:6587: Error: symbol `n0' is already defined
___lib_CORE_libperl540_a_c.s:6588: Error: symbol `n0' is already defined
___lib_CORE_libperl540_a_c.s:6589: Error: symbol `n0' is already defined
___lib_CORE_libperl540_a_c.s:6590: Error: symbol `n0' is already defined
___lib_CORE_libperl540_a_c.s:6591: Error: symbol `n0' is already defined
___lib_CORE_libperl540_a_c.s:6592: Error: symbol `n0' is already defined
___lib_CORE_libperl540_a_c.s:6593: Error: symbol `n0' is already defined
___lib_CORE_libperl540_a_c.s:6594: Error: symbol `n0' is already defined
___lib_CORE_libperl540_a_c.s:6595: Error: symbol `n0' is already defined
___lib_CORE_libperl540_a_c.s:6596: Error: symbol `n0' is already defined
___lib_CORE_libperl540_a_c.s:6597: Error: symbol `n0' is already defined
___lib_CORE_libperl540_a_c.s:6598: Error: symbol `n0' is already defined
___lib_CORE_libperl540_a_c.s:6599: Error: symbol `n0' is already defined
___lib_CORE_libperl540_a_c.s:6600: Error: symbol `n0' is already defined
___lib_CORE_libperl540_a_c.s:6601: Error: symbol `n0' is already defined
___lib_CORE_libperl540_a_c.s:6602: Error: symbol `n0' is already defined
___lib_CORE_libperl540_a_c.s:6603: Error: symbol `n0' is already defined
___lib_CORE_libperl540_a_c.s:6604: Error: symbol `n0' is already defined
___lib_CORE_libperl540_a_c.s:6605: Error: symbol `n0' is already defined
___lib_CORE_libperl540_a_c.s:6606: Error: symbol `n0' is already defined
___lib_CORE_libperl540_a_c.s:6607: Error: symbol `n0' is already defined
___lib_CORE_libperl540_a_c.s:6608: Error: symbol `n0' is already defined
___lib_CORE_libperl540_a_c.s:6609: Error: symbol `n0' is already defined
___lib_CORE_libperl540_a_c.s:6610: Error: symbol `n0' is already defined
___lib_CORE_libperl540_a_c.s:6611: Error: symbol `n0' is already defined
___lib_CORE_libperl540_a_c.s:6612: Error: symbol `n0' is already defined
___lib_CORE_libperl540_a_c.s:6613: Error: symbol `n0' is already defined
___lib_CORE_libperl540_a_c.s:6614: Error: symbol `n0' is already defined
___lib_CORE_libperl540_a_c.s:6615: Error: symbol `n0' is already defined
___lib_CORE_libperl540_a_c.s:6616: Error: symbol `n0' is already defined
___lib_CORE_libperl540_a_c.s:6617: Error: symbol `n0' is already defined
___lib_CORE_libperl540_a_c.s:6618: Error: symbol `n0' is already defined
___lib_CORE_libperl540_a_c.s:6619: Error: symbol `n0' is already defined
___lib_CORE_libperl540_a_c.s:6620: Error: symbol `n0' is already defined
___lib_CORE_libperl540_a_c.s:6621: Error: symbol `n0' is already defined
___lib_CORE_libperl540_a_c.s:6622: Error: symbol `n0' is already defined
___lib_CORE_libperl540_a_c.s:6623: Error: symbol `n0' is already defined
___lib_CORE_libperl540_a_c.s:6624: Error: symbol `n0' is already defined
___lib_CORE_libperl540_a_c.s:6625: Error: symbol `n0' is already defined
___lib_CORE_libperl540_a_c.s:6626: Error: symbol `n0' is already defined
___lib_CORE_libperl540_a_c.s:6627: Error: symbol `n0' is already defined
___lib_CORE_libperl540_a_c.s:6628: Error: symbol `n0' is already defined
___lib_CORE_libperl540_a_c.s:6629: Error: symbol `n0' is already defined
___lib_CORE_libperl540_a_c.s:6630: Error: symbol `n0' is already defined
___lib_CORE_libperl540_a_c.s:6631: Error: symbol `n0' is already defined
___lib_CORE_libperl540_a_c.s:6632: Error: symbol `n0' is already defined
___lib_CORE_libperl540_a_c.s:6633: Error: symbol `n0' is already defined
___lib_CORE_libperl540_a_c.s:6634: Error: symbol `n0' is already defined
___lib_CORE_libperl540_a_c.s:6635: Error: symbol `n0' is already defined
___lib_CORE_libperl540_a_c.s:6636: Error: symbol `n0' is already defined
___lib_CORE_libperl540_a_c.s:6637: Error: symbol `n0' is already defined
___lib_CORE_libperl540_a_c.s:6638: Error: symbol `n0' is already defined
___lib_CORE_libperl540_a_c.s:6639: Error: symbol `n0' is already defined
___lib_CORE_libperl540_a_c.s:6640: Error: symbol `n0' is already defined
___lib_CORE_libperl540_a_c.s:6641: Error: symbol `n0' is already defined
___lib_CORE_libperl540_a_c.s:6642: Error: symbol `n0' is already defined
___lib_CORE_libperl540_a_c.s:6643: Error: symbol `n0' is already defined
___lib_CORE_libperl540_a_c.s:6644: Error: symbol `n0' is already defined
___lib_CORE_libperl540_a_c.s:6645: Error: symbol `n0' is already defined
___lib_CORE_libperl540_a_c.s:6646: Error: symbol `n0' is already defined
___lib_CORE_libperl540_a_c.s:6647: Error: symbol `n0' is already defined
___lib_CORE_libperl540_a_c.s:6648: Error: symbol `n0' is already defined
___lib_CORE_libperl540_a_c.s:6649: Error: symbol `n0' is already defined
___lib_CORE_libperl540_a_c.s:6650: Error: symbol `n0' is already defined
___lib_CORE_libperl540_a_c.s:6651: Error: symbol `n0' is already defined
___lib_CORE_libperl540_a_c.s:6652: Error: symbol `n0' is already defined
___lib_CORE_libperl540_a_c.s:6653: Error: symbol `n0' is already defined
___lib_CORE_libperl540_a_c.s:6654: Error: symbol `n0' is already defined
___lib_CORE_libperl540_a_c.s:6655: Error: symbol `n0' is already defined
___lib_CORE_libperl540_a_c.s:6656: Error: symbol `n0' is already defined
___lib_CORE_libperl540_a_c.s:6657: Error: symbol `n0' is already defined
___lib_CORE_libperl540_a_c.s:6658: Error: symbol `n0' is already defined
___lib_CORE_libperl540_a_c.s:6659: Error: symbol `n0' is already defined
___lib_CORE_libperl540_a_c.s:6660: Error: symbol `n0' is already defined
___lib_CORE_libperl540_a_c.s:6661: Error: symbol `n0' is already defined
___lib_CORE_libperl540_a_c.s:6662: Error: symbol `n0' is already defined
___lib_CORE_libperl540_a_c.s:6663: Error: symbol `n0' is already defined
___lib_CORE_libperl540_a_c.s:6664: Error: symbol `n0' is already defined
___lib_CORE_libperl540_a_c.s:6665: Error: symbol `n0' is already defined
___lib_CORE_libperl540_a_c.s:6666: Error: symbol `n0' is already defined
___lib_CORE_libperl540_a_c.s:6667: Error: symbol `n0' is already defined
___lib_CORE_libperl540_a_c.s:6668: Error: symbol `n0' is already defined
___lib_CORE_libperl540_a_c.s:6669: Error: symbol `n0' is already defined
___lib_CORE_libperl540_a_c.s:6670: Error: symbol `n0' is already defined
___lib_CORE_libperl540_a_c.s:6671: Error: symbol `n0' is already defined
___lib_CORE_libperl540_a_c.s:6672: Error: symbol `n0' is already defined
___lib_CORE_libperl540_a_c.s:6673: Error: symbol `n0' is already defined
___lib_CORE_libperl540_a_c.s:6674: Error: symbol `n0' is already defined
___lib_CORE_libperl540_a_c.s:6675: Error: symbol `n0' is already defined
___lib_CORE_libperl540_a_c.s:6676: Error: symbol `n0' is already defined
___lib_CORE_libperl540_a_c.s:6677: Error: symbol `n0' is already defined
___lib_CORE_libperl540_a_c.s:6678: Error: symbol `n0' is already defined
dlltool: as exited with status 1
..\miniperl.exe -I..\lib ..\make_ext.pl "MAKE=gmake" --dir=..\ext --dir=..\dist --dynaloader
gmake[1]: Entering directory 'D:/perl-xp/perl-5.40.3/ext/DynaLoader'
Warning: ..\..\lib\CORE/config.h out of date with ..\../config.sh; D:\perl-xp\perl-5.40.3\miniperl.exe -I..\..\lib -e exit 1 --
Makefile out-of-date with respect to ..\..\lib/Config.pm
Cleaning current config before rebuilding Makefile...
gmake -f Makefile.old clean > NUL
"D:\perl-xp\perl-5.40.3\miniperl.exe" "-I..\..\lib" Makefile.PL "INSTALLDIRS=perl" "INSTALLMAN1DIR=none" "INSTALLMAN3DIR=none" "PERL_CORE=1" "PERL=D:\perl-xp\perl-5.40.3\miniperl.exe"
Generating a gmake-style Makefile
Writing Makefile for DynaLoader
==> Your Makefile has been rebuilt. <==
==> Please rerun the gmake command.  <==
"D:\perl-xp\perl-5.40.3\miniperl.exe" "-I..\..\lib"  -e "exit 1" --
gmake[1]: *** [Makefile:958: Makefile] Error 1
gmake[1]: Leaving directory 'D:/perl-xp/perl-5.40.3/ext/DynaLoader'
gmake[1]: Entering directory 'D:/perl-xp/perl-5.40.3/ext/DynaLoader'
Warning: ..\..\lib\CORE/config.h out of date with ..\../config.sh; D:\perl-xp\perl-5.40.3\miniperl.exe -I..\..\lib -e exit 1 --
"D:\perl-xp\perl-5.40.3\miniperl.exe" "-I..\..\lib" DynaLoader_pm.PL DynaLoader.pm 
"D:\perl-xp\perl-5.40.3\miniperl.exe" "-I..\..\lib" -MExtUtils::Command -e rm_f -- DynaLoader.xs
"D:\perl-xp\perl-5.40.3\miniperl.exe" "-I..\..\lib" -MExtUtils::Command -e cp -- dl_win32.xs DynaLoader.xs
"D:\perl-xp\perl-5.40.3\miniperl.exe" "-I..\..\lib" "D:\perl-xp\perl-5.40.3\dist\ExtUtils-ParseXS\lib\ExtUtils/xsubpp" -noprototypes -typemap D:\perl-xp\perl-5.40.3\lib\ExtUtils\typemap  DynaLoader.xs > DynaLoader.xsc
"D:\perl-xp\perl-5.40.3\miniperl.exe" "-I..\..\lib" -MExtUtils::Command -e mv -- DynaLoader.xsc DynaLoader.c
gcc -c   -D_WIN32_WINNT=0x0501 -DWINVER=0x0501 -D_WIN32_WINDOWS=0x0501 -march=pentium4 -DWIN32 -DPERL_TEXTMODE_SCRIPTS -DMULTIPLICITY -DPERL_IMPLICIT_SYS -DUSE_PERLIO -D__USE_MINGW_ANSI_STDIO -fwrapv -fno-strict-aliasing -mms-bitfields -DPERLDLL -Os   -DVERSION=\"1.56\" -DXS_VERSION=\"1.56\"  "-I..\..\lib\CORE"  -DLIBC="-lmsvcrt" DynaLoader.c
"D:\perl-xp\perl-5.40.3\miniperl.exe" "-I..\..\lib" -MExtUtils::Command -e rm_rf -- ..\..\DynaLoader.o
"D:\perl-xp\perl-5.40.3\miniperl.exe" "-I..\..\lib" -MExtUtils::Command -e cp -- DynaLoader.o ..\..\DynaLoader.o
gmake[1]: Leaving directory 'D:/perl-xp/perl-5.40.3/ext/DynaLoader'
..\miniperl.exe -I..\lib ..\make_ext.pl "MAKE=gmake" --dir=..\cpan --dir=..\dist --dir=..\ext lib
gmake[1]: Entering directory 'D:/perl-xp/perl-5.40.3/dist/lib'
Warning: ..\..\lib\CORE/config.h out of date with ..\../config.sh; D:\perl-xp\perl-5.40.3\miniperl.exe -I..\..\lib -e exit 1 --
Makefile out-of-date with respect to ..\..\lib/Config.pm
Cleaning current config before rebuilding Makefile...
gmake -f Makefile.old clean > NUL
"D:\perl-xp\perl-5.40.3\miniperl.exe" "-I..\..\lib" Makefile.PL "INSTALLDIRS=perl" "INSTALLMAN1DIR=none" "INSTALLMAN3DIR=none" "PERL_CORE=1" "PERL=D:\perl-xp\perl-5.40.3\miniperl.exe"
Generating a gmake-style Makefile
Writing Makefile for lib
==> Your Makefile has been rebuilt. <==
==> Please rerun the gmake command.  <==
"D:\perl-xp\perl-5.40.3\miniperl.exe" "-I..\..\lib"  -e "exit 1" --
gmake[1]: *** [Makefile:755: Makefile] Error 1
gmake[1]: Leaving directory 'D:/perl-xp/perl-5.40.3/dist/lib'
gmake[1]: Entering directory 'D:/perl-xp/perl-5.40.3/dist/lib'
Warning: ..\..\lib\CORE/config.h out of date with ..\../config.sh; D:\perl-xp\perl-5.40.3\miniperl.exe -I..\..\lib -e exit 1 --
"D:\perl-xp\perl-5.40.3\miniperl.exe" "-I..\..\lib" lib_pm.PL lib.pm 
Extracting lib.pm (with variable substitutions)
gmake[1]: Leaving directory 'D:/perl-xp/perl-5.40.3/dist/lib'
..\miniperl.exe -I..\lib ..\mkppport
ppport.h in cpan/DB_File is up-to-date
ppport.h in cpan/IPC-SysV is up-to-date
ppport.h in cpan/Win32API-File is up-to-date
ppport.h in dist/Data-Dumper is up-to-date
ppport.h in dist/Devel-PPPort is up-to-date
ppport.h in dist/ExtUtils-ParseXS is up-to-date
ppport.h in dist/IO is up-to-date
ppport.h in dist/PathTools is up-to-date
ppport.h in dist/Storable is up-to-date
ppport.h in dist/threads is up-to-date
ppport.h in dist/threads-shared is up-to-date
ppport.h in dist/Time-HiRes is up-to-date
ppport.h in dist/Unicode-Normalize is up-to-date
..\miniperl.exe -I..\lib ..\make_ext.pl "MAKE=gmake" --dir=..\cpan --dir=..\dist --dir=..\ext --dynamic !Unicode/Normalize
Skipping extension Unicode/Normalize, not ported to current platform at ..\make_ext.pl line 194.
gmake[1]: Entering directory 'D:/perl-xp/perl-5.40.3/dist/PathTools'
Warning: ..\..\lib\CORE/config.h out of date with ..\../config.sh; D:\perl-xp\perl-5.40.3\miniperl.exe -I..\..\lib -e exit 1 --
Makefile out-of-date with respect to ..\..\lib/Config.pm
Cleaning current config before rebuilding Makefile...
gmake -f Makefile.old clean > NUL
"D:\perl-xp\perl-5.40.3\miniperl.exe" "-I..\..\lib" Makefile.PL "INSTALLDIRS=perl" "INSTALLMAN1DIR=none" "INSTALLMAN3DIR=none" "PERL_CORE=1" "PERL=D:\perl-xp\perl-5.40.3\miniperl.exe"
Generating a gmake-style Makefile
Writing Makefile for Cwd
==> Your Makefile has been rebuilt. <==
==> Please rerun the gmake command.  <==
"D:\perl-xp\perl-5.40.3\miniperl.exe" "-I..\..\lib"  -e "exit 1" --
gmake[1]: *** [Makefile:941: Makefile] Error 1
gmake[1]: Leaving directory 'D:/perl-xp/perl-5.40.3/dist/PathTools'
gmake[1]: Entering directory 'D:/perl-xp/perl-5.40.3/dist/PathTools'
Warning: ..\..\lib\CORE/config.h out of date with ..\../config.sh; D:\perl-xp\perl-5.40.3\miniperl.exe -I..\..\lib -e exit 1 --
Running Mkbootstrap for Cwd ()
"D:\perl-xp\perl-5.40.3\miniperl.exe" "-I..\..\lib" -MExtUtils::Command -e chmod -- 644 "Cwd.bs"
"D:\perl-xp\perl-5.40.3\miniperl.exe" "-I..\..\lib" -MExtUtils::Command::MM -e cp_nonempty -- Cwd.bs ..\..\lib\auto\Cwd\Cwd.bs 644
"D:\perl-xp\perl-5.40.3\miniperl.exe" "-I..\..\lib" "D:\perl-xp\perl-5.40.3\dist\ExtUtils-ParseXS\lib\ExtUtils/xsubpp"  -typemap D:\perl-xp\perl-5.40.3\lib\ExtUtils\typemap  Cwd.xs > Cwd.xsc
"D:\perl-xp\perl-5.40.3\miniperl.exe" "-I..\..\lib" -MExtUtils::Command -e mv -- Cwd.xsc Cwd.c
gcc -c   -D_WIN32_WINNT=0x0501 -DWINVER=0x0501 -D_WIN32_WINDOWS=0x0501 -march=pentium4 -DWIN32 -DPERL_TEXTMODE_SCRIPTS -DMULTIPLICITY -DPERL_IMPLICIT_SYS -DUSE_PERLIO -D__USE_MINGW_ANSI_STDIO -fwrapv -fno-strict-aliasing -mms-bitfields -Os   -DVERSION=\"3.91\" -DXS_VERSION=\"3.91\"  "-I..\..\lib\CORE"  -DDOUBLE_SLASHES_SPECIAL=0 Cwd.c
"D:\perl-xp\perl-5.40.3\miniperl.exe" "-I..\..\lib" -MExtUtils::Mksymlists \
     -e "Mksymlists('NAME'=>\"Cwd\", 'DLBASE' => 'Cwd', 'DL_FUNCS' => {  }, 'FUNCLIST' => [], 'IMPORTS' => {  }, 'DL_VARS' => []);"
g++ Cwd.def -o ..\..\lib\auto\Cwd\Cwd.dll -shared -s -L"c:\perl\lib\CORE" -L"C:\toolchains\w64devkit\lib" -L"C:\toolchains\w64devkit\i686-w64-mingw32\lib" -L"C:\toolchains\w64devkit\lib\gcc\i686-w64-mingw32\16.2.0" Cwd.o   "..\..\lib\CORE\libperl540.a" -lmoldname -lkernel32 -luser32 -lgdi32 -lwinspool -lcomdlg32 -ladvapi32 -lshell32 -lole32 -loleaut32 -lnetapi32 -luuid -lws2_32 -lmpr -lwinmm -lversion -lodbc32 -lodbccp32 -lcomctl32 -Wl,--enable-auto-image-base
"D:\perl-xp\perl-5.40.3\miniperl.exe" "-I..\..\lib" -MExtUtils::Command -e chmod -- 755 ..\..\lib\auto\Cwd\Cwd.dll
gmake[1]: Leaving directory 'D:/perl-xp/perl-5.40.3/dist/PathTools'
gmake[1]: Entering directory 'D:/perl-xp/perl-5.40.3/ext/B'
Warning: ..\..\lib\CORE/config.h out of date with ..\../config.sh; D:\perl-xp\perl-5.40.3\miniperl.exe -I..\..\lib -e exit 1 --
Makefile out-of-date with respect to ..\..\lib/Config.pm
Cleaning current config before rebuilding Makefile...
gmake -f Makefile.old clean > NUL
"D:\perl-xp\perl-5.40.3\miniperl.exe" "-I..\..\lib" Makefile.PL "INSTALLDIRS=perl" "INSTALLMAN1DIR=none" "INSTALLMAN3DIR=none" "PERL_CORE=1" "PERL=D:\perl-xp\perl-5.40.3\miniperl.exe"
Generating a gmake-style Makefile
Writing Makefile for B
==> Your Makefile has been rebuilt. <==
==> Please rerun the gmake command.  <==
"D:\perl-xp\perl-5.40.3\miniperl.exe" "-I..\..\lib"  -e "exit 1" --
gmake[1]: *** [Makefile:927: Makefile] Error 1
gmake[1]: Leaving directory 'D:/perl-xp/perl-5.40.3/ext/B'
gmake[1]: Entering directory 'D:/perl-xp/perl-5.40.3/ext/B'
Warning: ..\..\lib\CORE/config.h out of date with ..\../config.sh; D:\perl-xp\perl-5.40.3\miniperl.exe -I..\..\lib -e exit 1 --
Running Mkbootstrap for B ()
"D:\perl-xp\perl-5.40.3\miniperl.exe" "-I..\..\lib" -MExtUtils::Command -e chmod -- 644 "B.bs"
"D:\perl-xp\perl-5.40.3\miniperl.exe" "-I..\..\lib" -MExtUtils::Command::MM -e cp_nonempty -- B.bs ..\..\lib\auto\B\B.bs 644
"D:\perl-xp\perl-5.40.3\miniperl.exe" "-I..\..\lib" "D:\perl-xp\perl-5.40.3\dist\ExtUtils-ParseXS\lib\ExtUtils/xsubpp"  -typemap D:\perl-xp\perl-5.40.3\lib\ExtUtils\typemap -typemap D:\perl-xp\perl-5.40.3\ext\B\typemap  B.xs > B.xsc
"D:\perl-xp\perl-5.40.3\miniperl.exe" "-I..\..\lib" -MExtUtils::Command -e mv -- B.xsc B.c
gcc -c   -D_WIN32_WINNT=0x0501 -DWINVER=0x0501 -D_WIN32_WINDOWS=0x0501 -march=pentium4 -DWIN32 -DPERL_TEXTMODE_SCRIPTS -DMULTIPLICITY -DPERL_IMPLICIT_SYS -DUSE_PERLIO -D__USE_MINGW_ANSI_STDIO -fwrapv -fno-strict-aliasing -mms-bitfields -Os   -DVERSION=\"1.89\" -DXS_VERSION=\"1.89\"  "-I..\..\lib\CORE"   B.c
"D:\perl-xp\perl-5.40.3\miniperl.exe" "-I..\..\lib" -MExtUtils::Mksymlists \
     -e "Mksymlists('NAME'=>\"B\", 'DLBASE' => 'B', 'DL_FUNCS' => {  }, 'FUNCLIST' => [], 'IMPORTS' => {  }, 'DL_VARS' => []);"
g++ B.def -o ..\..\lib\auto\B\B.dll -shared -s -L"c:\perl\lib\CORE" -L"C:\toolchains\w64devkit\lib" -L"C:\toolchains\w64devkit\i686-w64-mingw32\lib" -L"C:\toolchains\w64devkit\lib\gcc\i686-w64-mingw32\16.2.0" B.o   "..\..\lib\CORE\libperl540.a" -lmoldname -lkernel32 -luser32 -lgdi32 -lwinspool -lcomdlg32 -ladvapi32 -lshell32 -lole32 -loleaut32 -lnetapi32 -luuid -lws2_32 -lmpr -lwinmm -lversion -lodbc32 -lodbccp32 -lcomctl32 -Wl,--enable-auto-image-base
"D:\perl-xp\perl-5.40.3\miniperl.exe" "-I..\..\lib" -MExtUtils::Command -e chmod -- 755 ..\..\lib\auto\B\B.dll
gmake[1]: Leaving directory 'D:/perl-xp/perl-5.40.3/ext/B'
gmake[1]: Entering directory 'D:/perl-xp/perl-5.40.3/cpan/Compress-Raw-Bzip2'
Warning: ..\..\lib\CORE/config.h out of date with ..\../config.sh; D:\perl-xp\perl-5.40.3\miniperl.exe -I..\..\lib -e exit 1 --
Makefile out-of-date with respect to ..\..\lib/Config.pm
Cleaning current config before rebuilding Makefile...
gmake -f Makefile.old clean > NUL
"D:\perl-xp\perl-5.40.3\miniperl.exe" "-I..\..\lib" Makefile.PL "INSTALLDIRS=perl" "INSTALLMAN1DIR=none" "INSTALLMAN3DIR=none" "PERL_CORE=1" "PERL=D:\perl-xp\perl-5.40.3\miniperl.exe"
Generating a gmake-style Makefile
Writing Makefile for Compress::Raw::Bzip2
==> Your Makefile has been rebuilt. <==
==> Please rerun the gmake command.  <==
"D:\perl-xp\perl-5.40.3\miniperl.exe" "-I..\..\lib"  -e "exit 1" --
gmake[1]: *** [Makefile:952: Makefile] Error 1
gmake[1]: Leaving directory 'D:/perl-xp/perl-5.40.3/cpan/Compress-Raw-Bzip2'
gmake[1]: Entering directory 'D:/perl-xp/perl-5.40.3/cpan/Compress-Raw-Bzip2'
Warning: ..\..\lib\CORE/config.h out of date with ..\../config.sh; D:\perl-xp\perl-5.40.3\miniperl.exe -I..\..\lib -e exit 1 --
Running Mkbootstrap for Bzip2 ()
"D:\perl-xp\perl-5.40.3\miniperl.exe" "-I..\..\lib" -MExtUtils::Command -e chmod -- 644 "Bzip2.bs"
"D:\perl-xp\perl-5.40.3\miniperl.exe" "-I..\..\lib" -MExtUtils::Command::MM -e cp_nonempty -- Bzip2.bs ..\..\lib\auto\Compress\Raw\Bzip2\Bzip2.bs 644
"D:\perl-xp\perl-5.40.3\miniperl.exe" "-I..\..\lib" "D:\perl-xp\perl-5.40.3\dist\ExtUtils-ParseXS\lib\ExtUtils/xsubpp"  -typemap D:\perl-xp\perl-5.40.3\lib\ExtUtils\typemap -typemap D:\perl-xp\perl-5.40.3\cpan\Compress-Raw-Bzip2\typemap  Bzip2.xs > Bzip2.xsc
"D:\perl-xp\perl-5.40.3\miniperl.exe" "-I..\..\lib" -MExtUtils::Command -e mv -- Bzip2.xsc Bzip2.c
gcc -c  -I. -D_WIN32_WINNT=0x0501 -DWINVER=0x0501 -D_WIN32_WINDOWS=0x0501 -march=pentium4 -DWIN32 -DPERL_TEXTMODE_SCRIPTS -DMULTIPLICITY -DPERL_IMPLICIT_SYS -DUSE_PERLIO -D__USE_MINGW_ANSI_STDIO -fwrapv -fno-strict-aliasing -mms-bitfields -Os   -DVERSION=\"2.212\" -DXS_VERSION=\"2.212\"  "-I..\..\lib\CORE"  -Wall -Wno-comment  -DBZ_NO_STDIO  Bzip2.c
Bzip2.xs: In function 'XS_Compress__Raw__Bzip2_new':
Bzip2.xs:376:17: warning: variable 'flags' set but not used [-Wunused-but-set-variable=]
  376 |             int flags = 0 ;
      |                 ^~~~~
gcc -c  -I. -D_WIN32_WINNT=0x0501 -DWINVER=0x0501 -D_WIN32_WINDOWS=0x0501 -march=pentium4 -DWIN32 -DPERL_TEXTMODE_SCRIPTS -DMULTIPLICITY -DPERL_IMPLICIT_SYS -DUSE_PERLIO -D__USE_MINGW_ANSI_STDIO -fwrapv -fno-strict-aliasing -mms-bitfields -Os   -DVERSION=\"2.212\" -DXS_VERSION=\"2.212\"  "-I..\..\lib\CORE"  -Wall -Wno-comment  -DBZ_NO_STDIO  blocksort.c
blocksort.c: In function 'mainSort':
blocksort.c:765:11: warning: variable 'numQSorted' set but not used [-Wunused-but-set-variable=]
  765 |    Int32  numQSorted;
      |           ^~~~~~~~~~
gcc -c  -I. -D_WIN32_WINNT=0x0501 -DWINVER=0x0501 -D_WIN32_WINDOWS=0x0501 -march=pentium4 -DWIN32 -DPERL_TEXTMODE_SCRIPTS -DMULTIPLICITY -DPERL_IMPLICIT_SYS -DUSE_PERLIO -D__USE_MINGW_ANSI_STDIO -fwrapv -fno-strict-aliasing -mms-bitfields -Os   -DVERSION=\"2.212\" -DXS_VERSION=\"2.212\"  "-I..\..\lib\CORE"  -Wall -Wno-comment  -DBZ_NO_STDIO  bzlib.c
gcc -c  -I. -D_WIN32_WINNT=0x0501 -DWINVER=0x0501 -D_WIN32_WINDOWS=0x0501 -march=pentium4 -DWIN32 -DPERL_TEXTMODE_SCRIPTS -DMULTIPLICITY -DPERL_IMPLICIT_SYS -DUSE_PERLIO -D__USE_MINGW_ANSI_STDIO -fwrapv -fno-strict-aliasing -mms-bitfields -Os   -DVERSION=\"2.212\" -DXS_VERSION=\"2.212\"  "-I..\..\lib\CORE"  -Wall -Wno-comment  -DBZ_NO_STDIO  compress.c
compress.c: In function 'sendMTFValues':
compress.c:247:30: warning: variable 'totc' set but not used [-Wunused-but-set-variable=]
  247 |    Int32 v, t, i, j, gs, ge, totc, bt, bc, iter;
      |                              ^~~~
gcc -c  -I. -D_WIN32_WINNT=0x0501 -DWINVER=0x0501 -D_WIN32_WINDOWS=0x0501 -march=pentium4 -DWIN32 -DPERL_TEXTMODE_SCRIPTS -DMULTIPLICITY -DPERL_IMPLICIT_SYS -DUSE_PERLIO -D__USE_MINGW_ANSI_STDIO -fwrapv -fno-strict-aliasing -mms-bitfields -Os   -DVERSION=\"2.212\" -DXS_VERSION=\"2.212\"  "-I..\..\lib\CORE"  -Wall -Wno-comment  -DBZ_NO_STDIO  crctable.c
gcc -c  -I. -D_WIN32_WINNT=0x0501 -DWINVER=0x0501 -D_WIN32_WINDOWS=0x0501 -march=pentium4 -DWIN32 -DPERL_TEXTMODE_SCRIPTS -DMULTIPLICITY -DPERL_IMPLICIT_SYS -DUSE_PERLIO -D__USE_MINGW_ANSI_STDIO -fwrapv -fno-strict-aliasing -mms-bitfields -Os   -DVERSION=\"2.212\" -DXS_VERSION=\"2.212\"  "-I..\..\lib\CORE"  -Wall -Wno-comment  -DBZ_NO_STDIO  decompress.c
gcc -c  -I. -D_WIN32_WINNT=0x0501 -DWINVER=0x0501 -D_WIN32_WINDOWS=0x0501 -march=pentium4 -DWIN32 -DPERL_TEXTMODE_SCRIPTS -DMULTIPLICITY -DPERL_IMPLICIT_SYS -DUSE_PERLIO -D__USE_MINGW_ANSI_STDIO -fwrapv -fno-strict-aliasing -mms-bitfields -Os   -DVERSION=\"2.212\" -DXS_VERSION=\"2.212\"  "-I..\..\lib\CORE"  -Wall -Wno-comment  -DBZ_NO_STDIO  huffman.c
gcc -c  -I. -D_WIN32_WINNT=0x0501 -DWINVER=0x0501 -D_WIN32_WINDOWS=0x0501 -march=pentium4 -DWIN32 -DPERL_TEXTMODE_SCRIPTS -DMULTIPLICITY -DPERL_IMPLICIT_SYS -DUSE_PERLIO -D__USE_MINGW_ANSI_STDIO -fwrapv -fno-strict-aliasing -mms-bitfields -Os   -DVERSION=\"2.212\" -DXS_VERSION=\"2.212\"  "-I..\..\lib\CORE"  -Wall -Wno-comment  -DBZ_NO_STDIO  randtable.c
"D:\perl-xp\perl-5.40.3\miniperl.exe" "-I..\..\lib" -MExtUtils::Mksymlists \
     -e "Mksymlists('NAME'=>\"Compress::Raw::Bzip2\", 'DLBASE' => 'Bzip2', 'DL_FUNCS' => {  }, 'FUNCLIST' => [], 'IMPORTS' => {  }, 'DL_VARS' => []);"
g++ Bzip2.def -o ..\..\lib\auto\Compress\Raw\Bzip2\Bzip2.dll -shared -s -L"c:\perl\lib\CORE" -L"C:\toolchains\w64devkit\lib" -L"C:\toolchains\w64devkit\i686-w64-mingw32\lib" -L"C:\toolchains\w64devkit\lib\gcc\i686-w64-mingw32\16.2.0" Bzip2.o blocksort.o bzlib.o compress.o crctable.o decompress.o huffman.o randtable.o    "..\..\lib\CORE\libperl540.a" -lmoldname -lkernel32 -luser32 -lgdi32 -lwinspool -lcomdlg32 -ladvapi32 -lshell32 -lole32 -loleaut32 -lnetapi32 -luuid -lws2_32 -lmpr -lwinmm -lversion -lodbc32 -lodbccp32 -lcomctl32 -Wl,--enable-auto-image-base
"D:\perl-xp\perl-5.40.3\miniperl.exe" "-I..\..\lib" -MExtUtils::Command -e chmod -- 755 ..\..\lib\auto\Compress\Raw\Bzip2\Bzip2.dll
gmake[1]: Leaving directory 'D:/perl-xp/perl-5.40.3/cpan/Compress-Raw-Bzip2'
gmake[1]: Entering directory 'D:/perl-xp/perl-5.40.3/cpan/Compress-Raw-Zlib'
Warning: ..\..\lib\CORE/config.h out of date with ..\../config.sh; D:\perl-xp\perl-5.40.3\miniperl.exe -I..\..\lib -e exit 1 --
Makefile out-of-date with respect to ..\..\lib/Config.pm
Cleaning current config before rebuilding Makefile...
gmake -f Makefile.old clean > NUL
"D:\perl-xp\perl-5.40.3\miniperl.exe" "-I..\..\lib" Makefile.PL "INSTALLDIRS=perl" "INSTALLMAN1DIR=none" "INSTALLMAN3DIR=none" "PERL_CORE=1" "PERL=D:\perl-xp\perl-5.40.3\miniperl.exe"
Parsing config.in...
Building Zlib is enabled
Auto Detect Gzip OS Code..
Setting Gzip OS Code to 14 [VFAT file system (Win95, NT)]
Looks Good.
Generating a gmake-style Makefile
Writing Makefile for Compress::Raw::Zlib
==> Your Makefile has been rebuilt. <==
==> Please rerun the gmake command.  <==
"D:\perl-xp\perl-5.40.3\miniperl.exe" "-I..\..\lib"  -e "exit 1" --
gmake[1]: *** [Makefile:957: Makefile] Error 1
gmake[1]: Leaving directory 'D:/perl-xp/perl-5.40.3/cpan/Compress-Raw-Zlib'
gmake[1]: Entering directory 'D:/perl-xp/perl-5.40.3/cpan/Compress-Raw-Zlib'
Warning: ..\..\lib\CORE/config.h out of date with ..\../config.sh; D:\perl-xp\perl-5.40.3\miniperl.exe -I..\..\lib -e exit 1 --
Running Mkbootstrap for Zlib ()
"D:\perl-xp\perl-5.40.3\miniperl.exe" "-I..\..\lib" -MExtUtils::Command -e chmod -- 644 "Zlib.bs"
"D:\perl-xp\perl-5.40.3\miniperl.exe" "-I..\..\lib" -MExtUtils::Command::MM -e cp_nonempty -- Zlib.bs ..\..\lib\auto\Compress\Raw\Zlib\Zlib.bs 644
"D:\perl-xp\perl-5.40.3\miniperl.exe" "-I..\..\lib" "D:\perl-xp\perl-5.40.3\dist\ExtUtils-ParseXS\lib\ExtUtils/xsubpp"  -typemap D:\perl-xp\perl-5.40.3\lib\ExtUtils\typemap -typemap D:\perl-xp\perl-5.40.3\cpan\Compress-Raw-Zlib\typemap  Zlib.xs > Zlib.xsc
"D:\perl-xp\perl-5.40.3\miniperl.exe" "-I..\..\lib" -MExtUtils::Command -e mv -- Zlib.xsc Zlib.c
gcc -c  -I./zlib-src -D_WIN32_WINNT=0x0501 -DWINVER=0x0501 -D_WIN32_WINDOWS=0x0501 -march=pentium4 -DWIN32 -DPERL_TEXTMODE_SCRIPTS -DMULTIPLICITY -DPERL_IMPLICIT_SYS -DUSE_PERLIO -D__USE_MINGW_ANSI_STDIO -fwrapv -fno-strict-aliasing -mms-bitfields -Os   -DVERSION=\"2.212\" -DXS_VERSION=\"2.212\"  "-I..\..\lib\CORE"  -DNO_VIZ -DZ_SOLO   -DZ_PREFIX  -DGZIP_OS_CODE=14  -DPerl_crz_BUILD_ZLIB=1 -Dregister= Zlib.c
gcc -c  -I./zlib-src -D_WIN32_WINNT=0x0501 -DWINVER=0x0501 -D_WIN32_WINDOWS=0x0501 -march=pentium4 -DWIN32 -DPERL_TEXTMODE_SCRIPTS -DMULTIPLICITY -DPERL_IMPLICIT_SYS -DUSE_PERLIO -D__USE_MINGW_ANSI_STDIO -fwrapv -fno-strict-aliasing -mms-bitfields -Os   -DVERSION=\"2.212\" -DXS_VERSION=\"2.212\"  "-I..\..\lib\CORE"  -DNO_VIZ -DZ_SOLO   -DZ_PREFIX  -DGZIP_OS_CODE=14  -DPerl_crz_BUILD_ZLIB=1 -Dregister= adler32.c
gcc -c  -I./zlib-src -D_WIN32_WINNT=0x0501 -DWINVER=0x0501 -D_WIN32_WINDOWS=0x0501 -march=pentium4 -DWIN32 -DPERL_TEXTMODE_SCRIPTS -DMULTIPLICITY -DPERL_IMPLICIT_SYS -DUSE_PERLIO -D__USE_MINGW_ANSI_STDIO -fwrapv -fno-strict-aliasing -mms-bitfields -Os   -DVERSION=\"2.212\" -DXS_VERSION=\"2.212\"  "-I..\..\lib\CORE"  -DNO_VIZ -DZ_SOLO   -DZ_PREFIX  -DGZIP_OS_CODE=14  -DPerl_crz_BUILD_ZLIB=1 -Dregister= compress.c
gcc -c  -I./zlib-src -D_WIN32_WINNT=0x0501 -DWINVER=0x0501 -D_WIN32_WINDOWS=0x0501 -march=pentium4 -DWIN32 -DPERL_TEXTMODE_SCRIPTS -DMULTIPLICITY -DPERL_IMPLICIT_SYS -DUSE_PERLIO -D__USE_MINGW_ANSI_STDIO -fwrapv -fno-strict-aliasing -mms-bitfields -Os   -DVERSION=\"2.212\" -DXS_VERSION=\"2.212\"  "-I..\..\lib\CORE"  -DNO_VIZ -DZ_SOLO   -DZ_PREFIX  -DGZIP_OS_CODE=14  -DPerl_crz_BUILD_ZLIB=1 -Dregister= crc32.c
gcc -c  -I./zlib-src -D_WIN32_WINNT=0x0501 -DWINVER=0x0501 -D_WIN32_WINDOWS=0x0501 -march=pentium4 -DWIN32 -DPERL_TEXTMODE_SCRIPTS -DMULTIPLICITY -DPERL_IMPLICIT_SYS -DUSE_PERLIO -D__USE_MINGW_ANSI_STDIO -fwrapv -fno-strict-aliasing -mms-bitfields -Os   -DVERSION=\"2.212\" -DXS_VERSION=\"2.212\"  "-I..\..\lib\CORE"  -DNO_VIZ -DZ_SOLO   -DZ_PREFIX  -DGZIP_OS_CODE=14  -DPerl_crz_BUILD_ZLIB=1 -Dregister= deflate.c
gcc -c  -I./zlib-src -D_WIN32_WINNT=0x0501 -DWINVER=0x0501 -D_WIN32_WINDOWS=0x0501 -march=pentium4 -DWIN32 -DPERL_TEXTMODE_SCRIPTS -DMULTIPLICITY -DPERL_IMPLICIT_SYS -DUSE_PERLIO -D__USE_MINGW_ANSI_STDIO -fwrapv -fno-strict-aliasing -mms-bitfields -Os   -DVERSION=\"2.212\" -DXS_VERSION=\"2.212\"  "-I..\..\lib\CORE"  -DNO_VIZ -DZ_SOLO   -DZ_PREFIX  -DGZIP_OS_CODE=14  -DPerl_crz_BUILD_ZLIB=1 -Dregister= infback.c
gcc -c  -I./zlib-src -D_WIN32_WINNT=0x0501 -DWINVER=0x0501 -D_WIN32_WINDOWS=0x0501 -march=pentium4 -DWIN32 -DPERL_TEXTMODE_SCRIPTS -DMULTIPLICITY -DPERL_IMPLICIT_SYS -DUSE_PERLIO -D__USE_MINGW_ANSI_STDIO -fwrapv -fno-strict-aliasing -mms-bitfields -Os   -DVERSION=\"2.212\" -DXS_VERSION=\"2.212\"  "-I..\..\lib\CORE"  -DNO_VIZ -DZ_SOLO   -DZ_PREFIX  -DGZIP_OS_CODE=14  -DPerl_crz_BUILD_ZLIB=1 -Dregister= inffast.c
gcc -c  -I./zlib-src -D_WIN32_WINNT=0x0501 -DWINVER=0x0501 -D_WIN32_WINDOWS=0x0501 -march=pentium4 -DWIN32 -DPERL_TEXTMODE_SCRIPTS -DMULTIPLICITY -DPERL_IMPLICIT_SYS -DUSE_PERLIO -D__USE_MINGW_ANSI_STDIO -fwrapv -fno-strict-aliasing -mms-bitfields -Os   -DVERSION=\"2.212\" -DXS_VERSION=\"2.212\"  "-I..\..\lib\CORE"  -DNO_VIZ -DZ_SOLO   -DZ_PREFIX  -DGZIP_OS_CODE=14  -DPerl_crz_BUILD_ZLIB=1 -Dregister= inflate.c
gcc -c  -I./zlib-src -D_WIN32_WINNT=0x0501 -DWINVER=0x0501 -D_WIN32_WINDOWS=0x0501 -march=pentium4 -DWIN32 -DPERL_TEXTMODE_SCRIPTS -DMULTIPLICITY -DPERL_IMPLICIT_SYS -DUSE_PERLIO -D__USE_MINGW_ANSI_STDIO -fwrapv -fno-strict-aliasing -mms-bitfields -Os   -DVERSION=\"2.212\" -DXS_VERSION=\"2.212\"  "-I..\..\lib\CORE"  -DNO_VIZ -DZ_SOLO   -DZ_PREFIX  -DGZIP_OS_CODE=14  -DPerl_crz_BUILD_ZLIB=1 -Dregister= inftrees.c
gcc -c  -I./zlib-src -D_WIN32_WINNT=0x0501 -DWINVER=0x0501 -D_WIN32_WINDOWS=0x0501 -march=pentium4 -DWIN32 -DPERL_TEXTMODE_SCRIPTS -DMULTIPLICITY -DPERL_IMPLICIT_SYS -DUSE_PERLIO -D__USE_MINGW_ANSI_STDIO -fwrapv -fno-strict-aliasing -mms-bitfields -Os   -DVERSION=\"2.212\" -DXS_VERSION=\"2.212\"  "-I..\..\lib\CORE"  -DNO_VIZ -DZ_SOLO   -DZ_PREFIX  -DGZIP_OS_CODE=14  -DPerl_crz_BUILD_ZLIB=1 -Dregister= trees.c
gcc -c  -I./zlib-src -D_WIN32_WINNT=0x0501 -DWINVER=0x0501 -D_WIN32_WINDOWS=0x0501 -march=pentium4 -DWIN32 -DPERL_TEXTMODE_SCRIPTS -DMULTIPLICITY -DPERL_IMPLICIT_SYS -DUSE_PERLIO -D__USE_MINGW_ANSI_STDIO -fwrapv -fno-strict-aliasing -mms-bitfields -Os   -DVERSION=\"2.212\" -DXS_VERSION=\"2.212\"  "-I..\..\lib\CORE"  -DNO_VIZ -DZ_SOLO   -DZ_PREFIX  -DGZIP_OS_CODE=14  -DPerl_crz_BUILD_ZLIB=1 -Dregister= uncompr.c
gcc -c  -I./zlib-src -D_WIN32_WINNT=0x0501 -DWINVER=0x0501 -D_WIN32_WINDOWS=0x0501 -march=pentium4 -DWIN32 -DPERL_TEXTMODE_SCRIPTS -DMULTIPLICITY -DPERL_IMPLICIT_SYS -DUSE_PERLIO -D__USE_MINGW_ANSI_STDIO -fwrapv -fno-strict-aliasing -mms-bitfields -Os   -DVERSION=\"2.212\" -DXS_VERSION=\"2.212\"  "-I..\..\lib\CORE"  -DNO_VIZ -DZ_SOLO   -DZ_PREFIX  -DGZIP_OS_CODE=14  -DPerl_crz_BUILD_ZLIB=1 -Dregister= zutil.c
"D:\perl-xp\perl-5.40.3\miniperl.exe" "-I..\..\lib" -MExtUtils::Mksymlists \
     -e "Mksymlists('NAME'=>\"Compress::Raw::Zlib\", 'DLBASE' => 'Zlib', 'DL_FUNCS' => {  }, 'FUNCLIST' => [], 'IMPORTS' => {  }, 'DL_VARS' => []);"
g++ Zlib.def -o ..\..\lib\auto\Compress\Raw\Zlib\Zlib.dll -shared -s -L"c:\perl\lib\CORE" -L"C:\toolchains\w64devkit\lib" -L"C:\toolchains\w64devkit\i686-w64-mingw32\lib" -L"C:\toolchains\w64devkit\lib\gcc\i686-w64-mingw32\16.2.0" Zlib.o adler32.o compress.o crc32.o deflate.o infback.o inffast.o inflate.o inftrees.o trees.o uncompr.o zutil.o    "..\..\lib\CORE\libperl540.a" -lmoldname -lkernel32 -luser32 -lgdi32 -lwinspool -lcomdlg32 -ladvapi32 -lshell32 -lole32 -loleaut32 -lnetapi32 -luuid -lws2_32 -lmpr -lwinmm -lversion -lodbc32 -lodbccp32 -lcomctl32 -Wl,--enable-auto-image-base
"D:\perl-xp\perl-5.40.3\miniperl.exe" "-I..\..\lib" -MExtUtils::Command -e chmod -- 755 ..\..\lib\auto\Compress\Raw\Zlib\Zlib.dll
gmake[1]: Leaving directory 'D:/perl-xp/perl-5.40.3/cpan/Compress-Raw-Zlib'
gmake[1]: Entering directory 'D:/perl-xp/perl-5.40.3/dist/Data-Dumper'
Warning: ..\..\lib\CORE/config.h out of date with ..\../config.sh; D:\perl-xp\perl-5.40.3\miniperl.exe -I..\..\lib -e exit 1 --
Makefile out-of-date with respect to ..\..\lib/Config.pm
Cleaning current config before rebuilding Makefile...
gmake -f Makefile.old clean > NUL
"D:\perl-xp\perl-5.40.3\miniperl.exe" "-I..\..\lib" Makefile.PL "INSTALLDIRS=perl" "INSTALLMAN1DIR=none" "INSTALLMAN3DIR=none" "PERL_CORE=1" "PERL=D:\perl-xp\perl-5.40.3\miniperl.exe"
Generating a gmake-style Makefile
Writing Makefile for Data::Dumper
==> Your Makefile has been rebuilt. <==
==> Please rerun the gmake command.  <==
"D:\perl-xp\perl-5.40.3\miniperl.exe" "-I..\..\lib"  -e "exit 1" --
gmake[1]: *** [Makefile:920: Makefile] Error 1
gmake[1]: Leaving directory 'D:/perl-xp/perl-5.40.3/dist/Data-Dumper'
gmake[1]: Entering directory 'D:/perl-xp/perl-5.40.3/dist/Data-Dumper'
Warning: ..\..\lib\CORE/config.h out of date with ..\../config.sh; D:\perl-xp\perl-5.40.3\miniperl.exe -I..\..\lib -e exit 1 --
Running Mkbootstrap for Dumper ()
"D:\perl-xp\perl-5.40.3\miniperl.exe" "-I..\..\lib" -MExtUtils::Command -e chmod -- 644 "Dumper.bs"
"D:\perl-xp\perl-5.40.3\miniperl.exe" "-I..\..\lib" -MExtUtils::Command::MM -e cp_nonempty -- Dumper.bs ..\..\lib\auto\Data\Dumper\Dumper.bs 644
"D:\perl-xp\perl-5.40.3\miniperl.exe" "-I..\..\lib" "D:\perl-xp\perl-5.40.3\dist\ExtUtils-ParseXS\lib\ExtUtils/xsubpp"  -typemap D:\perl-xp\perl-5.40.3\lib\ExtUtils\typemap  Dumper.xs > Dumper.xsc
"D:\perl-xp\perl-5.40.3\miniperl.exe" "-I..\..\lib" -MExtUtils::Command -e mv -- Dumper.xsc Dumper.c
gcc -c   -D_WIN32_WINNT=0x0501 -DWINVER=0x0501 -D_WIN32_WINDOWS=0x0501 -march=pentium4 -DWIN32 -DPERL_TEXTMODE_SCRIPTS -DMULTIPLICITY -DPERL_IMPLICIT_SYS -DUSE_PERLIO -D__USE_MINGW_ANSI_STDIO -fwrapv -fno-strict-aliasing -mms-bitfields -Os   -DVERSION=\"2.189\" -DXS_VERSION=\"2.189\"  "-I..\..\lib\CORE"   Dumper.c
"D:\perl-xp\perl-5.40.3\miniperl.exe" "-I..\..\lib" -MExtUtils::Mksymlists \
     -e "Mksymlists('NAME'=>\"Data::Dumper\", 'DLBASE' => 'Dumper', 'DL_FUNCS' => {  }, 'FUNCLIST' => [], 'IMPORTS' => {  }, 'DL_VARS' => []);"
g++ Dumper.def -o ..\..\lib\auto\Data\Dumper\Dumper.dll -shared -s -L"c:\perl\lib\CORE" -L"C:\toolchains\w64devkit\lib" -L"C:\toolchains\w64devkit\i686-w64-mingw32\lib" -L"C:\toolchains\w64devkit\lib\gcc\i686-w64-mingw32\16.2.0" Dumper.o   "..\..\lib\CORE\libperl540.a" -lmoldname -lkernel32 -luser32 -lgdi32 -lwinspool -lcomdlg32 -ladvapi32 -lshell32 -lole32 -loleaut32 -lnetapi32 -luuid -lws2_32 -lmpr -lwinmm -lversion -lodbc32 -lodbccp32 -lcomctl32 -Wl,--enable-auto-image-base
"D:\perl-xp\perl-5.40.3\miniperl.exe" "-I..\..\lib" -MExtUtils::Command -e chmod -- 755 ..\..\lib\auto\Data\Dumper\Dumper.dll
gmake[1]: Leaving directory 'D:/perl-xp/perl-5.40.3/dist/Data-Dumper'
gmake[1]: Entering directory 'D:/perl-xp/perl-5.40.3/dist/Devel-PPPort'
Warning: ..\..\lib\CORE/config.h out of date with ..\../config.sh; D:\perl-xp\perl-5.40.3\miniperl.exe -I..\..\lib -e exit 1 --
Makefile out-of-date with respect to ..\..\lib/Config.pm
Cleaning current config before rebuilding Makefile...
gmake -f Makefile.old clean > NUL
"D:\perl-xp\perl-5.40.3\miniperl.exe" "-I..\..\lib" Makefile.PL "INSTALLDIRS=perl" "INSTALLMAN1DIR=none" "INSTALLMAN3DIR=none" "PERL_CORE=1" "PERL=D:\perl-xp\perl-5.40.3\miniperl.exe"
Setting license tag...
Adding META_MERGE...
Generating a gmake-style Makefile
Writing Makefile for Devel::PPPort
==> Your Makefile has been rebuilt. <==
==> Please rerun the gmake command.  <==
"D:\perl-xp\perl-5.40.3\miniperl.exe" "-I..\..\lib"  -e "exit 1" --
gmake[1]: *** [Makefile:971: Makefile] Error 1
gmake[1]: Leaving directory 'D:/perl-xp/perl-5.40.3/dist/Devel-PPPort'
gmake[1]: Entering directory 'D:/perl-xp/perl-5.40.3/dist/Devel-PPPort'
Warning: ..\..\lib\CORE/config.h out of date with ..\../config.sh; D:\perl-xp\perl-5.40.3\miniperl.exe -I..\..\lib -e exit 1 --
"D:\perl-xp\perl-5.40.3\miniperl.exe" "-I..\..\lib" PPPort_pm.PL PPPort.pm 
including ppphdoc
including inctools
including ppphbin
including version
including threads
including limits
including variables
including subparse
including newCONSTSUB
including magic_defs
including misc
including sv_xpvf
including SvPV
including warn
including format
including uv
including memory
including mess
including mPUSH
including call
including newRV
including MY_CXT
including SvREFCNT
including newSV_type
including newSVpv
including Sv_set
including shared_pv
including HvNAME
including gv
including pvs
including magic
including cop
including grok
including snprintf
including sprintf
including exception
including strlfuncs
including utf8
including pv_tools
including locale
Running Mkbootstrap for PPPort ()
"D:\perl-xp\perl-5.40.3\miniperl.exe" "-I..\..\lib" -MExtUtils::Command -e chmod -- 644 "PPPort.bs"
"D:\perl-xp\perl-5.40.3\miniperl.exe" "-I..\..\lib" -MExtUtils::Command::MM -e cp_nonempty -- PPPort.bs ..\..\lib\auto\Devel\PPPort\PPPort.bs 644
"D:\perl-xp\perl-5.40.3\miniperl.exe" "-I..\..\lib" "-I..\..\lib" ppport_h.PL ppport.h 
"D:\perl-xp\perl-5.40.3\miniperl.exe" "-I..\..\lib" "-I..\..\lib" RealPPPort_xs.PL RealPPPort.xs 
adding XS code from parts\inc\HvNAME
adding XS code from parts\inc\MY_CXT
adding XS code from parts\inc\SvPV
adding XS code from parts\inc\SvREFCNT
adding XS code from parts\inc\Sv_set
adding XS code from parts\inc\call
adding XS code from parts\inc\cop
adding XS code from parts\inc\exception
adding XS code from parts\inc\format
adding XS code from parts\inc\grok
adding XS code from parts\inc\gv
adding XS code from parts\inc\limits
adding XS code from parts\inc\locale
adding XS code from parts\inc\mPUSH
adding XS code from parts\inc\magic
adding XS code from parts\inc\memory
adding XS code from parts\inc\mess
adding XS code from parts\inc\misc
adding XS code from parts\inc\newCONSTSUB
adding XS code from parts\inc\newRV
adding XS code from parts\inc\newSV_type
adding XS code from parts\inc\newSVpv
adding XS code from parts\inc\pv_tools
adding XS code from parts\inc\pvs
adding XS code from parts\inc\shared_pv
adding XS code from parts\inc\snprintf
adding XS code from parts\inc\sprintf
adding XS code from parts\inc\strlfuncs
adding XS code from parts\inc\sv_xpvf
adding XS code from parts\inc\threads
adding XS code from parts\inc\utf8
adding XS code from parts\inc\uv
adding XS code from parts\inc\variables
adding XS code from parts\inc\version
adding XS code from parts\inc\warn
"D:\perl-xp\perl-5.40.3\miniperl.exe" "-I..\..\lib" "D:\perl-xp\perl-5.40.3\dist\ExtUtils-ParseXS\lib\ExtUtils/xsubpp" -noprototypes -typemap D:\perl-xp\perl-5.40.3\lib\ExtUtils\typemap -typemap D:\perl-xp\perl-5.40.3\dist\Devel-PPPort\typemap  RealPPPort.xs > RealPPPort.xsc
"D:\perl-xp\perl-5.40.3\miniperl.exe" "-I..\..\lib" -MExtUtils::Command -e mv -- RealPPPort.xsc RealPPPort.c
gcc -c   -D_WIN32_WINNT=0x0501 -DWINVER=0x0501 -D_WIN32_WINDOWS=0x0501 -march=pentium4 -DWIN32 -DPERL_TEXTMODE_SCRIPTS -DMULTIPLICITY -DPERL_IMPLICIT_SYS -DUSE_PERLIO -D__USE_MINGW_ANSI_STDIO -fwrapv -fno-strict-aliasing -mms-bitfields -Os   -DVERSION=\"3.72\" -DXS_VERSION=\"3.72\"  "-I..\..\lib\CORE"  -W -Wall RealPPPort.c
gcc -c   -D_WIN32_WINNT=0x0501 -DWINVER=0x0501 -D_WIN32_WINDOWS=0x0501 -march=pentium4 -DWIN32 -DPERL_TEXTMODE_SCRIPTS -DMULTIPLICITY -DPERL_IMPLICIT_SYS -DUSE_PERLIO -D__USE_MINGW_ANSI_STDIO -fwrapv -fno-strict-aliasing -mms-bitfields -Os   -DVERSION=\"3.72\" -DXS_VERSION=\"3.72\"  "-I..\..\lib\CORE"  -W -Wall module2.c
gcc -c   -D_WIN32_WINNT=0x0501 -DWINVER=0x0501 -D_WIN32_WINDOWS=0x0501 -march=pentium4 -DWIN32 -DPERL_TEXTMODE_SCRIPTS -DMULTIPLICITY -DPERL_IMPLICIT_SYS -DUSE_PERLIO -D__USE_MINGW_ANSI_STDIO -fwrapv -fno-strict-aliasing -mms-bitfields -Os   -DVERSION=\"3.72\" -DXS_VERSION=\"3.72\"  "-I..\..\lib\CORE"  -W -Wall module3.c
"D:\perl-xp\perl-5.40.3\miniperl.exe" "-I..\..\lib" -MExtUtils::Mksymlists \
     -e "Mksymlists('NAME'=>\"Devel::PPPort\", 'DLBASE' => 'PPPort', 'DL_FUNCS' => {  }, 'FUNCLIST' => [], 'IMPORTS' => {  }, 'DL_VARS' => []);"
g++ PPPort.def -o ..\..\lib\auto\Devel\PPPort\PPPort.dll -shared -s -L"c:\perl\lib\CORE" -L"C:\toolchains\w64devkit\lib" -L"C:\toolchains\w64devkit\i686-w64-mingw32\lib" -L"C:\toolchains\w64devkit\lib\gcc\i686-w64-mingw32\16.2.0" RealPPPort.o module2.o module3.o   "..\..\lib\CORE\libperl540.a" -lmoldname -lkernel32 -luser32 -lgdi32 -lwinspool -lcomdlg32 -ladvapi32 -lshell32 -lole32 -loleaut32 -lnetapi32 -luuid -lws2_32 -lmpr -lwinmm -lversion -lodbc32 -lodbccp32 -lcomctl32 -Wl,--enable-auto-image-base
"D:\perl-xp\perl-5.40.3\miniperl.exe" "-I..\..\lib" -MExtUtils::Command -e chmod -- 755 ..\..\lib\auto\Devel\PPPort\PPPort.dll
"D:\perl-xp\perl-5.40.3\miniperl.exe" "-I..\..\lib" "-I..\..\lib" mktests.PL t\01_test.t 
generating t/01_test.t
generating t/HvNAME.t
generating t/MY_CXT.t
generating t/SvPV.t
generating t/SvREFCNT.t
generating t/Sv_set.t
generating t/call.t
generating t/cop.t
generating t/exception.t
generating t/format.t
generating t/grok.t
generating t/gv.t
generating t/limits.t
generating t/locale.t
generating t/mPUSH.t
generating t/magic.t
generating t/memory.t
generating t/mess.t
generating t/misc.t
generating t/newCONSTSUB.t
generating t/newRV.t
generating t/newSV_type.t
generating t/newSVpv.t
generating t/podtest.t
generating t/ppphtest.t
generating t/pv_tools.t
generating t/pvs.t
generating t/shared_pv.t
generating t/snprintf.t
generating t/sprintf.t
generating t/strlfuncs.t
generating t/sv_xpvf.t
generating t/threads.t
generating t/utf8.t
generating t/uv.t
generating t/variables.t
generating t/warn.t
gmake[1]: Leaving directory 'D:/perl-xp/perl-5.40.3/dist/Devel-PPPort'
gmake[1]: Entering directory 'D:/perl-xp/perl-5.40.3/ext/Devel-Peek'
Warning: ..\..\lib\CORE/config.h out of date with ..\../config.sh; D:\perl-xp\perl-5.40.3\miniperl.exe -I..\..\lib -e exit 1 --
Makefile out-of-date with respect to ..\..\lib/Config.pm
Cleaning current config before rebuilding Makefile...
gmake -f Makefile.old clean > NUL
"D:\perl-xp\perl-5.40.3\miniperl.exe" "-I..\..\lib" Makefile.PL "INSTALLDIRS=perl" "INSTALLMAN1DIR=none" "INSTALLMAN3DIR=none" "PERL_CORE=1" "PERL=D:\perl-xp\perl-5.40.3\miniperl.exe"
Generating a gmake-style Makefile
Writing Makefile for Devel::Peek
==> Your Makefile has been rebuilt. <==
==> Please rerun the gmake command.  <==
"D:\perl-xp\perl-5.40.3\miniperl.exe" "-I..\..\lib"  -e "exit 1" --
gmake[1]: *** [Makefile:917: Makefile] Error 1
gmake[1]: Leaving directory 'D:/perl-xp/perl-5.40.3/ext/Devel-Peek'
gmake[1]: Entering directory 'D:/perl-xp/perl-5.40.3/ext/Devel-Peek'
Warning: ..\..\lib\CORE/config.h out of date with ..\../config.sh; D:\perl-xp\perl-5.40.3\miniperl.exe -I..\..\lib -e exit 1 --
Running Mkbootstrap for Peek ()
"D:\perl-xp\perl-5.40.3\miniperl.exe" "-I..\..\lib" -MExtUtils::Command -e chmod -- 644 "Peek.bs"
"D:\perl-xp\perl-5.40.3\miniperl.exe" "-I..\..\lib" -MExtUtils::Command::MM -e cp_nonempty -- Peek.bs ..\..\lib\auto\Devel\Peek\Peek.bs 644
"D:\perl-xp\perl-5.40.3\miniperl.exe" "-I..\..\lib" "D:\perl-xp\perl-5.40.3\dist\ExtUtils-ParseXS\lib\ExtUtils/xsubpp"  -typemap D:\perl-xp\perl-5.40.3\lib\ExtUtils\typemap  Peek.xs > Peek.xsc
"D:\perl-xp\perl-5.40.3\miniperl.exe" "-I..\..\lib" -MExtUtils::Command -e mv -- Peek.xsc Peek.c
gcc -c   -D_WIN32_WINNT=0x0501 -DWINVER=0x0501 -D_WIN32_WINDOWS=0x0501 -march=pentium4 -DWIN32 -DPERL_TEXTMODE_SCRIPTS -DMULTIPLICITY -DPERL_IMPLICIT_SYS -DUSE_PERLIO -D__USE_MINGW_ANSI_STDIO -fwrapv -fno-strict-aliasing -mms-bitfields -Os   -DVERSION=\"1.34\" -DXS_VERSION=\"1.34\"  "-I..\..\lib\CORE"   Peek.c
"D:\perl-xp\perl-5.40.3\miniperl.exe" "-I..\..\lib" -MExtUtils::Mksymlists \
     -e "Mksymlists('NAME'=>\"Devel::Peek\", 'DLBASE' => 'Peek', 'DL_FUNCS' => {  }, 'FUNCLIST' => [], 'IMPORTS' => {  }, 'DL_VARS' => []);"
g++ Peek.def -o ..\..\lib\auto\Devel\Peek\Peek.dll -shared -s -L"c:\perl\lib\CORE" -L"C:\toolchains\w64devkit\lib" -L"C:\toolchains\w64devkit\i686-w64-mingw32\lib" -L"C:\toolchains\w64devkit\lib\gcc\i686-w64-mingw32\16.2.0" Peek.o   "..\..\lib\CORE\libperl540.a" -lmoldname -lkernel32 -luser32 -lgdi32 -lwinspool -lcomdlg32 -ladvapi32 -lshell32 -lole32 -loleaut32 -lnetapi32 -luuid -lws2_32 -lmpr -lwinmm -lversion -lodbc32 -lodbccp32 -lcomctl32 -Wl,--enable-auto-image-base
"D:\perl-xp\perl-5.40.3\miniperl.exe" "-I..\..\lib" -MExtUtils::Command -e chmod -- 755 ..\..\lib\auto\Devel\Peek\Peek.dll
gmake[1]: Leaving directory 'D:/perl-xp/perl-5.40.3/ext/Devel-Peek'
gmake[1]: Entering directory 'D:/perl-xp/perl-5.40.3/cpan/Digest-MD5'
Warning: ..\..\lib\CORE/config.h out of date with ..\../config.sh; D:\perl-xp\perl-5.40.3\miniperl.exe -I..\..\lib -e exit 1 --
Makefile out-of-date with respect to ..\..\lib/Config.pm
Cleaning current config before rebuilding Makefile...
gmake -f Makefile.old clean > NUL
"D:\perl-xp\perl-5.40.3\miniperl.exe" "-I..\..\lib" Makefile.PL "INSTALLDIRS=perl" "INSTALLMAN1DIR=none" "INSTALLMAN3DIR=none" "PERL_CORE=1" "PERL=D:\perl-xp\perl-5.40.3\miniperl.exe"
Generating a gmake-style Makefile
Writing Makefile for Digest::MD5
==> Your Makefile has been rebuilt. <==
==> Please rerun the gmake command.  <==
"D:\perl-xp\perl-5.40.3\miniperl.exe" "-I..\..\lib"  -e "exit 1" --
gmake[1]: *** [Makefile:920: Makefile] Error 1
gmake[1]: Leaving directory 'D:/perl-xp/perl-5.40.3/cpan/Digest-MD5'
gmake[1]: Entering directory 'D:/perl-xp/perl-5.40.3/cpan/Digest-MD5'
Warning: ..\..\lib\CORE/config.h out of date with ..\../config.sh; D:\perl-xp\perl-5.40.3\miniperl.exe -I..\..\lib -e exit 1 --
Running Mkbootstrap for MD5 ()
"D:\perl-xp\perl-5.40.3\miniperl.exe" "-I..\..\lib" -MExtUtils::Command -e chmod -- 644 "MD5.bs"
"D:\perl-xp\perl-5.40.3\miniperl.exe" "-I..\..\lib" -MExtUtils::Command::MM -e cp_nonempty -- MD5.bs ..\..\lib\auto\Digest\MD5\MD5.bs 644
"D:\perl-xp\perl-5.40.3\miniperl.exe" "-I..\..\lib" "D:\perl-xp\perl-5.40.3\dist\ExtUtils-ParseXS\lib\ExtUtils/xsubpp"  -typemap D:\perl-xp\perl-5.40.3\lib\ExtUtils\typemap -typemap D:\perl-xp\perl-5.40.3\cpan\Digest-MD5\typemap  MD5.xs > MD5.xsc
"D:\perl-xp\perl-5.40.3\miniperl.exe" "-I..\..\lib" -MExtUtils::Command -e mv -- MD5.xsc MD5.c
gcc -c   -D_WIN32_WINNT=0x0501 -DWINVER=0x0501 -D_WIN32_WINDOWS=0x0501 -march=pentium4 -DWIN32 -DPERL_TEXTMODE_SCRIPTS -DMULTIPLICITY -DPERL_IMPLICIT_SYS -DUSE_PERLIO -D__USE_MINGW_ANSI_STDIO -fwrapv -fno-strict-aliasing -mms-bitfields -Os   -DVERSION=\"2.58_01\" -DXS_VERSION=\"2.58_01\"  "-I..\..\lib\CORE"   MD5.c
"D:\perl-xp\perl-5.40.3\miniperl.exe" "-I..\..\lib" -MExtUtils::Mksymlists \
     -e "Mksymlists('NAME'=>\"Digest::MD5\", 'DLBASE' => 'MD5', 'DL_FUNCS' => {  }, 'FUNCLIST' => [], 'IMPORTS' => {  }, 'DL_VARS' => []);"
g++ MD5.def -o ..\..\lib\auto\Digest\MD5\MD5.dll -shared -s -L"c:\perl\lib\CORE" -L"C:\toolchains\w64devkit\lib" -L"C:\toolchains\w64devkit\i686-w64-mingw32\lib" -L"C:\toolchains\w64devkit\lib\gcc\i686-w64-mingw32\16.2.0" MD5.o   "..\..\lib\CORE\libperl540.a" -lmoldname -lkernel32 -luser32 -lgdi32 -lwinspool -lcomdlg32 -ladvapi32 -lshell32 -lole32 -loleaut32 -lnetapi32 -luuid -lws2_32 -lmpr -lwinmm -lversion -lodbc32 -lodbccp32 -lcomctl32 -Wl,--enable-auto-image-base
"D:\perl-xp\perl-5.40.3\miniperl.exe" "-I..\..\lib" -MExtUtils::Command -e chmod -- 755 ..\..\lib\auto\Digest\MD5\MD5.dll
gmake[1]: Leaving directory 'D:/perl-xp/perl-5.40.3/cpan/Digest-MD5'
gmake[1]: Entering directory 'D:/perl-xp/perl-5.40.3/cpan/Digest-SHA'
Warning: ..\..\lib\CORE/config.h out of date with ..\../config.sh; D:\perl-xp\perl-5.40.3\miniperl.exe -I..\..\lib -e exit 1 --
Makefile out-of-date with respect to ..\..\lib/Config.pm
Cleaning current config before rebuilding Makefile...
gmake -f Makefile.old clean > NUL
"D:\perl-xp\perl-5.40.3\miniperl.exe" "-I..\..\lib" Makefile.PL "INSTALLDIRS=perl" "INSTALLMAN1DIR=none" "INSTALLMAN3DIR=none" "PERL_CORE=1" "PERL=D:\perl-xp\perl-5.40.3\miniperl.exe"
Generating a gmake-style Makefile
Writing Makefile for Digest::SHA
==> Your Makefile has been rebuilt. <==
==> Please rerun the gmake command.  <==
"D:\perl-xp\perl-5.40.3\miniperl.exe" "-I..\..\lib"  -e "exit 1" --
gmake[1]: *** [Makefile:939: Makefile] Error 1
gmake[1]: Leaving directory 'D:/perl-xp/perl-5.40.3/cpan/Digest-SHA'
gmake[1]: Entering directory 'D:/perl-xp/perl-5.40.3/cpan/Digest-SHA'
Warning: ..\..\lib\CORE/config.h out of date with ..\../config.sh; D:\perl-xp\perl-5.40.3\miniperl.exe -I..\..\lib -e exit 1 --
Running Mkbootstrap for SHA ()
"D:\perl-xp\perl-5.40.3\miniperl.exe" "-I..\..\lib" -MExtUtils::Command -e chmod -- 644 "SHA.bs"
"D:\perl-xp\perl-5.40.3\miniperl.exe" "-I..\..\lib" -MExtUtils::Command::MM -e cp_nonempty -- SHA.bs ..\..\lib\auto\Digest\SHA\SHA.bs 644
"D:\perl-xp\perl-5.40.3\miniperl.exe" "-I..\..\lib" "D:\perl-xp\perl-5.40.3\dist\ExtUtils-ParseXS\lib\ExtUtils/xsubpp"  -typemap D:\perl-xp\perl-5.40.3\lib\ExtUtils\typemap -typemap D:\perl-xp\perl-5.40.3\cpan\Digest-SHA\typemap  SHA.xs > SHA.xsc
"D:\perl-xp\perl-5.40.3\miniperl.exe" "-I..\..\lib" -MExtUtils::Command -e mv -- SHA.xsc SHA.c
gcc -c  -I. -D_WIN32_WINNT=0x0501 -DWINVER=0x0501 -D_WIN32_WINDOWS=0x0501 -march=pentium4 -DWIN32 -DPERL_TEXTMODE_SCRIPTS -DMULTIPLICITY -DPERL_IMPLICIT_SYS -DUSE_PERLIO -D__USE_MINGW_ANSI_STDIO -fwrapv -fno-strict-aliasing -mms-bitfields -Os   -DVERSION=\"6.04\" -DXS_VERSION=\"6.04\"  "-I..\..\lib\CORE"   SHA.c
"D:\perl-xp\perl-5.40.3\miniperl.exe" "-I..\..\lib" -MExtUtils::Mksymlists \
     -e "Mksymlists('NAME'=>\"Digest::SHA\", 'DLBASE' => 'SHA', 'DL_FUNCS' => {  }, 'FUNCLIST' => [], 'IMPORTS' => {  }, 'DL_VARS' => []);"
g++ SHA.def -o ..\..\lib\auto\Digest\SHA\SHA.dll -shared -s -L"c:\perl\lib\CORE" -L"C:\toolchains\w64devkit\lib" -L"C:\toolchains\w64devkit\i686-w64-mingw32\lib" -L"C:\toolchains\w64devkit\lib\gcc\i686-w64-mingw32\16.2.0" SHA.o   "..\..\lib\CORE\libperl540.a" -lmoldname -lkernel32 -luser32 -lgdi32 -lwinspool -lcomdlg32 -ladvapi32 -lshell32 -lole32 -loleaut32 -lnetapi32 -luuid -lws2_32 -lmpr -lwinmm -lversion -lodbc32 -lodbccp32 -lcomctl32 -Wl,--enable-auto-image-base
"D:\perl-xp\perl-5.40.3\miniperl.exe" "-I..\..\lib" -MExtUtils::Command -e chmod -- 755 ..\..\lib\auto\Digest\SHA\SHA.dll
"D:\perl-xp\perl-5.40.3\miniperl.exe" "-I..\..\lib" -MExtUtils::Command -e cp -- shasum blib\script\shasum
"D:\perl-xp\perl-5.40.3\miniperl.exe" "-I..\..\lib" -I..\..\cpan\ExtUtils-PL2Bat\lib ..\..\win32\bin\pl2bat.pl blib\script\shasum
gmake[1]: Leaving directory 'D:/perl-xp/perl-5.40.3/cpan/Digest-SHA'
gmake[1]: Entering directory 'D:/perl-xp/perl-5.40.3/cpan/Encode'
Warning: ..\..\lib\CORE/config.h out of date with ..\../config.sh; D:\perl-xp\perl-5.40.3\miniperl.exe -I..\..\lib -e exit 1 --
Makefile out-of-date with respect to ..\..\lib/Config.pm
Cleaning current config before rebuilding Makefile...
gmake -f Makefile.old clean > NUL
gmake[3]: *** [Makefile:727: Makefile] Error 1
gmake[3]: *** [Makefile:750: Makefile] Error 1
gmake[3]: *** [Makefile:727: Makefile] Error 1
gmake[3]: *** [Makefile:754: Makefile] Error 1
gmake[3]: *** [Makefile:745: Makefile] Error 1
gmake[3]: *** [Makefile:727: Makefile] Error 1
gmake[3]: *** [Makefile:740: Makefile] Error 1
gmake[3]: *** [Makefile:715: Makefile] Error 1
"D:\perl-xp\perl-5.40.3\miniperl.exe" "-I..\..\lib" Makefile.PL "INSTALLDIRS=perl" "INSTALLMAN1DIR=none" "INSTALLMAN3DIR=none" "PERL_CORE=1" "PERL=D:\perl-xp\perl-5.40.3\miniperl.exe"
Generating a gmake-style Makefile
Writing Makefile for Encode
==> Your Makefile has been rebuilt. <==
==> Please rerun the gmake command.  <==
"D:\perl-xp\perl-5.40.3\miniperl.exe" "-I..\..\lib"  -e "exit 1" --
gmake[1]: *** [Makefile:1048: Makefile] Error 1
gmake[1]: Leaving directory 'D:/perl-xp/perl-5.40.3/cpan/Encode'
gmake[1]: Entering directory 'D:/perl-xp/perl-5.40.3/cpan/Encode'
Warning: ..\..\lib\CORE/config.h out of date with ..\../config.sh; D:\perl-xp\perl-5.40.3\miniperl.exe -I..\..\lib -e exit 1 --
gmake[2]: Entering directory 'D:/perl-xp/perl-5.40.3/cpan/Encode/Byte'
Warning: ..\..\..\lib\CORE/config.h out of date with ..\..\../config.sh; D:\perl-xp\perl-5.40.3\miniperl.exe -I..\..\..\lib -e exit 1 --
Running Mkbootstrap for Byte ()
"D:\perl-xp\perl-5.40.3\miniperl.exe" "-I..\..\..\lib" -MExtUtils::Command -e chmod -- 644 "Byte.bs"
"D:\perl-xp\perl-5.40.3\miniperl.exe" "-I..\..\..\lib" -MExtUtils::Command::MM -e cp_nonempty -- Byte.bs ..\..\..\lib\auto\Encode\Byte\Byte.bs 644
"D:\perl-xp\perl-5.40.3\miniperl.exe" "-I..\..\..\lib" ..\bin\enc2xs -"Q" -"O" -o byte_t.c -f byte_t.fnm
Reading iso-8859-2 (iso-8859-2)
Reading iso-8859-3 (iso-8859-3)
Reading iso-8859-4 (iso-8859-4)
Reading iso-8859-5 (iso-8859-5)
Reading iso-8859-6 (iso-8859-6)
Reading iso-8859-7 (iso-8859-7)
Reading iso-8859-8 (iso-8859-8)
Reading iso-8859-9 (iso-8859-9)
Reading iso-8859-10 (iso-8859-10)
Reading iso-8859-11 (iso-8859-11)
Reading iso-8859-13 (iso-8859-13)
Reading iso-8859-14 (iso-8859-14)
Reading iso-8859-15 (iso-8859-15)
Reading iso-8859-16 (iso-8859-16)
Reading AdobeStandardEncoding (AdobeStandardEncoding)
Reading cp1006 (cp1006)
Reading cp1250 (cp1250)
Reading cp1251 (cp1251)
Reading cp1253 (cp1253)
Reading cp1254 (cp1254)
Reading cp1255 (cp1255)
Reading cp1256 (cp1256)
Reading cp1257 (cp1257)
Reading cp1258 (cp1258)
Reading cp424 (cp424)
Reading cp437 (cp437)
Reading cp737 (cp737)
Reading cp775 (cp775)
Reading cp850 (cp850)
Reading cp852 (cp852)
Reading cp855 (cp855)
Reading cp856 (cp856)
Reading cp857 (cp857)
Reading cp858 (cp858)
Reading cp860 (cp860)
Reading cp861 (cp861)
Reading cp862 (cp862)
Reading cp863 (cp863)
Reading cp864 (cp864)
Reading cp865 (cp865)
Reading cp866 (cp866)
Reading cp869 (cp869)
Reading cp874 (cp874)
Reading hp-roman8 (hp-roman8)
Reading koi8-f (koi8-f)
Reading koi8-r (koi8-r)
Reading koi8-u (koi8-u)
Reading MacArabic (MacArabic)
Reading MacCentralEurRoman (MacCentralEurRoman)
Reading MacCroatian (MacCroatian)
Reading MacCyrillic (MacCyrillic)
Reading MacFarsi (MacFarsi)
Reading MacGreek (MacGreek)
Reading MacHebrew (MacHebrew)
Reading MacIcelandic (MacIcelandic)
Reading MacRomanian (MacRomanian)
Reading MacRumanian (MacRumanian)
Reading MacRoman (MacRoman)
Reading MacSami (MacSami)
Reading MacThai (MacThai)
Reading MacTurkish (MacTurkish)
Reading MacUkrainian (MacUkrainian)
Reading nextstep (nextstep)
Reading viscii (viscii)
"D:\perl-xp\perl-5.40.3\miniperl.exe" "-I..\..\..\lib" "D:\perl-xp\perl-5.40.3\dist\ExtUtils-ParseXS\lib\ExtUtils/xsubpp"  -nolinenumbers -typemap D:\perl-xp\perl-5.40.3\lib\ExtUtils\typemap  Byte.xs > Byte.xsc
"D:\perl-xp\perl-5.40.3\miniperl.exe" "-I..\..\..\lib" -MExtUtils::Command -e mv -- Byte.xsc Byte.c
gcc -c -IEncode  -I../Encode -D_WIN32_WINNT=0x0501 -DWINVER=0x0501 -D_WIN32_WINDOWS=0x0501 -march=pentium4 -DWIN32 -DPERL_TEXTMODE_SCRIPTS -DMULTIPLICITY -DPERL_IMPLICIT_SYS -DUSE_PERLIO -D__USE_MINGW_ANSI_STDIO -fwrapv -fno-strict-aliasing -mms-bitfields -Os   -DVERSION=\"2.04\" -DXS_VERSION=\"2.04\"  "-I..\..\..\lib\CORE"   Byte.c
gcc -c -IEncode  -I../Encode -D_WIN32_WINNT=0x0501 -DWINVER=0x0501 -D_WIN32_WINDOWS=0x0501 -march=pentium4 -DWIN32 -DPERL_TEXTMODE_SCRIPTS -DMULTIPLICITY -DPERL_IMPLICIT_SYS -DUSE_PERLIO -D__USE_MINGW_ANSI_STDIO -fwrapv -fno-strict-aliasing -mms-bitfields -Os   -DVERSION=\"2.04\" -DXS_VERSION=\"2.04\"  "-I..\..\..\lib\CORE"   byte_t.c
"D:\perl-xp\perl-5.40.3\miniperl.exe" "-I..\..\..\lib" -MExtUtils::Mksymlists \
     -e "Mksymlists('NAME'=>\"Encode::Byte\", 'DLBASE' => 'Byte', 'DL_FUNCS' => {  }, 'FUNCLIST' => [], 'IMPORTS' => {  }, 'DL_VARS' => []);"
g++ Byte.def -o ..\..\..\lib\auto\Encode\Byte\Byte.dll -shared -s -L"c:\perl\lib\CORE" -L"C:\toolchains\w64devkit\lib" -L"C:\toolchains\w64devkit\i686-w64-mingw32\lib" -L"C:\toolchains\w64devkit\lib\gcc\i686-w64-mingw32\16.2.0" Byte.o byte_t.o   "..\..\..\lib\CORE\libperl540.a" -lmoldname -lkernel32 -luser32 -lgdi32 -lwinspool -lcomdlg32 -ladvapi32 -lshell32 -lole32 -loleaut32 -lnetapi32 -luuid -lws2_32 -lmpr -lwinmm -lversion -lodbc32 -lodbccp32 -lcomctl32 -Wl,--enable-auto-image-base
"D:\perl-xp\perl-5.40.3\miniperl.exe" "-I..\..\..\lib" -MExtUtils::Command -e chmod -- 755 ..\..\..\lib\auto\Encode\Byte\Byte.dll
gmake[2]: Leaving directory 'D:/perl-xp/perl-5.40.3/cpan/Encode/Byte'
gmake[2]: Entering directory 'D:/perl-xp/perl-5.40.3/cpan/Encode/CN'
Warning: ..\..\..\lib\CORE/config.h out of date with ..\..\../config.sh; D:\perl-xp\perl-5.40.3\miniperl.exe -I..\..\..\lib -e exit 1 --
Running Mkbootstrap for CN ()
"D:\perl-xp\perl-5.40.3\miniperl.exe" "-I..\..\..\lib" -MExtUtils::Command -e chmod -- 644 "CN.bs"
"D:\perl-xp\perl-5.40.3\miniperl.exe" "-I..\..\..\lib" -MExtUtils::Command::MM -e cp_nonempty -- CN.bs ..\..\..\lib\auto\Encode\CN\CN.bs 644
"D:\perl-xp\perl-5.40.3\miniperl.exe" "-I..\..\..\lib" ..\bin\enc2xs -"Q" -o cp_00_t.c -f cp_00_t.fnm
Reading cp936 (cp936)
"D:\perl-xp\perl-5.40.3\miniperl.exe" "-I..\..\..\lib" ..\bin\enc2xs -"Q" -o eu_01_t.c -f eu_01_t.fnm
Reading euc-cn (euc-cn)
"D:\perl-xp\perl-5.40.3\miniperl.exe" "-I..\..\..\lib" ..\bin\enc2xs -"Q" -o gb_02_t.c -f gb_02_t.fnm
Reading gb12345-raw (gb12345-raw)
"D:\perl-xp\perl-5.40.3\miniperl.exe" "-I..\..\..\lib" ..\bin\enc2xs -"Q" -o gb_03_t.c -f gb_03_t.fnm
Reading gb2312-raw (gb2312-raw)
"D:\perl-xp\perl-5.40.3\miniperl.exe" "-I..\..\..\lib" ..\bin\enc2xs -"Q" -o ir_04_t.c -f ir_04_t.fnm
Reading iso-ir-165 (iso-ir-165)
"D:\perl-xp\perl-5.40.3\miniperl.exe" "-I..\..\..\lib" ..\bin\enc2xs -"Q" -o ma_05_t.c -f ma_05_t.fnm
Reading MacChineseSimp (MacChineseSimp)
"D:\perl-xp\perl-5.40.3\miniperl.exe" "-I..\..\..\lib" "D:\perl-xp\perl-5.40.3\dist\ExtUtils-ParseXS\lib\ExtUtils/xsubpp" -noprototypes -nolinenumbers -typemap D:\perl-xp\perl-5.40.3\lib\ExtUtils\typemap  CN.xs > CN.xsc
"D:\perl-xp\perl-5.40.3\miniperl.exe" "-I..\..\..\lib" -MExtUtils::Command -e mv -- CN.xsc CN.c
gcc -c -IEncode  -I../Encode -D_WIN32_WINNT=0x0501 -DWINVER=0x0501 -D_WIN32_WINDOWS=0x0501 -march=pentium4 -DWIN32 -DPERL_TEXTMODE_SCRIPTS -DMULTIPLICITY -DPERL_IMPLICIT_SYS -DUSE_PERLIO -D__USE_MINGW_ANSI_STDIO -fwrapv -fno-strict-aliasing -mms-bitfields -Os   -DVERSION=\"2.03\" -DXS_VERSION=\"2.03\"  "-I..\..\..\lib\CORE"   CN.c
gcc -c -IEncode  -I../Encode -D_WIN32_WINNT=0x0501 -DWINVER=0x0501 -D_WIN32_WINDOWS=0x0501 -march=pentium4 -DWIN32 -DPERL_TEXTMODE_SCRIPTS -DMULTIPLICITY -DPERL_IMPLICIT_SYS -DUSE_PERLIO -D__USE_MINGW_ANSI_STDIO -fwrapv -fno-strict-aliasing -mms-bitfields -Os   -DVERSION=\"2.03\" -DXS_VERSION=\"2.03\"  "-I..\..\..\lib\CORE"   cp_00_t.c
gcc -c -IEncode  -I../Encode -D_WIN32_WINNT=0x0501 -DWINVER=0x0501 -D_WIN32_WINDOWS=0x0501 -march=pentium4 -DWIN32 -DPERL_TEXTMODE_SCRIPTS -DMULTIPLICITY -DPERL_IMPLICIT_SYS -DUSE_PERLIO -D__USE_MINGW_ANSI_STDIO -fwrapv -fno-strict-aliasing -mms-bitfields -Os   -DVERSION=\"2.03\" -DXS_VERSION=\"2.03\"  "-I..\..\..\lib\CORE"   eu_01_t.c
gcc -c -IEncode  -I../Encode -D_WIN32_WINNT=0x0501 -DWINVER=0x0501 -D_WIN32_WINDOWS=0x0501 -march=pentium4 -DWIN32 -DPERL_TEXTMODE_SCRIPTS -DMULTIPLICITY -DPERL_IMPLICIT_SYS -DUSE_PERLIO -D__USE_MINGW_ANSI_STDIO -fwrapv -fno-strict-aliasing -mms-bitfields -Os   -DVERSION=\"2.03\" -DXS_VERSION=\"2.03\"  "-I..\..\..\lib\CORE"   gb_02_t.c
gcc -c -IEncode  -I../Encode -D_WIN32_WINNT=0x0501 -DWINVER=0x0501 -D_WIN32_WINDOWS=0x0501 -march=pentium4 -DWIN32 -DPERL_TEXTMODE_SCRIPTS -DMULTIPLICITY -DPERL_IMPLICIT_SYS -DUSE_PERLIO -D__USE_MINGW_ANSI_STDIO -fwrapv -fno-strict-aliasing -mms-bitfields -Os   -DVERSION=\"2.03\" -DXS_VERSION=\"2.03\"  "-I..\..\..\lib\CORE"   gb_03_t.c
gcc -c -IEncode  -I../Encode -D_WIN32_WINNT=0x0501 -DWINVER=0x0501 -D_WIN32_WINDOWS=0x0501 -march=pentium4 -DWIN32 -DPERL_TEXTMODE_SCRIPTS -DMULTIPLICITY -DPERL_IMPLICIT_SYS -DUSE_PERLIO -D__USE_MINGW_ANSI_STDIO -fwrapv -fno-strict-aliasing -mms-bitfields -Os   -DVERSION=\"2.03\" -DXS_VERSION=\"2.03\"  "-I..\..\..\lib\CORE"   ir_04_t.c
gcc -c -IEncode  -I../Encode -D_WIN32_WINNT=0x0501 -DWINVER=0x0501 -D_WIN32_WINDOWS=0x0501 -march=pentium4 -DWIN32 -DPERL_TEXTMODE_SCRIPTS -DMULTIPLICITY -DPERL_IMPLICIT_SYS -DUSE_PERLIO -D__USE_MINGW_ANSI_STDIO -fwrapv -fno-strict-aliasing -mms-bitfields -Os   -DVERSION=\"2.03\" -DXS_VERSION=\"2.03\"  "-I..\..\..\lib\CORE"   ma_05_t.c
"D:\perl-xp\perl-5.40.3\miniperl.exe" "-I..\..\..\lib" -MExtUtils::Mksymlists \
     -e "Mksymlists('NAME'=>\"Encode::CN\", 'DLBASE' => 'CN', 'DL_FUNCS' => {  }, 'FUNCLIST' => [], 'IMPORTS' => {  }, 'DL_VARS' => []);"
g++ CN.def -o ..\..\..\lib\auto\Encode\CN\CN.dll -shared -s -L"c:\perl\lib\CORE" -L"C:\toolchains\w64devkit\lib" -L"C:\toolchains\w64devkit\i686-w64-mingw32\lib" -L"C:\toolchains\w64devkit\lib\gcc\i686-w64-mingw32\16.2.0" CN.o cp_00_t.o eu_01_t.o gb_02_t.o gb_03_t.o ir_04_t.o ma_05_t.o   "..\..\..\lib\CORE\libperl540.a" -lmoldname -lkernel32 -luser32 -lgdi32 -lwinspool -lcomdlg32 -ladvapi32 -lshell32 -lole32 -loleaut32 -lnetapi32 -luuid -lws2_32 -lmpr -lwinmm -lversion -lodbc32 -lodbccp32 -lcomctl32 -Wl,--enable-auto-image-base
"D:\perl-xp\perl-5.40.3\miniperl.exe" "-I..\..\..\lib" -MExtUtils::Command -e chmod -- 755 ..\..\..\lib\auto\Encode\CN\CN.dll
gmake[2]: Leaving directory 'D:/perl-xp/perl-5.40.3/cpan/Encode/CN'
gmake[2]: Entering directory 'D:/perl-xp/perl-5.40.3/cpan/Encode/EBCDIC'
Warning: ..\..\..\lib\CORE/config.h out of date with ..\..\../config.sh; D:\perl-xp\perl-5.40.3\miniperl.exe -I..\..\..\lib -e exit 1 --
Running Mkbootstrap for EBCDIC ()
"D:\perl-xp\perl-5.40.3\miniperl.exe" "-I..\..\..\lib" -MExtUtils::Command -e chmod -- 644 "EBCDIC.bs"
"D:\perl-xp\perl-5.40.3\miniperl.exe" "-I..\..\..\lib" -MExtUtils::Command::MM -e cp_nonempty -- EBCDIC.bs ..\..\..\lib\auto\Encode\EBCDIC\EBCDIC.bs 644
"D:\perl-xp\perl-5.40.3\miniperl.exe" "-I..\..\..\lib" ..\bin\enc2xs -"Q" -"O" -o ebcdic_t.c -f ebcdic_t.fnm
Reading cp37 (cp37)
Reading cp1026 (cp1026)
Reading cp1047 (cp1047)
Reading cp500 (cp500)
Reading cp875 (cp875)
Reading posix-bc (posix-bc)
"D:\perl-xp\perl-5.40.3\miniperl.exe" "-I..\..\..\lib" "D:\perl-xp\perl-5.40.3\dist\ExtUtils-ParseXS\lib\ExtUtils/xsubpp"  -nolinenumbers -typemap D:\perl-xp\perl-5.40.3\lib\ExtUtils\typemap  EBCDIC.xs > EBCDIC.xsc
"D:\perl-xp\perl-5.40.3\miniperl.exe" "-I..\..\..\lib" -MExtUtils::Command -e mv -- EBCDIC.xsc EBCDIC.c
gcc -c -IEncode  -I../Encode -D_WIN32_WINNT=0x0501 -DWINVER=0x0501 -D_WIN32_WINDOWS=0x0501 -march=pentium4 -DWIN32 -DPERL_TEXTMODE_SCRIPTS -DMULTIPLICITY -DPERL_IMPLICIT_SYS -DUSE_PERLIO -D__USE_MINGW_ANSI_STDIO -fwrapv -fno-strict-aliasing -mms-bitfields -Os   -DVERSION=\"2.02\" -DXS_VERSION=\"2.02\"  "-I..\..\..\lib\CORE"   EBCDIC.c
gcc -c -IEncode  -I../Encode -D_WIN32_WINNT=0x0501 -DWINVER=0x0501 -D_WIN32_WINDOWS=0x0501 -march=pentium4 -DWIN32 -DPERL_TEXTMODE_SCRIPTS -DMULTIPLICITY -DPERL_IMPLICIT_SYS -DUSE_PERLIO -D__USE_MINGW_ANSI_STDIO -fwrapv -fno-strict-aliasing -mms-bitfields -Os   -DVERSION=\"2.02\" -DXS_VERSION=\"2.02\"  "-I..\..\..\lib\CORE"   ebcdic_t.c
"D:\perl-xp\perl-5.40.3\miniperl.exe" "-I..\..\..\lib" -MExtUtils::Mksymlists \
     -e "Mksymlists('NAME'=>\"Encode::EBCDIC\", 'DLBASE' => 'EBCDIC', 'DL_FUNCS' => {  }, 'FUNCLIST' => [], 'IMPORTS' => {  }, 'DL_VARS' => []);"
g++ EBCDIC.def -o ..\..\..\lib\auto\Encode\EBCDIC\EBCDIC.dll -shared -s -L"c:\perl\lib\CORE" -L"C:\toolchains\w64devkit\lib" -L"C:\toolchains\w64devkit\i686-w64-mingw32\lib" -L"C:\toolchains\w64devkit\lib\gcc\i686-w64-mingw32\16.2.0" EBCDIC.o ebcdic_t.o   "..\..\..\lib\CORE\libperl540.a" -lmoldname -lkernel32 -luser32 -lgdi32 -lwinspool -lcomdlg32 -ladvapi32 -lshell32 -lole32 -loleaut32 -lnetapi32 -luuid -lws2_32 -lmpr -lwinmm -lversion -lodbc32 -lodbccp32 -lcomctl32 -Wl,--enable-auto-image-base
"D:\perl-xp\perl-5.40.3\miniperl.exe" "-I..\..\..\lib" -MExtUtils::Command -e chmod -- 755 ..\..\..\lib\auto\Encode\EBCDIC\EBCDIC.dll
gmake[2]: Leaving directory 'D:/perl-xp/perl-5.40.3/cpan/Encode/EBCDIC'
gmake[2]: Entering directory 'D:/perl-xp/perl-5.40.3/cpan/Encode/JP'
Warning: ..\..\..\lib\CORE/config.h out of date with ..\..\../config.sh; D:\perl-xp\perl-5.40.3\miniperl.exe -I..\..\..\lib -e exit 1 --
Running Mkbootstrap for JP ()
"D:\perl-xp\perl-5.40.3\miniperl.exe" "-I..\..\..\lib" -MExtUtils::Command -e chmod -- 644 "JP.bs"
"D:\perl-xp\perl-5.40.3\miniperl.exe" "-I..\..\..\lib" -MExtUtils::Command::MM -e cp_nonempty -- JP.bs ..\..\..\lib\auto\Encode\JP\JP.bs 644
"D:\perl-xp\perl-5.40.3\miniperl.exe" "-I..\..\..\lib" ..\bin\enc2xs -"Q" -o cp_00_t.c -f cp_00_t.fnm
Reading cp932 (cp932)
"D:\perl-xp\perl-5.40.3\miniperl.exe" "-I..\..\..\lib" ..\bin\enc2xs -"Q" -o eu_01_t.c -f eu_01_t.fnm
Reading euc-jp (euc-jp)
"D:\perl-xp\perl-5.40.3\miniperl.exe" "-I..\..\..\lib" ..\bin\enc2xs -"Q" -o ji_02_t.c -f ji_02_t.fnm
Reading jis0201-raw (jis0201-raw)
"D:\perl-xp\perl-5.40.3\miniperl.exe" "-I..\..\..\lib" ..\bin\enc2xs -"Q" -o ji_03_t.c -f ji_03_t.fnm
Reading jis0208-raw (jis0208-raw)
"D:\perl-xp\perl-5.40.3\miniperl.exe" "-I..\..\..\lib" ..\bin\enc2xs -"Q" -o ji_04_t.c -f ji_04_t.fnm
Reading jis0212-raw (jis0212-raw)
"D:\perl-xp\perl-5.40.3\miniperl.exe" "-I..\..\..\lib" ..\bin\enc2xs -"Q" -o ma_05_t.c -f ma_05_t.fnm
Reading MacJapanese (MacJapanese)
"D:\perl-xp\perl-5.40.3\miniperl.exe" "-I..\..\..\lib" ..\bin\enc2xs -"Q" -o sh_06_t.c -f sh_06_t.fnm
Reading shiftjis (shiftjis)
"D:\perl-xp\perl-5.40.3\miniperl.exe" "-I..\..\..\lib" "D:\perl-xp\perl-5.40.3\dist\ExtUtils-ParseXS\lib\ExtUtils/xsubpp"  -nolinenumbers -typemap D:\perl-xp\perl-5.40.3\lib\ExtUtils\typemap  JP.xs > JP.xsc
"D:\perl-xp\perl-5.40.3\miniperl.exe" "-I..\..\..\lib" -MExtUtils::Command -e mv -- JP.xsc JP.c
gcc -c -IEncode  -I../Encode -D_WIN32_WINNT=0x0501 -DWINVER=0x0501 -D_WIN32_WINDOWS=0x0501 -march=pentium4 -DWIN32 -DPERL_TEXTMODE_SCRIPTS -DMULTIPLICITY -DPERL_IMPLICIT_SYS -DUSE_PERLIO -D__USE_MINGW_ANSI_STDIO -fwrapv -fno-strict-aliasing -mms-bitfields -Os   -DVERSION=\"2.05\" -DXS_VERSION=\"2.05\"  "-I..\..\..\lib\CORE"   JP.c
gcc -c -IEncode  -I../Encode -D_WIN32_WINNT=0x0501 -DWINVER=0x0501 -D_WIN32_WINDOWS=0x0501 -march=pentium4 -DWIN32 -DPERL_TEXTMODE_SCRIPTS -DMULTIPLICITY -DPERL_IMPLICIT_SYS -DUSE_PERLIO -D__USE_MINGW_ANSI_STDIO -fwrapv -fno-strict-aliasing -mms-bitfields -Os   -DVERSION=\"2.05\" -DXS_VERSION=\"2.05\"  "-I..\..\..\lib\CORE"   cp_00_t.c
gcc -c -IEncode  -I../Encode -D_WIN32_WINNT=0x0501 -DWINVER=0x0501 -D_WIN32_WINDOWS=0x0501 -march=pentium4 -DWIN32 -DPERL_TEXTMODE_SCRIPTS -DMULTIPLICITY -DPERL_IMPLICIT_SYS -DUSE_PERLIO -D__USE_MINGW_ANSI_STDIO -fwrapv -fno-strict-aliasing -mms-bitfields -Os   -DVERSION=\"2.05\" -DXS_VERSION=\"2.05\"  "-I..\..\..\lib\CORE"   eu_01_t.c
gcc -c -IEncode  -I../Encode -D_WIN32_WINNT=0x0501 -DWINVER=0x0501 -D_WIN32_WINDOWS=0x0501 -march=pentium4 -DWIN32 -DPERL_TEXTMODE_SCRIPTS -DMULTIPLICITY -DPERL_IMPLICIT_SYS -DUSE_PERLIO -D__USE_MINGW_ANSI_STDIO -fwrapv -fno-strict-aliasing -mms-bitfields -Os   -DVERSION=\"2.05\" -DXS_VERSION=\"2.05\"  "-I..\..\..\lib\CORE"   ji_02_t.c
gcc -c -IEncode  -I../Encode -D_WIN32_WINNT=0x0501 -DWINVER=0x0501 -D_WIN32_WINDOWS=0x0501 -march=pentium4 -DWIN32 -DPERL_TEXTMODE_SCRIPTS -DMULTIPLICITY -DPERL_IMPLICIT_SYS -DUSE_PERLIO -D__USE_MINGW_ANSI_STDIO -fwrapv -fno-strict-aliasing -mms-bitfields -Os   -DVERSION=\"2.05\" -DXS_VERSION=\"2.05\"  "-I..\..\..\lib\CORE"   ji_03_t.c
gcc -c -IEncode  -I../Encode -D_WIN32_WINNT=0x0501 -DWINVER=0x0501 -D_WIN32_WINDOWS=0x0501 -march=pentium4 -DWIN32 -DPERL_TEXTMODE_SCRIPTS -DMULTIPLICITY -DPERL_IMPLICIT_SYS -DUSE_PERLIO -D__USE_MINGW_ANSI_STDIO -fwrapv -fno-strict-aliasing -mms-bitfields -Os   -DVERSION=\"2.05\" -DXS_VERSION=\"2.05\"  "-I..\..\..\lib\CORE"   ji_04_t.c
gcc -c -IEncode  -I../Encode -D_WIN32_WINNT=0x0501 -DWINVER=0x0501 -D_WIN32_WINDOWS=0x0501 -march=pentium4 -DWIN32 -DPERL_TEXTMODE_SCRIPTS -DMULTIPLICITY -DPERL_IMPLICIT_SYS -DUSE_PERLIO -D__USE_MINGW_ANSI_STDIO -fwrapv -fno-strict-aliasing -mms-bitfields -Os   -DVERSION=\"2.05\" -DXS_VERSION=\"2.05\"  "-I..\..\..\lib\CORE"   ma_05_t.c
gcc -c -IEncode  -I../Encode -D_WIN32_WINNT=0x0501 -DWINVER=0x0501 -D_WIN32_WINDOWS=0x0501 -march=pentium4 -DWIN32 -DPERL_TEXTMODE_SCRIPTS -DMULTIPLICITY -DPERL_IMPLICIT_SYS -DUSE_PERLIO -D__USE_MINGW_ANSI_STDIO -fwrapv -fno-strict-aliasing -mms-bitfields -Os   -DVERSION=\"2.05\" -DXS_VERSION=\"2.05\"  "-I..\..\..\lib\CORE"   sh_06_t.c
"D:\perl-xp\perl-5.40.3\miniperl.exe" "-I..\..\..\lib" -MExtUtils::Mksymlists \
     -e "Mksymlists('NAME'=>\"Encode::JP\", 'DLBASE' => 'JP', 'DL_FUNCS' => {  }, 'FUNCLIST' => [], 'IMPORTS' => {  }, 'DL_VARS' => []);"
g++ JP.def -o ..\..\..\lib\auto\Encode\JP\JP.dll -shared -s -L"c:\perl\lib\CORE" -L"C:\toolchains\w64devkit\lib" -L"C:\toolchains\w64devkit\i686-w64-mingw32\lib" -L"C:\toolchains\w64devkit\lib\gcc\i686-w64-mingw32\16.2.0" JP.o cp_00_t.o eu_01_t.o ji_02_t.o ji_03_t.o ji_04_t.o ma_05_t.o sh_06_t.o   "..\..\..\lib\CORE\libperl540.a" -lmoldname -lkernel32 -luser32 -lgdi32 -lwinspool -lcomdlg32 -ladvapi32 -lshell32 -lole32 -loleaut32 -lnetapi32 -luuid -lws2_32 -lmpr -lwinmm -lversion -lodbc32 -lodbccp32 -lcomctl32 -Wl,--enable-auto-image-base
"D:\perl-xp\perl-5.40.3\miniperl.exe" "-I..\..\..\lib" -MExtUtils::Command -e chmod -- 755 ..\..\..\lib\auto\Encode\JP\JP.dll
gmake[2]: Leaving directory 'D:/perl-xp/perl-5.40.3/cpan/Encode/JP'
gmake[2]: Entering directory 'D:/perl-xp/perl-5.40.3/cpan/Encode/KR'
Warning: ..\..\..\lib\CORE/config.h out of date with ..\..\../config.sh; D:\perl-xp\perl-5.40.3\miniperl.exe -I..\..\..\lib -e exit 1 --
Running Mkbootstrap for KR ()
"D:\perl-xp\perl-5.40.3\miniperl.exe" "-I..\..\..\lib" -MExtUtils::Command -e chmod -- 644 "KR.bs"
"D:\perl-xp\perl-5.40.3\miniperl.exe" "-I..\..\..\lib" -MExtUtils::Command::MM -e cp_nonempty -- KR.bs ..\..\..\lib\auto\Encode\KR\KR.bs 644
"D:\perl-xp\perl-5.40.3\miniperl.exe" "-I..\..\..\lib" ..\bin\enc2xs -"Q" -o cp_00_t.c -f cp_00_t.fnm
Reading cp949 (cp949)
"D:\perl-xp\perl-5.40.3\miniperl.exe" "-I..\..\..\lib" ..\bin\enc2xs -"Q" -o eu_01_t.c -f eu_01_t.fnm
Reading euc-kr (euc-kr)
"D:\perl-xp\perl-5.40.3\miniperl.exe" "-I..\..\..\lib" ..\bin\enc2xs -"Q" -o jo_02_t.c -f jo_02_t.fnm
Reading johab (johab)
"D:\perl-xp\perl-5.40.3\miniperl.exe" "-I..\..\..\lib" ..\bin\enc2xs -"Q" -o ks_03_t.c -f ks_03_t.fnm
Reading ksc5601-raw (ksc5601-raw)
"D:\perl-xp\perl-5.40.3\miniperl.exe" "-I..\..\..\lib" ..\bin\enc2xs -"Q" -o ma_04_t.c -f ma_04_t.fnm
Reading MacKorean (MacKorean)
"D:\perl-xp\perl-5.40.3\miniperl.exe" "-I..\..\..\lib" "D:\perl-xp\perl-5.40.3\dist\ExtUtils-ParseXS\lib\ExtUtils/xsubpp"  -nolinenumbers -typemap D:\perl-xp\perl-5.40.3\lib\ExtUtils\typemap  KR.xs > KR.xsc
"D:\perl-xp\perl-5.40.3\miniperl.exe" "-I..\..\..\lib" -MExtUtils::Command -e mv -- KR.xsc KR.c
gcc -c -IEncode  -I../Encode -D_WIN32_WINNT=0x0501 -DWINVER=0x0501 -D_WIN32_WINDOWS=0x0501 -march=pentium4 -DWIN32 -DPERL_TEXTMODE_SCRIPTS -DMULTIPLICITY -DPERL_IMPLICIT_SYS -DUSE_PERLIO -D__USE_MINGW_ANSI_STDIO -fwrapv -fno-strict-aliasing -mms-bitfields -Os   -DVERSION=\"2.03\" -DXS_VERSION=\"2.03\"  "-I..\..\..\lib\CORE"   KR.c
gcc -c -IEncode  -I../Encode -D_WIN32_WINNT=0x0501 -DWINVER=0x0501 -D_WIN32_WINDOWS=0x0501 -march=pentium4 -DWIN32 -DPERL_TEXTMODE_SCRIPTS -DMULTIPLICITY -DPERL_IMPLICIT_SYS -DUSE_PERLIO -D__USE_MINGW_ANSI_STDIO -fwrapv -fno-strict-aliasing -mms-bitfields -Os   -DVERSION=\"2.03\" -DXS_VERSION=\"2.03\"  "-I..\..\..\lib\CORE"   cp_00_t.c
gcc -c -IEncode  -I../Encode -D_WIN32_WINNT=0x0501 -DWINVER=0x0501 -D_WIN32_WINDOWS=0x0501 -march=pentium4 -DWIN32 -DPERL_TEXTMODE_SCRIPTS -DMULTIPLICITY -DPERL_IMPLICIT_SYS -DUSE_PERLIO -D__USE_MINGW_ANSI_STDIO -fwrapv -fno-strict-aliasing -mms-bitfields -Os   -DVERSION=\"2.03\" -DXS_VERSION=\"2.03\"  "-I..\..\..\lib\CORE"   eu_01_t.c
gcc -c -IEncode  -I../Encode -D_WIN32_WINNT=0x0501 -DWINVER=0x0501 -D_WIN32_WINDOWS=0x0501 -march=pentium4 -DWIN32 -DPERL_TEXTMODE_SCRIPTS -DMULTIPLICITY -DPERL_IMPLICIT_SYS -DUSE_PERLIO -D__USE_MINGW_ANSI_STDIO -fwrapv -fno-strict-aliasing -mms-bitfields -Os   -DVERSION=\"2.03\" -DXS_VERSION=\"2.03\"  "-I..\..\..\lib\CORE"   jo_02_t.c
gcc -c -IEncode  -I../Encode -D_WIN32_WINNT=0x0501 -DWINVER=0x0501 -D_WIN32_WINDOWS=0x0501 -march=pentium4 -DWIN32 -DPERL_TEXTMODE_SCRIPTS -DMULTIPLICITY -DPERL_IMPLICIT_SYS -DUSE_PERLIO -D__USE_MINGW_ANSI_STDIO -fwrapv -fno-strict-aliasing -mms-bitfields -Os   -DVERSION=\"2.03\" -DXS_VERSION=\"2.03\"  "-I..\..\..\lib\CORE"   ks_03_t.c
gcc -c -IEncode  -I../Encode -D_WIN32_WINNT=0x0501 -DWINVER=0x0501 -D_WIN32_WINDOWS=0x0501 -march=pentium4 -DWIN32 -DPERL_TEXTMODE_SCRIPTS -DMULTIPLICITY -DPERL_IMPLICIT_SYS -DUSE_PERLIO -D__USE_MINGW_ANSI_STDIO -fwrapv -fno-strict-aliasing -mms-bitfields -Os   -DVERSION=\"2.03\" -DXS_VERSION=\"2.03\"  "-I..\..\..\lib\CORE"   ma_04_t.c
"D:\perl-xp\perl-5.40.3\miniperl.exe" "-I..\..\..\lib" -MExtUtils::Mksymlists \
     -e "Mksymlists('NAME'=>\"Encode::KR\", 'DLBASE' => 'KR', 'DL_FUNCS' => {  }, 'FUNCLIST' => [], 'IMPORTS' => {  }, 'DL_VARS' => []);"
g++ KR.def -o ..\..\..\lib\auto\Encode\KR\KR.dll -shared -s -L"c:\perl\lib\CORE" -L"C:\toolchains\w64devkit\lib" -L"C:\toolchains\w64devkit\i686-w64-mingw32\lib" -L"C:\toolchains\w64devkit\lib\gcc\i686-w64-mingw32\16.2.0" KR.o cp_00_t.o eu_01_t.o jo_02_t.o ks_03_t.o ma_04_t.o   "..\..\..\lib\CORE\libperl540.a" -lmoldname -lkernel32 -luser32 -lgdi32 -lwinspool -lcomdlg32 -ladvapi32 -lshell32 -lole32 -loleaut32 -lnetapi32 -luuid -lws2_32 -lmpr -lwinmm -lversion -lodbc32 -lodbccp32 -lcomctl32 -Wl,--enable-auto-image-base
"D:\perl-xp\perl-5.40.3\miniperl.exe" "-I..\..\..\lib" -MExtUtils::Command -e chmod -- 755 ..\..\..\lib\auto\Encode\KR\KR.dll
gmake[2]: Leaving directory 'D:/perl-xp/perl-5.40.3/cpan/Encode/KR'
gmake[2]: Entering directory 'D:/perl-xp/perl-5.40.3/cpan/Encode/Symbol'
Warning: ..\..\..\lib\CORE/config.h out of date with ..\..\../config.sh; D:\perl-xp\perl-5.40.3\miniperl.exe -I..\..\..\lib -e exit 1 --
Running Mkbootstrap for Symbol ()
"D:\perl-xp\perl-5.40.3\miniperl.exe" "-I..\..\..\lib" -MExtUtils::Command -e chmod -- 644 "Symbol.bs"
"D:\perl-xp\perl-5.40.3\miniperl.exe" "-I..\..\..\lib" -MExtUtils::Command::MM -e cp_nonempty -- Symbol.bs ..\..\..\lib\auto\Encode\Symbol\Symbol.bs 644
"D:\perl-xp\perl-5.40.3\miniperl.exe" "-I..\..\..\lib" ..\bin\enc2xs -"Q" -"O" -o symbol_t.c -f symbol_t.fnm
Reading AdobeSymbol (AdobeSymbol)
Reading AdobeZdingbat (AdobeZdingbat)
Reading dingbats (dingbats)
Reading MacDingbats (MacDingbats)
Reading MacSymbol (MacSymbol)
Reading symbol (symbol)
"D:\perl-xp\perl-5.40.3\miniperl.exe" "-I..\..\..\lib" "D:\perl-xp\perl-5.40.3\dist\ExtUtils-ParseXS\lib\ExtUtils/xsubpp"  -nolinenumbers -typemap D:\perl-xp\perl-5.40.3\lib\ExtUtils\typemap  Symbol.xs > Symbol.xsc
"D:\perl-xp\perl-5.40.3\miniperl.exe" "-I..\..\..\lib" -MExtUtils::Command -e mv -- Symbol.xsc Symbol.c
gcc -c -IEncode  -I../Encode -D_WIN32_WINNT=0x0501 -DWINVER=0x0501 -D_WIN32_WINDOWS=0x0501 -march=pentium4 -DWIN32 -DPERL_TEXTMODE_SCRIPTS -DMULTIPLICITY -DPERL_IMPLICIT_SYS -DUSE_PERLIO -D__USE_MINGW_ANSI_STDIO -fwrapv -fno-strict-aliasing -mms-bitfields -Os   -DVERSION=\"2.02\" -DXS_VERSION=\"2.02\"  "-I..\..\..\lib\CORE"   Symbol.c
gcc -c -IEncode  -I../Encode -D_WIN32_WINNT=0x0501 -DWINVER=0x0501 -D_WIN32_WINDOWS=0x0501 -march=pentium4 -DWIN32 -DPERL_TEXTMODE_SCRIPTS -DMULTIPLICITY -DPERL_IMPLICIT_SYS -DUSE_PERLIO -D__USE_MINGW_ANSI_STDIO -fwrapv -fno-strict-aliasing -mms-bitfields -Os   -DVERSION=\"2.02\" -DXS_VERSION=\"2.02\"  "-I..\..\..\lib\CORE"   symbol_t.c
"D:\perl-xp\perl-5.40.3\miniperl.exe" "-I..\..\..\lib" -MExtUtils::Mksymlists \
     -e "Mksymlists('NAME'=>\"Encode::Symbol\", 'DLBASE' => 'Symbol', 'DL_FUNCS' => {  }, 'FUNCLIST' => [], 'IMPORTS' => {  }, 'DL_VARS' => []);"
g++ Symbol.def -o ..\..\..\lib\auto\Encode\Symbol\Symbol.dll -shared -s -L"c:\perl\lib\CORE" -L"C:\toolchains\w64devkit\lib" -L"C:\toolchains\w64devkit\i686-w64-mingw32\lib" -L"C:\toolchains\w64devkit\lib\gcc\i686-w64-mingw32\16.2.0" Symbol.o symbol_t.o   "..\..\..\lib\CORE\libperl540.a" -lmoldname -lkernel32 -luser32 -lgdi32 -lwinspool -lcomdlg32 -ladvapi32 -lshell32 -lole32 -loleaut32 -lnetapi32 -luuid -lws2_32 -lmpr -lwinmm -lversion -lodbc32 -lodbccp32 -lcomctl32 -Wl,--enable-auto-image-base
"D:\perl-xp\perl-5.40.3\miniperl.exe" "-I..\..\..\lib" -MExtUtils::Command -e chmod -- 755 ..\..\..\lib\auto\Encode\Symbol\Symbol.dll
gmake[2]: Leaving directory 'D:/perl-xp/perl-5.40.3/cpan/Encode/Symbol'
gmake[2]: Entering directory 'D:/perl-xp/perl-5.40.3/cpan/Encode/TW'
Warning: ..\..\..\lib\CORE/config.h out of date with ..\..\../config.sh; D:\perl-xp\perl-5.40.3\miniperl.exe -I..\..\..\lib -e exit 1 --
Running Mkbootstrap for TW ()
"D:\perl-xp\perl-5.40.3\miniperl.exe" "-I..\..\..\lib" -MExtUtils::Command -e chmod -- 644 "TW.bs"
"D:\perl-xp\perl-5.40.3\miniperl.exe" "-I..\..\..\lib" -MExtUtils::Command::MM -e cp_nonempty -- TW.bs ..\..\..\lib\auto\Encode\TW\TW.bs 644
"D:\perl-xp\perl-5.40.3\miniperl.exe" "-I..\..\..\lib" ..\bin\enc2xs -"Q" -o bi_00_t.c -f bi_00_t.fnm
Reading big5-eten (big5-eten)
"D:\perl-xp\perl-5.40.3\miniperl.exe" "-I..\..\..\lib" ..\bin\enc2xs -"Q" -o bi_01_t.c -f bi_01_t.fnm
Reading big5-hkscs (big5-hkscs)
"D:\perl-xp\perl-5.40.3\miniperl.exe" "-I..\..\..\lib" ..\bin\enc2xs -"Q" -o cp_02_t.c -f cp_02_t.fnm
Reading cp950 (cp950)
"D:\perl-xp\perl-5.40.3\miniperl.exe" "-I..\..\..\lib" ..\bin\enc2xs -"Q" -o ma_03_t.c -f ma_03_t.fnm
Reading MacChineseTrad (MacChineseTrad)
"D:\perl-xp\perl-5.40.3\miniperl.exe" "-I..\..\..\lib" "D:\perl-xp\perl-5.40.3\dist\ExtUtils-ParseXS\lib\ExtUtils/xsubpp"  -nolinenumbers -typemap D:\perl-xp\perl-5.40.3\lib\ExtUtils\typemap  TW.xs > TW.xsc
"D:\perl-xp\perl-5.40.3\miniperl.exe" "-I..\..\..\lib" -MExtUtils::Command -e mv -- TW.xsc TW.c
gcc -c -IEncode  -I../Encode -D_WIN32_WINNT=0x0501 -DWINVER=0x0501 -D_WIN32_WINDOWS=0x0501 -march=pentium4 -DWIN32 -DPERL_TEXTMODE_SCRIPTS -DMULTIPLICITY -DPERL_IMPLICIT_SYS -DUSE_PERLIO -D__USE_MINGW_ANSI_STDIO -fwrapv -fno-strict-aliasing -mms-bitfields -Os   -DVERSION=\"2.03\" -DXS_VERSION=\"2.03\"  "-I..\..\..\lib\CORE"   TW.c
gcc -c -IEncode  -I../Encode -D_WIN32_WINNT=0x0501 -DWINVER=0x0501 -D_WIN32_WINDOWS=0x0501 -march=pentium4 -DWIN32 -DPERL_TEXTMODE_SCRIPTS -DMULTIPLICITY -DPERL_IMPLICIT_SYS -DUSE_PERLIO -D__USE_MINGW_ANSI_STDIO -fwrapv -fno-strict-aliasing -mms-bitfields -Os   -DVERSION=\"2.03\" -DXS_VERSION=\"2.03\"  "-I..\..\..\lib\CORE"   bi_00_t.c
gcc -c -IEncode  -I../Encode -D_WIN32_WINNT=0x0501 -DWINVER=0x0501 -D_WIN32_WINDOWS=0x0501 -march=pentium4 -DWIN32 -DPERL_TEXTMODE_SCRIPTS -DMULTIPLICITY -DPERL_IMPLICIT_SYS -DUSE_PERLIO -D__USE_MINGW_ANSI_STDIO -fwrapv -fno-strict-aliasing -mms-bitfields -Os   -DVERSION=\"2.03\" -DXS_VERSION=\"2.03\"  "-I..\..\..\lib\CORE"   bi_01_t.c
gcc -c -IEncode  -I../Encode -D_WIN32_WINNT=0x0501 -DWINVER=0x0501 -D_WIN32_WINDOWS=0x0501 -march=pentium4 -DWIN32 -DPERL_TEXTMODE_SCRIPTS -DMULTIPLICITY -DPERL_IMPLICIT_SYS -DUSE_PERLIO -D__USE_MINGW_ANSI_STDIO -fwrapv -fno-strict-aliasing -mms-bitfields -Os   -DVERSION=\"2.03\" -DXS_VERSION=\"2.03\"  "-I..\..\..\lib\CORE"   cp_02_t.c
gcc -c -IEncode  -I../Encode -D_WIN32_WINNT=0x0501 -DWINVER=0x0501 -D_WIN32_WINDOWS=0x0501 -march=pentium4 -DWIN32 -DPERL_TEXTMODE_SCRIPTS -DMULTIPLICITY -DPERL_IMPLICIT_SYS -DUSE_PERLIO -D__USE_MINGW_ANSI_STDIO -fwrapv -fno-strict-aliasing -mms-bitfields -Os   -DVERSION=\"2.03\" -DXS_VERSION=\"2.03\"  "-I..\..\..\lib\CORE"   ma_03_t.c
"D:\perl-xp\perl-5.40.3\miniperl.exe" "-I..\..\..\lib" -MExtUtils::Mksymlists \
     -e "Mksymlists('NAME'=>\"Encode::TW\", 'DLBASE' => 'TW', 'DL_FUNCS' => {  }, 'FUNCLIST' => [], 'IMPORTS' => {  }, 'DL_VARS' => []);"
g++ TW.def -o ..\..\..\lib\auto\Encode\TW\TW.dll -shared -s -L"c:\perl\lib\CORE" -L"C:\toolchains\w64devkit\lib" -L"C:\toolchains\w64devkit\i686-w64-mingw32\lib" -L"C:\toolchains\w64devkit\lib\gcc\i686-w64-mingw32\16.2.0" TW.o bi_00_t.o bi_01_t.o cp_02_t.o ma_03_t.o   "..\..\..\lib\CORE\libperl540.a" -lmoldname -lkernel32 -luser32 -lgdi32 -lwinspool -lcomdlg32 -ladvapi32 -lshell32 -lole32 -loleaut32 -lnetapi32 -luuid -lws2_32 -lmpr -lwinmm -lversion -lodbc32 -lodbccp32 -lcomctl32 -Wl,--enable-auto-image-base
"D:\perl-xp\perl-5.40.3\miniperl.exe" "-I..\..\..\lib" -MExtUtils::Command -e chmod -- 755 ..\..\..\lib\auto\Encode\TW\TW.dll
gmake[2]: Leaving directory 'D:/perl-xp/perl-5.40.3/cpan/Encode/TW'
gmake[2]: Entering directory 'D:/perl-xp/perl-5.40.3/cpan/Encode/Unicode'
Warning: ..\..\..\lib\CORE/config.h out of date with ..\..\../config.sh; D:\perl-xp\perl-5.40.3\miniperl.exe -I..\..\..\lib -e exit 1 --
Running Mkbootstrap for Unicode ()
"D:\perl-xp\perl-5.40.3\miniperl.exe" "-I..\..\..\lib" -MExtUtils::Command -e chmod -- 644 "Unicode.bs"
"D:\perl-xp\perl-5.40.3\miniperl.exe" "-I..\..\..\lib" -MExtUtils::Command::MM -e cp_nonempty -- Unicode.bs ..\..\..\lib\auto\Encode\Unicode\Unicode.bs 644
"D:\perl-xp\perl-5.40.3\miniperl.exe" "-I..\..\..\lib" "D:\perl-xp\perl-5.40.3\dist\ExtUtils-ParseXS\lib\ExtUtils/xsubpp"  -typemap D:\perl-xp\perl-5.40.3\lib\ExtUtils\typemap  Unicode.xs > Unicode.xsc
"D:\perl-xp\perl-5.40.3\miniperl.exe" "-I..\..\..\lib" -MExtUtils::Command -e mv -- Unicode.xsc Unicode.c
gcc -c -IEncode  -I../Encode -D_WIN32_WINNT=0x0501 -DWINVER=0x0501 -D_WIN32_WINDOWS=0x0501 -march=pentium4 -DWIN32 -DPERL_TEXTMODE_SCRIPTS -DMULTIPLICITY -DPERL_IMPLICIT_SYS -DUSE_PERLIO -D__USE_MINGW_ANSI_STDIO -fwrapv -fno-strict-aliasing -mms-bitfields -Os   -DVERSION=\"2.20\" -DXS_VERSION=\"2.20\"  "-I..\..\..\lib\CORE"   Unicode.c
"D:\perl-xp\perl-5.40.3\miniperl.exe" "-I..\..\..\lib" -MExtUtils::Mksymlists \
     -e "Mksymlists('NAME'=>\"Encode::Unicode\", 'DLBASE' => 'Unicode', 'DL_FUNCS' => {  }, 'FUNCLIST' => [], 'IMPORTS' => {  }, 'DL_VARS' => []);"
g++ Unicode.def -o ..\..\..\lib\auto\Encode\Unicode\Unicode.dll -shared -s -L"c:\perl\lib\CORE" -L"C:\toolchains\w64devkit\lib" -L"C:\toolchains\w64devkit\i686-w64-mingw32\lib" -L"C:\toolchains\w64devkit\lib\gcc\i686-w64-mingw32\16.2.0" Unicode.o   "..\..\..\lib\CORE\libperl540.a" -lmoldname -lkernel32 -luser32 -lgdi32 -lwinspool -lcomdlg32 -ladvapi32 -lshell32 -lole32 -loleaut32 -lnetapi32 -luuid -lws2_32 -lmpr -lwinmm -lversion -lodbc32 -lodbccp32 -lcomctl32 -Wl,--enable-auto-image-base
"D:\perl-xp\perl-5.40.3\miniperl.exe" "-I..\..\..\lib" -MExtUtils::Command -e chmod -- 755 ..\..\..\lib\auto\Encode\Unicode\Unicode.dll
gmake[2]: Leaving directory 'D:/perl-xp/perl-5.40.3/cpan/Encode/Unicode'
Running Mkbootstrap for Encode ()
"D:\perl-xp\perl-5.40.3\miniperl.exe" "-I..\..\lib" -MExtUtils::Command -e chmod -- 644 "Encode.bs"
"D:\perl-xp\perl-5.40.3\miniperl.exe" "-I..\..\lib" -MExtUtils::Command::MM -e cp_nonempty -- Encode.bs ..\..\lib\auto\Encode\Encode.bs 644
"D:\perl-xp\perl-5.40.3\miniperl.exe" "-I..\..\lib" "D:\perl-xp\perl-5.40.3\dist\ExtUtils-ParseXS\lib\ExtUtils/xsubpp"  -typemap D:\perl-xp\perl-5.40.3\lib\ExtUtils\typemap  Encode.xs > Encode.xsc
"D:\perl-xp\perl-5.40.3\miniperl.exe" "-I..\..\lib" -MExtUtils::Command -e mv -- Encode.xsc Encode.c
"D:\perl-xp\perl-5.40.3\miniperl.exe" "-I..\..\lib" bin\enc2xs -"Q" -"O" -o def_t.c -f def_t.fnm
Reading iso-8859-1 (iso-8859-1)
Reading ascii (ascii)
Reading cp1252 (cp1252)
Reading ascii-ctrl (ascii-ctrl)
Reading null (null)
gcc -c  -IEncode -D_WIN32_WINNT=0x0501 -DWINVER=0x0501 -D_WIN32_WINDOWS=0x0501 -march=pentium4 -DWIN32 -DPERL_TEXTMODE_SCRIPTS -DMULTIPLICITY -DPERL_IMPLICIT_SYS -DUSE_PERLIO -D__USE_MINGW_ANSI_STDIO -fwrapv -fno-strict-aliasing -mms-bitfields -Os   -DVERSION=\"3.21\" -DXS_VERSION=\"3.21\"  "-I..\..\lib\CORE"   Encode.c
gcc -c  -IEncode -D_WIN32_WINNT=0x0501 -DWINVER=0x0501 -D_WIN32_WINDOWS=0x0501 -march=pentium4 -DWIN32 -DPERL_TEXTMODE_SCRIPTS -DMULTIPLICITY -DPERL_IMPLICIT_SYS -DUSE_PERLIO -D__USE_MINGW_ANSI_STDIO -fwrapv -fno-strict-aliasing -mms-bitfields -Os   -DVERSION=\"3.21\" -DXS_VERSION=\"3.21\"  "-I..\..\lib\CORE"   def_t.c
gcc -c  -IEncode -D_WIN32_WINNT=0x0501 -DWINVER=0x0501 -D_WIN32_WINDOWS=0x0501 -march=pentium4 -DWIN32 -DPERL_TEXTMODE_SCRIPTS -DMULTIPLICITY -DPERL_IMPLICIT_SYS -DUSE_PERLIO -D__USE_MINGW_ANSI_STDIO -fwrapv -fno-strict-aliasing -mms-bitfields -Os   -DVERSION=\"3.21\" -DXS_VERSION=\"3.21\"  "-I..\..\lib\CORE"   encengine.c
"D:\perl-xp\perl-5.40.3\miniperl.exe" "-I..\..\lib" -MExtUtils::Mksymlists \
     -e "Mksymlists('NAME'=>\"Encode\", 'DLBASE' => 'Encode', 'DL_FUNCS' => {  }, 'FUNCLIST' => [], 'IMPORTS' => {  }, 'DL_VARS' => []);"
g++ Encode.def -o ..\..\lib\auto\Encode\Encode.dll -shared -s -L"c:\perl\lib\CORE" -L"C:\toolchains\w64devkit\lib" -L"C:\toolchains\w64devkit\i686-w64-mingw32\lib" -L"C:\toolchains\w64devkit\lib\gcc\i686-w64-mingw32\16.2.0" Encode.o def_t.o encengine.o   "..\..\lib\CORE\libperl540.a" -lmoldname -lkernel32 -luser32 -lgdi32 -lwinspool -lcomdlg32 -ladvapi32 -lshell32 -lole32 -loleaut32 -lnetapi32 -luuid -lws2_32 -lmpr -lwinmm -lversion -lodbc32 -lodbccp32 -lcomctl32 -Wl,--enable-auto-image-base
"D:\perl-xp\perl-5.40.3\miniperl.exe" "-I..\..\lib" -MExtUtils::Command -e chmod -- 755 ..\..\lib\auto\Encode\Encode.dll
"D:\perl-xp\perl-5.40.3\miniperl.exe" "-I..\..\lib" -MExtUtils::Command -e cp -- bin/enc2xs blib\script\enc2xs
"D:\perl-xp\perl-5.40.3\miniperl.exe" "-I..\..\lib" -I..\..\cpan\ExtUtils-PL2Bat\lib ..\..\win32\bin\pl2bat.pl blib\script\enc2xs
"D:\perl-xp\perl-5.40.3\miniperl.exe" "-I..\..\lib" -MExtUtils::Command -e cp -- bin/encguess blib\script\encguess
"D:\perl-xp\perl-5.40.3\miniperl.exe" "-I..\..\lib" -I..\..\cpan\ExtUtils-PL2Bat\lib ..\..\win32\bin\pl2bat.pl blib\script\encguess
"D:\perl-xp\perl-5.40.3\miniperl.exe" "-I..\..\lib" -MExtUtils::Command -e cp -- bin/piconv blib\script\piconv
"D:\perl-xp\perl-5.40.3\miniperl.exe" "-I..\..\lib" -I..\..\cpan\ExtUtils-PL2Bat\lib ..\..\win32\bin\pl2bat.pl blib\script\piconv
gmake[1]: Leaving directory 'D:/perl-xp/perl-5.40.3/cpan/Encode'
gmake[1]: Entering directory 'D:/perl-xp/perl-5.40.3/ext/Fcntl'
Warning: ..\..\lib\CORE/config.h out of date with ..\../config.sh; D:\perl-xp\perl-5.40.3\miniperl.exe -I..\..\lib -e exit 1 --
Makefile out-of-date with respect to ..\..\lib/Config.pm
Cleaning current config before rebuilding Makefile...
gmake -f Makefile.old clean > NUL
"D:\perl-xp\perl-5.40.3\miniperl.exe" "-I..\..\lib" Makefile.PL "INSTALLDIRS=perl" "INSTALLMAN1DIR=none" "INSTALLMAN3DIR=none" "PERL_CORE=1" "PERL=D:\perl-xp\perl-5.40.3\miniperl.exe"
Generating a gmake-style Makefile
Writing Makefile for Fcntl
==> Your Makefile has been rebuilt. <==
==> Please rerun the gmake command.  <==
"D:\perl-xp\perl-5.40.3\miniperl.exe" "-I..\..\lib"  -e "exit 1" --
gmake[1]: *** [Makefile:918: Makefile] Error 1
gmake[1]: Leaving directory 'D:/perl-xp/perl-5.40.3/ext/Fcntl'
gmake[1]: Entering directory 'D:/perl-xp/perl-5.40.3/ext/Fcntl'
Warning: ..\..\lib\CORE/config.h out of date with ..\../config.sh; D:\perl-xp\perl-5.40.3\miniperl.exe -I..\..\lib -e exit 1 --
Running Mkbootstrap for Fcntl ()
"D:\perl-xp\perl-5.40.3\miniperl.exe" "-I..\..\lib" -MExtUtils::Command -e chmod -- 644 "Fcntl.bs"
"D:\perl-xp\perl-5.40.3\miniperl.exe" "-I..\..\lib" -MExtUtils::Command::MM -e cp_nonempty -- Fcntl.bs ..\..\lib\auto\Fcntl\Fcntl.bs 644
"D:\perl-xp\perl-5.40.3\miniperl.exe" "-I..\..\lib" "D:\perl-xp\perl-5.40.3\dist\ExtUtils-ParseXS\lib\ExtUtils/xsubpp" -noprototypes -typemap D:\perl-xp\perl-5.40.3\lib\ExtUtils\typemap  Fcntl.xs > Fcntl.xsc
"D:\perl-xp\perl-5.40.3\miniperl.exe" "-I..\..\lib" -MExtUtils::Command -e mv -- Fcntl.xsc Fcntl.c
gcc -c   -D_WIN32_WINNT=0x0501 -DWINVER=0x0501 -D_WIN32_WINDOWS=0x0501 -march=pentium4 -DWIN32 -DPERL_TEXTMODE_SCRIPTS -DMULTIPLICITY -DPERL_IMPLICIT_SYS -DUSE_PERLIO -D__USE_MINGW_ANSI_STDIO -fwrapv -fno-strict-aliasing -mms-bitfields -Os   -DVERSION=\"1.18\" -DXS_VERSION=\"1.18\"  "-I..\..\lib\CORE"   Fcntl.c
"D:\perl-xp\perl-5.40.3\miniperl.exe" "-I..\..\lib" -MExtUtils::Mksymlists \
     -e "Mksymlists('NAME'=>\"Fcntl\", 'DLBASE' => 'Fcntl', 'DL_FUNCS' => {  }, 'FUNCLIST' => [], 'IMPORTS' => {  }, 'DL_VARS' => []);"
g++ Fcntl.def -o ..\..\lib\auto\Fcntl\Fcntl.dll -shared -s -L"c:\perl\lib\CORE" -L"C:\toolchains\w64devkit\lib" -L"C:\toolchains\w64devkit\i686-w64-mingw32\lib" -L"C:\toolchains\w64devkit\lib\gcc\i686-w64-mingw32\16.2.0" Fcntl.o   "..\..\lib\CORE\libperl540.a" -lmoldname -lkernel32 -luser32 -lgdi32 -lwinspool -lcomdlg32 -ladvapi32 -lshell32 -lole32 -loleaut32 -lnetapi32 -luuid -lws2_32 -lmpr -lwinmm -lversion -lodbc32 -lodbccp32 -lcomctl32 -Wl,--enable-auto-image-base
"D:\perl-xp\perl-5.40.3\miniperl.exe" "-I..\..\lib" -MExtUtils::Command -e chmod -- 755 ..\..\lib\auto\Fcntl\Fcntl.dll
gmake[1]: Leaving directory 'D:/perl-xp/perl-5.40.3/ext/Fcntl'
gmake[1]: Entering directory 'D:/perl-xp/perl-5.40.3/ext/File-DosGlob'
Warning: ..\..\lib\CORE/config.h out of date with ..\../config.sh; D:\perl-xp\perl-5.40.3\miniperl.exe -I..\..\lib -e exit 1 --
Makefile out-of-date with respect to ..\..\lib/Config.pm
Cleaning current config before rebuilding Makefile...
gmake -f Makefile.old clean > NUL
"D:\perl-xp\perl-5.40.3\miniperl.exe" "-I..\..\lib" Makefile.PL "INSTALLDIRS=perl" "INSTALLMAN1DIR=none" "INSTALLMAN3DIR=none" "PERL_CORE=1" "PERL=D:\perl-xp\perl-5.40.3\miniperl.exe"
Generating a gmake-style Makefile
Writing Makefile for File::DosGlob
==> Your Makefile has been rebuilt. <==
==> Please rerun the gmake command.  <==
"D:\perl-xp\perl-5.40.3\miniperl.exe" "-I..\..\lib"  -e "exit 1" --
gmake[1]: *** [Makefile:917: Makefile] Error 1
gmake[1]: Leaving directory 'D:/perl-xp/perl-5.40.3/ext/File-DosGlob'
gmake[1]: Entering directory 'D:/perl-xp/perl-5.40.3/ext/File-DosGlob'
Warning: ..\..\lib\CORE/config.h out of date with ..\../config.sh; D:\perl-xp\perl-5.40.3\miniperl.exe -I..\..\lib -e exit 1 --
Running Mkbootstrap for DosGlob ()
"D:\perl-xp\perl-5.40.3\miniperl.exe" "-I..\..\lib" -MExtUtils::Command -e chmod -- 644 "DosGlob.bs"
"D:\perl-xp\perl-5.40.3\miniperl.exe" "-I..\..\lib" -MExtUtils::Command::MM -e cp_nonempty -- DosGlob.bs ..\..\lib\auto\File\DosGlob\DosGlob.bs 644
"D:\perl-xp\perl-5.40.3\miniperl.exe" "-I..\..\lib" "D:\perl-xp\perl-5.40.3\dist\ExtUtils-ParseXS\lib\ExtUtils/xsubpp"  -typemap D:\perl-xp\perl-5.40.3\lib\ExtUtils\typemap  DosGlob.xs > DosGlob.xsc
"D:\perl-xp\perl-5.40.3\miniperl.exe" "-I..\..\lib" -MExtUtils::Command -e mv -- DosGlob.xsc DosGlob.c
gcc -c   -D_WIN32_WINNT=0x0501 -DWINVER=0x0501 -D_WIN32_WINDOWS=0x0501 -march=pentium4 -DWIN32 -DPERL_TEXTMODE_SCRIPTS -DMULTIPLICITY -DPERL_IMPLICIT_SYS -DUSE_PERLIO -D__USE_MINGW_ANSI_STDIO -fwrapv -fno-strict-aliasing -mms-bitfields -Os   -DVERSION=\"1.12\" -DXS_VERSION=\"1.12\"  "-I..\..\lib\CORE"   DosGlob.c
"D:\perl-xp\perl-5.40.3\miniperl.exe" "-I..\..\lib" -MExtUtils::Mksymlists \
     -e "Mksymlists('NAME'=>\"File::DosGlob\", 'DLBASE' => 'DosGlob', 'DL_FUNCS' => {  }, 'FUNCLIST' => [], 'IMPORTS' => {  }, 'DL_VARS' => []);"
g++ DosGlob.def -o ..\..\lib\auto\File\DosGlob\DosGlob.dll -shared -s -L"c:\perl\lib\CORE" -L"C:\toolchains\w64devkit\lib" -L"C:\toolchains\w64devkit\i686-w64-mingw32\lib" -L"C:\toolchains\w64devkit\lib\gcc\i686-w64-mingw32\16.2.0" DosGlob.o   "..\..\lib\CORE\libperl540.a" -lmoldname -lkernel32 -luser32 -lgdi32 -lwinspool -lcomdlg32 -ladvapi32 -lshell32 -lole32 -loleaut32 -lnetapi32 -luuid -lws2_32 -lmpr -lwinmm -lversion -lodbc32 -lodbccp32 -lcomctl32 -Wl,--enable-auto-image-base
"D:\perl-xp\perl-5.40.3\miniperl.exe" "-I..\..\lib" -MExtUtils::Command -e chmod -- 755 ..\..\lib\auto\File\DosGlob\DosGlob.dll
gmake[1]: Leaving directory 'D:/perl-xp/perl-5.40.3/ext/File-DosGlob'
gmake[1]: Entering directory 'D:/perl-xp/perl-5.40.3/ext/File-Glob'
Warning: ..\..\lib\CORE/config.h out of date with ..\../config.sh; D:\perl-xp\perl-5.40.3\miniperl.exe -I..\..\lib -e exit 1 --
Makefile out-of-date with respect to ..\..\lib/Config.pm
Cleaning current config before rebuilding Makefile...
gmake -f Makefile.old clean > NUL
"D:\perl-xp\perl-5.40.3\miniperl.exe" "-I..\..\lib" Makefile.PL "INSTALLDIRS=perl" "INSTALLMAN1DIR=none" "INSTALLMAN3DIR=none" "PERL_CORE=1" "PERL=D:\perl-xp\perl-5.40.3\miniperl.exe"
Generating a gmake-style Makefile
Writing Makefile for File::Glob
==> Your Makefile has been rebuilt. <==
==> Please rerun the gmake command.  <==
"D:\perl-xp\perl-5.40.3\miniperl.exe" "-I..\..\lib"  -e "exit 1" --
gmake[1]: *** [Makefile:922: Makefile] Error 1
gmake[1]: Leaving directory 'D:/perl-xp/perl-5.40.3/ext/File-Glob'
gmake[1]: Entering directory 'D:/perl-xp/perl-5.40.3/ext/File-Glob'
Warning: ..\..\lib\CORE/config.h out of date with ..\../config.sh; D:\perl-xp\perl-5.40.3\miniperl.exe -I..\..\lib -e exit 1 --
Running Mkbootstrap for Glob ()
"D:\perl-xp\perl-5.40.3\miniperl.exe" "-I..\..\lib" -MExtUtils::Command -e chmod -- 644 "Glob.bs"
"D:\perl-xp\perl-5.40.3\miniperl.exe" "-I..\..\lib" -MExtUtils::Command::MM -e cp_nonempty -- Glob.bs ..\..\lib\auto\File\Glob\Glob.bs 644
gcc -c   -D_WIN32_WINNT=0x0501 -DWINVER=0x0501 -D_WIN32_WINDOWS=0x0501 -march=pentium4 -DWIN32 -DPERL_TEXTMODE_SCRIPTS -DMULTIPLICITY -DPERL_IMPLICIT_SYS -DUSE_PERLIO -D__USE_MINGW_ANSI_STDIO -fwrapv -fno-strict-aliasing -mms-bitfields -Os   -DVERSION=\"1.42\" -DXS_VERSION=\"1.42\"  "-I..\..\lib\CORE"   bsd_glob.c
"D:\perl-xp\perl-5.40.3\miniperl.exe" "-I..\..\lib" "D:\perl-xp\perl-5.40.3\dist\ExtUtils-ParseXS\lib\ExtUtils/xsubpp"  -typemap D:\perl-xp\perl-5.40.3\lib\ExtUtils\typemap  Glob.xs > Glob.xsc
"D:\perl-xp\perl-5.40.3\miniperl.exe" "-I..\..\lib" -MExtUtils::Command -e mv -- Glob.xsc Glob.c
gcc -c   -D_WIN32_WINNT=0x0501 -DWINVER=0x0501 -D_WIN32_WINDOWS=0x0501 -march=pentium4 -DWIN32 -DPERL_TEXTMODE_SCRIPTS -DMULTIPLICITY -DPERL_IMPLICIT_SYS -DUSE_PERLIO -D__USE_MINGW_ANSI_STDIO -fwrapv -fno-strict-aliasing -mms-bitfields -Os   -DVERSION=\"1.42\" -DXS_VERSION=\"1.42\"  "-I..\..\lib\CORE"   Glob.c
"D:\perl-xp\perl-5.40.3\miniperl.exe" "-I..\..\lib" -MExtUtils::Mksymlists \
     -e "Mksymlists('NAME'=>\"File::Glob\", 'DLBASE' => 'Glob', 'DL_FUNCS' => {  }, 'FUNCLIST' => [], 'IMPORTS' => {  }, 'DL_VARS' => []);"
g++ Glob.def -o ..\..\lib\auto\File\Glob\Glob.dll -shared -s -L"c:\perl\lib\CORE" -L"C:\toolchains\w64devkit\lib" -L"C:\toolchains\w64devkit\i686-w64-mingw32\lib" -L"C:\toolchains\w64devkit\lib\gcc\i686-w64-mingw32\16.2.0" bsd_glob.o Glob.o   "..\..\lib\CORE\libperl540.a" -lmoldname -lkernel32 -luser32 -lgdi32 -lwinspool -lcomdlg32 -ladvapi32 -lshell32 -lole32 -loleaut32 -lnetapi32 -luuid -lws2_32 -lmpr -lwinmm -lversion -lodbc32 -lodbccp32 -lcomctl32 -Wl,--enable-auto-image-base
"D:\perl-xp\perl-5.40.3\miniperl.exe" "-I..\..\lib" -MExtUtils::Command -e chmod -- 755 ..\..\lib\auto\File\Glob\Glob.dll
gmake[1]: Leaving directory 'D:/perl-xp/perl-5.40.3/ext/File-Glob'
gmake[1]: Entering directory 'D:/perl-xp/perl-5.40.3/cpan/Filter-Util-Call'
Warning: ..\..\lib\CORE/config.h out of date with ..\../config.sh; D:\perl-xp\perl-5.40.3\miniperl.exe -I..\..\lib -e exit 1 --
Makefile out-of-date with respect to ..\..\lib/Config.pm
Cleaning current config before rebuilding Makefile...
gmake -f Makefile.old clean > NUL
"D:\perl-xp\perl-5.40.3\miniperl.exe" "-I..\..\lib" Makefile.PL "INSTALLDIRS=perl" "INSTALLMAN1DIR=none" "INSTALLMAN3DIR=none" "PERL_CORE=1" "PERL=D:\perl-xp\perl-5.40.3\miniperl.exe"
Generating a gmake-style Makefile
Writing Makefile for Filter::Util::Call
==> Your Makefile has been rebuilt. <==
==> Please rerun the gmake command.  <==
"D:\perl-xp\perl-5.40.3\miniperl.exe" "-I..\..\lib"  -e "exit 1" --
gmake[1]: *** [Makefile:919: Makefile] Error 1
gmake[1]: Leaving directory 'D:/perl-xp/perl-5.40.3/cpan/Filter-Util-Call'
gmake[1]: Entering directory 'D:/perl-xp/perl-5.40.3/cpan/Filter-Util-Call'
Warning: ..\..\lib\CORE/config.h out of date with ..\../config.sh; D:\perl-xp\perl-5.40.3\miniperl.exe -I..\..\lib -e exit 1 --
Running Mkbootstrap for Call ()
"D:\perl-xp\perl-5.40.3\miniperl.exe" "-I..\..\lib" -MExtUtils::Command -e chmod -- 644 "Call.bs"
"D:\perl-xp\perl-5.40.3\miniperl.exe" "-I..\..\lib" -MExtUtils::Command::MM -e cp_nonempty -- Call.bs ..\..\lib\auto\Filter\Util\Call\Call.bs 644
"D:\perl-xp\perl-5.40.3\miniperl.exe" "-I..\..\lib" "D:\perl-xp\perl-5.40.3\dist\ExtUtils-ParseXS\lib\ExtUtils/xsubpp"  -typemap D:\perl-xp\perl-5.40.3\lib\ExtUtils\typemap  Call.xs > Call.xsc
"D:\perl-xp\perl-5.40.3\miniperl.exe" "-I..\..\lib" -MExtUtils::Command -e mv -- Call.xsc Call.c
gcc -c   -D_WIN32_WINNT=0x0501 -DWINVER=0x0501 -D_WIN32_WINDOWS=0x0501 -march=pentium4 -DWIN32 -DPERL_TEXTMODE_SCRIPTS -DMULTIPLICITY -DPERL_IMPLICIT_SYS -DUSE_PERLIO -D__USE_MINGW_ANSI_STDIO -fwrapv -fno-strict-aliasing -mms-bitfields -Os   -DVERSION=\"1.64\" -DXS_VERSION=\"1.64\"  "-I..\..\lib\CORE"   Call.c
"D:\perl-xp\perl-5.40.3\miniperl.exe" "-I..\..\lib" -MExtUtils::Mksymlists \
     -e "Mksymlists('NAME'=>\"Filter::Util::Call\", 'DLBASE' => 'Call', 'DL_FUNCS' => {  }, 'FUNCLIST' => [], 'IMPORTS' => {  }, 'DL_VARS' => []);"
g++ Call.def -o ..\..\lib\auto\Filter\Util\Call\Call.dll -shared -s -L"c:\perl\lib\CORE" -L"C:\toolchains\w64devkit\lib" -L"C:\toolchains\w64devkit\i686-w64-mingw32\lib" -L"C:\toolchains\w64devkit\lib\gcc\i686-w64-mingw32\16.2.0" Call.o   "..\..\lib\CORE\libperl540.a" -lmoldname -lkernel32 -luser32 -lgdi32 -lwinspool -lcomdlg32 -ladvapi32 -lshell32 -lole32 -loleaut32 -lnetapi32 -luuid -lws2_32 -lmpr -lwinmm -lversion -lodbc32 -lodbccp32 -lcomctl32 -Wl,--enable-auto-image-base
"D:\perl-xp\perl-5.40.3\miniperl.exe" "-I..\..\lib" -MExtUtils::Command -e chmod -- 755 ..\..\lib\auto\Filter\Util\Call\Call.dll
gmake[1]: Leaving directory 'D:/perl-xp/perl-5.40.3/cpan/Filter-Util-Call'
gmake[1]: Entering directory 'D:/perl-xp/perl-5.40.3/ext/Hash-Util'
Warning: ..\..\lib\CORE/config.h out of date with ..\../config.sh; D:\perl-xp\perl-5.40.3\miniperl.exe -I..\..\lib -e exit 1 --
Makefile out-of-date with respect to ..\..\lib/Config.pm
Cleaning current config before rebuilding Makefile...
gmake -f Makefile.old clean > NUL
"D:\perl-xp\perl-5.40.3\miniperl.exe" "-I..\..\lib" Makefile.PL "INSTALLDIRS=perl" "INSTALLMAN1DIR=none" "INSTALLMAN3DIR=none" "PERL_CORE=1" "PERL=D:\perl-xp\perl-5.40.3\miniperl.exe"
Generating a gmake-style Makefile
Writing Makefile for Hash::Util
==> Your Makefile has been rebuilt. <==
==> Please rerun the gmake command.  <==
"D:\perl-xp\perl-5.40.3\miniperl.exe" "-I..\..\lib"  -e "exit 1" --
gmake[1]: *** [Makefile:917: Makefile] Error 1
gmake[1]: Leaving directory 'D:/perl-xp/perl-5.40.3/ext/Hash-Util'
gmake[1]: Entering directory 'D:/perl-xp/perl-5.40.3/ext/Hash-Util'
Warning: ..\..\lib\CORE/config.h out of date with ..\../config.sh; D:\perl-xp\perl-5.40.3\miniperl.exe -I..\..\lib -e exit 1 --
Running Mkbootstrap for Util ()
"D:\perl-xp\perl-5.40.3\miniperl.exe" "-I..\..\lib" -MExtUtils::Command -e chmod -- 644 "Util.bs"
"D:\perl-xp\perl-5.40.3\miniperl.exe" "-I..\..\lib" -MExtUtils::Command::MM -e cp_nonempty -- Util.bs ..\..\lib\auto\Hash\Util\Util.bs 644
"D:\perl-xp\perl-5.40.3\miniperl.exe" "-I..\..\lib" "D:\perl-xp\perl-5.40.3\dist\ExtUtils-ParseXS\lib\ExtUtils/xsubpp"  -typemap D:\perl-xp\perl-5.40.3\lib\ExtUtils\typemap  Util.xs > Util.xsc
"D:\perl-xp\perl-5.40.3\miniperl.exe" "-I..\..\lib" -MExtUtils::Command -e mv -- Util.xsc Util.c
gcc -c   -D_WIN32_WINNT=0x0501 -DWINVER=0x0501 -D_WIN32_WINDOWS=0x0501 -march=pentium4 -DWIN32 -DPERL_TEXTMODE_SCRIPTS -DMULTIPLICITY -DPERL_IMPLICIT_SYS -DUSE_PERLIO -D__USE_MINGW_ANSI_STDIO -fwrapv -fno-strict-aliasing -mms-bitfields -Os   -DVERSION=\"0.32\" -DXS_VERSION=\"0.32\"  "-I..\..\lib\CORE"  -DPERL_EXT Util.c
"D:\perl-xp\perl-5.40.3\miniperl.exe" "-I..\..\lib" -MExtUtils::Mksymlists \
     -e "Mksymlists('NAME'=>\"Hash::Util\", 'DLBASE' => 'Util', 'DL_FUNCS' => {  }, 'FUNCLIST' => [], 'IMPORTS' => {  }, 'DL_VARS' => []);"
g++ Util.def -o ..\..\lib\auto\Hash\Util\Util.dll -shared -s -L"c:\perl\lib\CORE" -L"C:\toolchains\w64devkit\lib" -L"C:\toolchains\w64devkit\i686-w64-mingw32\lib" -L"C:\toolchains\w64devkit\lib\gcc\i686-w64-mingw32\16.2.0" Util.o   "..\..\lib\CORE\libperl540.a" -lmoldname -lkernel32 -luser32 -lgdi32 -lwinspool -lcomdlg32 -ladvapi32 -lshell32 -lole32 -loleaut32 -lnetapi32 -luuid -lws2_32 -lmpr -lwinmm -lversion -lodbc32 -lodbccp32 -lcomctl32 -Wl,--enable-auto-image-base
"D:\perl-xp\perl-5.40.3\miniperl.exe" "-I..\..\lib" -MExtUtils::Command -e chmod -- 755 ..\..\lib\auto\Hash\Util\Util.dll
gmake[1]: Leaving directory 'D:/perl-xp/perl-5.40.3/ext/Hash-Util'
gmake[1]: Entering directory 'D:/perl-xp/perl-5.40.3/ext/Hash-Util-FieldHash'
Warning: ..\..\lib\CORE/config.h out of date with ..\../config.sh; D:\perl-xp\perl-5.40.3\miniperl.exe -I..\..\lib -e exit 1 --
Makefile out-of-date with respect to ..\..\lib/Config.pm
Cleaning current config before rebuilding Makefile...
gmake -f Makefile.old clean > NUL
"D:\perl-xp\perl-5.40.3\miniperl.exe" "-I..\..\lib" Makefile.PL "INSTALLDIRS=perl" "INSTALLMAN1DIR=none" "INSTALLMAN3DIR=none" "PERL_CORE=1" "PERL=D:\perl-xp\perl-5.40.3\miniperl.exe"
Generating a gmake-style Makefile
Writing Makefile for Hash::Util::FieldHash
==> Your Makefile has been rebuilt. <==
==> Please rerun the gmake command.  <==
"D:\perl-xp\perl-5.40.3\miniperl.exe" "-I..\..\lib"  -e "exit 1" --
gmake[1]: *** [Makefile:917: Makefile] Error 1
gmake[1]: Leaving directory 'D:/perl-xp/perl-5.40.3/ext/Hash-Util-FieldHash'
gmake[1]: Entering directory 'D:/perl-xp/perl-5.40.3/ext/Hash-Util-FieldHash'
Warning: ..\..\lib\CORE/config.h out of date with ..\../config.sh; D:\perl-xp\perl-5.40.3\miniperl.exe -I..\..\lib -e exit 1 --
Running Mkbootstrap for FieldHash ()
"D:\perl-xp\perl-5.40.3\miniperl.exe" "-I..\..\lib" -MExtUtils::Command -e chmod -- 644 "FieldHash.bs"
"D:\perl-xp\perl-5.40.3\miniperl.exe" "-I..\..\lib" -MExtUtils::Command::MM -e cp_nonempty -- FieldHash.bs ..\..\lib\auto\Hash\Util\FieldHash\FieldHash.bs 644
"D:\perl-xp\perl-5.40.3\miniperl.exe" "-I..\..\lib" "D:\perl-xp\perl-5.40.3\dist\ExtUtils-ParseXS\lib\ExtUtils/xsubpp"  -typemap D:\perl-xp\perl-5.40.3\lib\ExtUtils\typemap  FieldHash.xs > FieldHash.xsc
"D:\perl-xp\perl-5.40.3\miniperl.exe" "-I..\..\lib" -MExtUtils::Command -e mv -- FieldHash.xsc FieldHash.c
gcc -c   -D_WIN32_WINNT=0x0501 -DWINVER=0x0501 -D_WIN32_WINDOWS=0x0501 -march=pentium4 -DWIN32 -DPERL_TEXTMODE_SCRIPTS -DMULTIPLICITY -DPERL_IMPLICIT_SYS -DUSE_PERLIO -D__USE_MINGW_ANSI_STDIO -fwrapv -fno-strict-aliasing -mms-bitfields -Os   -DVERSION=\"1.27\" -DXS_VERSION=\"1.27\"  "-I..\..\lib\CORE"   FieldHash.c
"D:\perl-xp\perl-5.40.3\miniperl.exe" "-I..\..\lib" -MExtUtils::Mksymlists \
     -e "Mksymlists('NAME'=>\"Hash::Util::FieldHash\", 'DLBASE' => 'FieldHash', 'DL_FUNCS' => {  }, 'FUNCLIST' => [], 'IMPORTS' => {  }, 'DL_VARS' => []);"
g++ FieldHash.def -o ..\..\lib\auto\Hash\Util\FieldHash\FieldHash.dll -shared -s -L"c:\perl\lib\CORE" -L"C:\toolchains\w64devkit\lib" -L"C:\toolchains\w64devkit\i686-w64-mingw32\lib" -L"C:\toolchains\w64devkit\lib\gcc\i686-w64-mingw32\16.2.0" FieldHash.o   "..\..\lib\CORE\libperl540.a" -lmoldname -lkernel32 -luser32 -lgdi32 -lwinspool -lcomdlg32 -ladvapi32 -lshell32 -lole32 -loleaut32 -lnetapi32 -luuid -lws2_32 -lmpr -lwinmm -lversion -lodbc32 -lodbccp32 -lcomctl32 -Wl,--enable-auto-image-base
"D:\perl-xp\perl-5.40.3\miniperl.exe" "-I..\..\lib" -MExtUtils::Command -e chmod -- 755 ..\..\lib\auto\Hash\Util\FieldHash\FieldHash.dll
gmake[1]: Leaving directory 'D:/perl-xp/perl-5.40.3/ext/Hash-Util-FieldHash'
gmake[1]: Entering directory 'D:/perl-xp/perl-5.40.3/ext/I18N-Langinfo'
Warning: ..\..\lib\CORE/config.h out of date with ..\../config.sh; D:\perl-xp\perl-5.40.3\miniperl.exe -I..\..\lib -e exit 1 --
Makefile out-of-date with respect to ..\..\lib/Config.pm
Cleaning current config before rebuilding Makefile...
gmake -f Makefile.old clean > NUL
"D:\perl-xp\perl-5.40.3\miniperl.exe" "-I..\..\lib" Makefile.PL "INSTALLDIRS=perl" "INSTALLMAN1DIR=none" "INSTALLMAN3DIR=none" "PERL_CORE=1" "PERL=D:\perl-xp\perl-5.40.3\miniperl.exe"
Generating a gmake-style Makefile
Writing Makefile for I18N::Langinfo
==> Your Makefile has been rebuilt. <==
==> Please rerun the gmake command.  <==
"D:\perl-xp\perl-5.40.3\miniperl.exe" "-I..\..\lib"  -e "exit 1" --
gmake[1]: *** [Makefile:919: Makefile] Error 1
gmake[1]: Leaving directory 'D:/perl-xp/perl-5.40.3/ext/I18N-Langinfo'
gmake[1]: Entering directory 'D:/perl-xp/perl-5.40.3/ext/I18N-Langinfo'
Warning: ..\..\lib\CORE/config.h out of date with ..\../config.sh; D:\perl-xp\perl-5.40.3\miniperl.exe -I..\..\lib -e exit 1 --
Running Mkbootstrap for Langinfo ()
"D:\perl-xp\perl-5.40.3\miniperl.exe" "-I..\..\lib" -MExtUtils::Command -e chmod -- 644 "Langinfo.bs"
"D:\perl-xp\perl-5.40.3\miniperl.exe" "-I..\..\lib" -MExtUtils::Command::MM -e cp_nonempty -- Langinfo.bs ..\..\lib\auto\I18N\Langinfo\Langinfo.bs 644
"D:\perl-xp\perl-5.40.3\miniperl.exe" "-I..\..\lib" "D:\perl-xp\perl-5.40.3\dist\ExtUtils-ParseXS\lib\ExtUtils/xsubpp"  -typemap D:\perl-xp\perl-5.40.3\lib\ExtUtils\typemap  Langinfo.xs > Langinfo.xsc
"D:\perl-xp\perl-5.40.3\miniperl.exe" "-I..\..\lib" -MExtUtils::Command -e mv -- Langinfo.xsc Langinfo.c
gcc -c   -D_WIN32_WINNT=0x0501 -DWINVER=0x0501 -D_WIN32_WINDOWS=0x0501 -march=pentium4 -DWIN32 -DPERL_TEXTMODE_SCRIPTS -DMULTIPLICITY -DPERL_IMPLICIT_SYS -DUSE_PERLIO -D__USE_MINGW_ANSI_STDIO -fwrapv -fno-strict-aliasing -mms-bitfields -Os   -DVERSION=\"0.24\" -DXS_VERSION=\"0.24\"  "-I..\..\lib\CORE"   Langinfo.c
"D:\perl-xp\perl-5.40.3\miniperl.exe" "-I..\..\lib" -MExtUtils::Mksymlists \
     -e "Mksymlists('NAME'=>\"I18N::Langinfo\", 'DLBASE' => 'Langinfo', 'DL_FUNCS' => {  }, 'FUNCLIST' => [], 'IMPORTS' => {  }, 'DL_VARS' => []);"
g++ Langinfo.def -o ..\..\lib\auto\I18N\Langinfo\Langinfo.dll -shared -s -L"c:\perl\lib\CORE" -L"C:\toolchains\w64devkit\lib" -L"C:\toolchains\w64devkit\i686-w64-mingw32\lib" -L"C:\toolchains\w64devkit\lib\gcc\i686-w64-mingw32\16.2.0" Langinfo.o   "..\..\lib\CORE\libperl540.a" -lmoldname -lkernel32 -luser32 -lgdi32 -lwinspool -lcomdlg32 -ladvapi32 -lshell32 -lole32 -loleaut32 -lnetapi32 -luuid -lws2_32 -lmpr -lwinmm -lversion -lodbc32 -lodbccp32 -lcomctl32 -Wl,--enable-auto-image-base
"D:\perl-xp\perl-5.40.3\miniperl.exe" "-I..\..\lib" -MExtUtils::Command -e chmod -- 755 ..\..\lib\auto\I18N\Langinfo\Langinfo.dll
gmake[1]: Leaving directory 'D:/perl-xp/perl-5.40.3/ext/I18N-Langinfo'
gmake[1]: Entering directory 'D:/perl-xp/perl-5.40.3/dist/IO'
Warning: ..\..\lib\CORE/config.h out of date with ..\../config.sh; D:\perl-xp\perl-5.40.3\miniperl.exe -I..\..\lib -e exit 1 --
Makefile out-of-date with respect to ..\..\lib/Config.pm
Cleaning current config before rebuilding Makefile...
gmake -f Makefile.old clean > NUL
"D:\perl-xp\perl-5.40.3\miniperl.exe" "-I..\..\lib" Makefile.PL "INSTALLDIRS=perl" "INSTALLMAN1DIR=none" "INSTALLMAN3DIR=none" "PERL_CORE=1" "PERL=D:\perl-xp\perl-5.40.3\miniperl.exe"
Generating a gmake-style Makefile
Writing Makefile for IO
==> Your Makefile has been rebuilt. <==
==> Please rerun the gmake command.  <==
"D:\perl-xp\perl-5.40.3\miniperl.exe" "-I..\..\lib"  -e "exit 1" --
gmake[1]: *** [Makefile:940: Makefile] Error 1
gmake[1]: Leaving directory 'D:/perl-xp/perl-5.40.3/dist/IO'
gmake[1]: Entering directory 'D:/perl-xp/perl-5.40.3/dist/IO'
Warning: ..\..\lib\CORE/config.h out of date with ..\../config.sh; D:\perl-xp\perl-5.40.3\miniperl.exe -I..\..\lib -e exit 1 --
Running Mkbootstrap for IO ()
"D:\perl-xp\perl-5.40.3\miniperl.exe" "-I..\..\lib" -MExtUtils::Command -e chmod -- 644 "IO.bs"
"D:\perl-xp\perl-5.40.3\miniperl.exe" "-I..\..\lib" -MExtUtils::Command::MM -e cp_nonempty -- IO.bs ..\..\lib\auto\IO\IO.bs 644
"D:\perl-xp\perl-5.40.3\miniperl.exe" "-I..\..\lib" "D:\perl-xp\perl-5.40.3\dist\ExtUtils-ParseXS\lib\ExtUtils/xsubpp"  -typemap D:\perl-xp\perl-5.40.3\lib\ExtUtils\typemap  IO.xs > IO.xsc
"D:\perl-xp\perl-5.40.3\miniperl.exe" "-I..\..\lib" -MExtUtils::Command -e mv -- IO.xsc IO.c
gcc -c   -D_WIN32_WINNT=0x0501 -DWINVER=0x0501 -D_WIN32_WINDOWS=0x0501 -march=pentium4 -DWIN32 -DPERL_TEXTMODE_SCRIPTS -DMULTIPLICITY -DPERL_IMPLICIT_SYS -DUSE_PERLIO -D__USE_MINGW_ANSI_STDIO -fwrapv -fno-strict-aliasing -mms-bitfields -Os   -DVERSION=\"1.55\" -DXS_VERSION=\"1.55\"  "-I..\..\lib\CORE"   IO.c
gcc -c   -D_WIN32_WINNT=0x0501 -DWINVER=0x0501 -D_WIN32_WINDOWS=0x0501 -march=pentium4 -DWIN32 -DPERL_TEXTMODE_SCRIPTS -DMULTIPLICITY -DPERL_IMPLICIT_SYS -DUSE_PERLIO -D__USE_MINGW_ANSI_STDIO -fwrapv -fno-strict-aliasing -mms-bitfields -Os   -DVERSION=\"1.55\" -DXS_VERSION=\"1.55\"  "-I..\..\lib\CORE"   poll.c
"D:\perl-xp\perl-5.40.3\miniperl.exe" "-I..\..\lib" -MExtUtils::Mksymlists \
     -e "Mksymlists('NAME'=>\"IO\", 'DLBASE' => 'IO', 'DL_FUNCS' => {  }, 'FUNCLIST' => [], 'IMPORTS' => {  }, 'DL_VARS' => []);"
g++ IO.def -o ..\..\lib\auto\IO\IO.dll -shared -s -L"c:\perl\lib\CORE" -L"C:\toolchains\w64devkit\lib" -L"C:\toolchains\w64devkit\i686-w64-mingw32\lib" -L"C:\toolchains\w64devkit\lib\gcc\i686-w64-mingw32\16.2.0" IO.o poll.o   "..\..\lib\CORE\libperl540.a" -lmoldname -lkernel32 -luser32 -lgdi32 -lwinspool -lcomdlg32 -ladvapi32 -lshell32 -lole32 -loleaut32 -lnetapi32 -luuid -lws2_32 -lmpr -lwinmm -lversion -lodbc32 -lodbccp32 -lcomctl32 -Wl,--enable-auto-image-base
"D:\perl-xp\perl-5.40.3\miniperl.exe" "-I..\..\lib" -MExtUtils::Command -e chmod -- 755 ..\..\lib\auto\IO\IO.dll
gmake[1]: Leaving directory 'D:/perl-xp/perl-5.40.3/dist/IO'
gmake[1]: Entering directory 'D:/perl-xp/perl-5.40.3/cpan/Scalar-List-Utils'
Warning: ..\..\lib\CORE/config.h out of date with ..\../config.sh; D:\perl-xp\perl-5.40.3\miniperl.exe -I..\..\lib -e exit 1 --
Makefile out-of-date with respect to ..\..\lib/Config.pm
Cleaning current config before rebuilding Makefile...
gmake -f Makefile.old clean > NUL
"D:\perl-xp\perl-5.40.3\miniperl.exe" "-I..\..\lib" Makefile.PL "INSTALLDIRS=perl" "INSTALLMAN1DIR=none" "INSTALLMAN3DIR=none" "PERL_CORE=1" "PERL=D:\perl-xp\perl-5.40.3\miniperl.exe"
Generating a gmake-style Makefile
Writing Makefile for List::Util
==> Your Makefile has been rebuilt. <==
==> Please rerun the gmake command.  <==
"D:\perl-xp\perl-5.40.3\miniperl.exe" "-I..\..\lib"  -e "exit 1" --
gmake[1]: *** [Makefile:929: Makefile] Error 1
gmake[1]: Leaving directory 'D:/perl-xp/perl-5.40.3/cpan/Scalar-List-Utils'
gmake[1]: Entering directory 'D:/perl-xp/perl-5.40.3/cpan/Scalar-List-Utils'
Warning: ..\..\lib\CORE/config.h out of date with ..\../config.sh; D:\perl-xp\perl-5.40.3\miniperl.exe -I..\..\lib -e exit 1 --
Running Mkbootstrap for Util ()
"D:\perl-xp\perl-5.40.3\miniperl.exe" "-I..\..\lib" -MExtUtils::Command -e chmod -- 644 "Util.bs"
"D:\perl-xp\perl-5.40.3\miniperl.exe" "-I..\..\lib" -MExtUtils::Command::MM -e cp_nonempty -- Util.bs ..\..\lib\auto\List\Util\Util.bs 644
"D:\perl-xp\perl-5.40.3\miniperl.exe" "-I..\..\lib" "D:\perl-xp\perl-5.40.3\dist\ExtUtils-ParseXS\lib\ExtUtils/xsubpp"  -typemap D:\perl-xp\perl-5.40.3\lib\ExtUtils\typemap  ListUtil.xs > ListUtil.xsc
"D:\perl-xp\perl-5.40.3\miniperl.exe" "-I..\..\lib" -MExtUtils::Command -e mv -- ListUtil.xsc ListUtil.c
gcc -c   -D_WIN32_WINNT=0x0501 -DWINVER=0x0501 -D_WIN32_WINDOWS=0x0501 -march=pentium4 -DWIN32 -DPERL_TEXTMODE_SCRIPTS -DMULTIPLICITY -DPERL_IMPLICIT_SYS -DUSE_PERLIO -D__USE_MINGW_ANSI_STDIO -fwrapv -fno-strict-aliasing -mms-bitfields -Os   -DVERSION=\"1.63\" -DXS_VERSION=\"1.63\"  "-I..\..\lib\CORE"  -DPERL_EXT ListUtil.c
"D:\perl-xp\perl-5.40.3\miniperl.exe" "-I..\..\lib" -MExtUtils::Mksymlists \
     -e "Mksymlists('NAME'=>\"List::Util\", 'DLBASE' => 'Util', 'DL_FUNCS' => {  }, 'FUNCLIST' => [], 'IMPORTS' => {  }, 'DL_VARS' => []);"
g++ Util.def -o ..\..\lib\auto\List\Util\Util.dll -shared -s -L"c:\perl\lib\CORE" -L"C:\toolchains\w64devkit\lib" -L"C:\toolchains\w64devkit\i686-w64-mingw32\lib" -L"C:\toolchains\w64devkit\lib\gcc\i686-w64-mingw32\16.2.0" ListUtil.o   "..\..\lib\CORE\libperl540.a" -lmoldname -lkernel32 -luser32 -lgdi32 -lwinspool -lcomdlg32 -ladvapi32 -lshell32 -lole32 -loleaut32 -lnetapi32 -luuid -lws2_32 -lmpr -lwinmm -lversion -lodbc32 -lodbccp32 -lcomctl32 -Wl,--enable-auto-image-base
"D:\perl-xp\perl-5.40.3\miniperl.exe" "-I..\..\lib" -MExtUtils::Command -e chmod -- 755 ..\..\lib\auto\List\Util\Util.dll
gmake[1]: Leaving directory 'D:/perl-xp/perl-5.40.3/cpan/Scalar-List-Utils'
gmake[1]: Entering directory 'D:/perl-xp/perl-5.40.3/cpan/MIME-Base64'
Warning: ..\..\lib\CORE/config.h out of date with ..\../config.sh; D:\perl-xp\perl-5.40.3\miniperl.exe -I..\..\lib -e exit 1 --
Makefile out-of-date with respect to ..\..\lib/Config.pm
Cleaning current config before rebuilding Makefile...
gmake -f Makefile.old clean > NUL
"D:\perl-xp\perl-5.40.3\miniperl.exe" "-I..\..\lib" Makefile.PL "INSTALLDIRS=perl" "INSTALLMAN1DIR=none" "INSTALLMAN3DIR=none" "PERL_CORE=1" "PERL=D:\perl-xp\perl-5.40.3\miniperl.exe"
Generating a gmake-style Makefile
Writing Makefile for MIME::Base64
==> Your Makefile has been rebuilt. <==
==> Please rerun the gmake command.  <==
"D:\perl-xp\perl-5.40.3\miniperl.exe" "-I..\..\lib"  -e "exit 1" --
gmake[1]: *** [Makefile:919: Makefile] Error 1
gmake[1]: Leaving directory 'D:/perl-xp/perl-5.40.3/cpan/MIME-Base64'
gmake[1]: Entering directory 'D:/perl-xp/perl-5.40.3/cpan/MIME-Base64'
Warning: ..\..\lib\CORE/config.h out of date with ..\../config.sh; D:\perl-xp\perl-5.40.3\miniperl.exe -I..\..\lib -e exit 1 --
Running Mkbootstrap for Base64 ()
"D:\perl-xp\perl-5.40.3\miniperl.exe" "-I..\..\lib" -MExtUtils::Command -e chmod -- 644 "Base64.bs"
"D:\perl-xp\perl-5.40.3\miniperl.exe" "-I..\..\lib" -MExtUtils::Command::MM -e cp_nonempty -- Base64.bs ..\..\lib\auto\MIME\Base64\Base64.bs 644
"D:\perl-xp\perl-5.40.3\miniperl.exe" "-I..\..\lib" "D:\perl-xp\perl-5.40.3\dist\ExtUtils-ParseXS\lib\ExtUtils/xsubpp"  -typemap D:\perl-xp\perl-5.40.3\lib\ExtUtils\typemap  Base64.xs > Base64.xsc
"D:\perl-xp\perl-5.40.3\miniperl.exe" "-I..\..\lib" -MExtUtils::Command -e mv -- Base64.xsc Base64.c
gcc -c   -D_WIN32_WINNT=0x0501 -DWINVER=0x0501 -D_WIN32_WINDOWS=0x0501 -march=pentium4 -DWIN32 -DPERL_TEXTMODE_SCRIPTS -DMULTIPLICITY -DPERL_IMPLICIT_SYS -DUSE_PERLIO -D__USE_MINGW_ANSI_STDIO -fwrapv -fno-strict-aliasing -mms-bitfields -Os   -DVERSION=\"3.16_01\" -DXS_VERSION=\"3.16_01\"  "-I..\..\lib\CORE"   Base64.c
"D:\perl-xp\perl-5.40.3\miniperl.exe" "-I..\..\lib" -MExtUtils::Mksymlists \
     -e "Mksymlists('NAME'=>\"MIME::Base64\", 'DLBASE' => 'Base64', 'DL_FUNCS' => {  }, 'FUNCLIST' => [], 'IMPORTS' => {  }, 'DL_VARS' => []);"
g++ Base64.def -o ..\..\lib\auto\MIME\Base64\Base64.dll -shared -s -L"c:\perl\lib\CORE" -L"C:\toolchains\w64devkit\lib" -L"C:\toolchains\w64devkit\i686-w64-mingw32\lib" -L"C:\toolchains\w64devkit\lib\gcc\i686-w64-mingw32\16.2.0" Base64.o   "..\..\lib\CORE\libperl540.a" -lmoldname -lkernel32 -luser32 -lgdi32 -lwinspool -lcomdlg32 -ladvapi32 -lshell32 -lole32 -loleaut32 -lnetapi32 -luuid -lws2_32 -lmpr -lwinmm -lversion -lodbc32 -lodbccp32 -lcomctl32 -Wl,--enable-auto-image-base
"D:\perl-xp\perl-5.40.3\miniperl.exe" "-I..\..\lib" -MExtUtils::Command -e chmod -- 755 ..\..\lib\auto\MIME\Base64\Base64.dll
gmake[1]: Leaving directory 'D:/perl-xp/perl-5.40.3/cpan/MIME-Base64'
gmake[1]: Entering directory 'D:/perl-xp/perl-5.40.3/cpan/Math-BigInt-FastCalc'
Warning: ..\..\lib\CORE/config.h out of date with ..\../config.sh; D:\perl-xp\perl-5.40.3\miniperl.exe -I..\..\lib -e exit 1 --
Makefile out-of-date with respect to ..\..\lib/Config.pm
Cleaning current config before rebuilding Makefile...
gmake -f Makefile.old clean > NUL
"D:\perl-xp\perl-5.40.3\miniperl.exe" "-I..\..\lib" Makefile.PL "INSTALLDIRS=perl" "INSTALLMAN1DIR=none" "INSTALLMAN3DIR=none" "PERL_CORE=1" "PERL=D:\perl-xp\perl-5.40.3\miniperl.exe"
Generating a gmake-style Makefile
Writing Makefile for Math::BigInt::FastCalc
==> Your Makefile has been rebuilt. <==
==> Please rerun the gmake command.  <==
"D:\perl-xp\perl-5.40.3\miniperl.exe" "-I..\..\lib"  -e "exit 1" --
gmake[1]: *** [Makefile:917: Makefile] Error 1
gmake[1]: Leaving directory 'D:/perl-xp/perl-5.40.3/cpan/Math-BigInt-FastCalc'
gmake[1]: Entering directory 'D:/perl-xp/perl-5.40.3/cpan/Math-BigInt-FastCalc'
Warning: ..\..\lib\CORE/config.h out of date with ..\../config.sh; D:\perl-xp\perl-5.40.3\miniperl.exe -I..\..\lib -e exit 1 --
Running Mkbootstrap for FastCalc ()
"D:\perl-xp\perl-5.40.3\miniperl.exe" "-I..\..\lib" -MExtUtils::Command -e chmod -- 644 "FastCalc.bs"
"D:\perl-xp\perl-5.40.3\miniperl.exe" "-I..\..\lib" -MExtUtils::Command::MM -e cp_nonempty -- FastCalc.bs ..\..\lib\auto\Math\BigInt\FastCalc\FastCalc.bs 644
"D:\perl-xp\perl-5.40.3\miniperl.exe" "-I..\..\lib" "D:\perl-xp\perl-5.40.3\dist\ExtUtils-ParseXS\lib\ExtUtils/xsubpp"  -typemap D:\perl-xp\perl-5.40.3\lib\ExtUtils\typemap  FastCalc.xs > FastCalc.xsc
"D:\perl-xp\perl-5.40.3\miniperl.exe" "-I..\..\lib" -MExtUtils::Command -e mv -- FastCalc.xsc FastCalc.c
gcc -c   -D_WIN32_WINNT=0x0501 -DWINVER=0x0501 -D_WIN32_WINDOWS=0x0501 -march=pentium4 -DWIN32 -DPERL_TEXTMODE_SCRIPTS -DMULTIPLICITY -DPERL_IMPLICIT_SYS -DUSE_PERLIO -D__USE_MINGW_ANSI_STDIO -fwrapv -fno-strict-aliasing -mms-bitfields -Os   -DVERSION=\"0.5018\" -DXS_VERSION=\"0.5018\"  "-I..\..\lib\CORE"   FastCalc.c
"D:\perl-xp\perl-5.40.3\miniperl.exe" "-I..\..\lib" -MExtUtils::Mksymlists \
     -e "Mksymlists('NAME'=>\"Math::BigInt::FastCalc\", 'DLBASE' => 'FastCalc', 'DL_FUNCS' => {  }, 'FUNCLIST' => [], 'IMPORTS' => {  }, 'DL_VARS' => []);"
g++ FastCalc.def -o ..\..\lib\auto\Math\BigInt\FastCalc\FastCalc.dll -shared -s -L"c:\perl\lib\CORE" -L"C:\toolchains\w64devkit\lib" -L"C:\toolchains\w64devkit\i686-w64-mingw32\lib" -L"C:\toolchains\w64devkit\lib\gcc\i686-w64-mingw32\16.2.0" FastCalc.o   "..\..\lib\CORE\libperl540.a" -lmoldname -lkernel32 -luser32 -lgdi32 -lwinspool -lcomdlg32 -ladvapi32 -lshell32 -lole32 -loleaut32 -lnetapi32 -luuid -lws2_32 -lmpr -lwinmm -lversion -lodbc32 -lodbccp32 -lcomctl32 -Wl,--enable-auto-image-base
"D:\perl-xp\perl-5.40.3\miniperl.exe" "-I..\..\lib" -MExtUtils::Command -e chmod -- 755 ..\..\lib\auto\Math\BigInt\FastCalc\FastCalc.dll
gmake[1]: Leaving directory 'D:/perl-xp/perl-5.40.3/cpan/Math-BigInt-FastCalc'
gmake[1]: Entering directory 'D:/perl-xp/perl-5.40.3/ext/Opcode'
Warning: ..\..\lib\CORE/config.h out of date with ..\../config.sh; D:\perl-xp\perl-5.40.3\miniperl.exe -I..\..\lib -e exit 1 --
Makefile out-of-date with respect to ..\..\lib/Config.pm
Cleaning current config before rebuilding Makefile...
gmake -f Makefile.old clean > NUL
"D:\perl-xp\perl-5.40.3\miniperl.exe" "-I..\..\lib" Makefile.PL "INSTALLDIRS=perl" "INSTALLMAN1DIR=none" "INSTALLMAN3DIR=none" "PERL_CORE=1" "PERL=D:\perl-xp\perl-5.40.3\miniperl.exe"
Generating a gmake-style Makefile
Writing Makefile for Opcode
==> Your Makefile has been rebuilt. <==
==> Please rerun the gmake command.  <==
"D:\perl-xp\perl-5.40.3\miniperl.exe" "-I..\..\lib"  -e "exit 1" --
gmake[1]: *** [Makefile:919: Makefile] Error 1
gmake[1]: Leaving directory 'D:/perl-xp/perl-5.40.3/ext/Opcode'
gmake[1]: Entering directory 'D:/perl-xp/perl-5.40.3/ext/Opcode'
Warning: ..\..\lib\CORE/config.h out of date with ..\../config.sh; D:\perl-xp\perl-5.40.3\miniperl.exe -I..\..\lib -e exit 1 --
Running Mkbootstrap for Opcode ()
"D:\perl-xp\perl-5.40.3\miniperl.exe" "-I..\..\lib" -MExtUtils::Command -e chmod -- 644 "Opcode.bs"
"D:\perl-xp\perl-5.40.3\miniperl.exe" "-I..\..\lib" -MExtUtils::Command::MM -e cp_nonempty -- Opcode.bs ..\..\lib\auto\Opcode\Opcode.bs 644
"D:\perl-xp\perl-5.40.3\miniperl.exe" "-I..\..\lib" "D:\perl-xp\perl-5.40.3\dist\ExtUtils-ParseXS\lib\ExtUtils/xsubpp"  -typemap D:\perl-xp\perl-5.40.3\lib\ExtUtils\typemap  Opcode.xs > Opcode.xsc
"D:\perl-xp\perl-5.40.3\miniperl.exe" "-I..\..\lib" -MExtUtils::Command -e mv -- Opcode.xsc Opcode.c
gcc -c   -D_WIN32_WINNT=0x0501 -DWINVER=0x0501 -D_WIN32_WINDOWS=0x0501 -march=pentium4 -DWIN32 -DPERL_TEXTMODE_SCRIPTS -DMULTIPLICITY -DPERL_IMPLICIT_SYS -DUSE_PERLIO -D__USE_MINGW_ANSI_STDIO -fwrapv -fno-strict-aliasing -mms-bitfields -Os   -DVERSION=\"1.65\" -DXS_VERSION=\"1.65\"  "-I..\..\lib\CORE"   Opcode.c
"D:\perl-xp\perl-5.40.3\miniperl.exe" "-I..\..\lib" -MExtUtils::Mksymlists \
     -e "Mksymlists('NAME'=>\"Opcode\", 'DLBASE' => 'Opcode', 'DL_FUNCS' => {  }, 'FUNCLIST' => [], 'IMPORTS' => {  }, 'DL_VARS' => []);"
g++ Opcode.def -o ..\..\lib\auto\Opcode\Opcode.dll -shared -s -L"c:\perl\lib\CORE" -L"C:\toolchains\w64devkit\lib" -L"C:\toolchains\w64devkit\i686-w64-mingw32\lib" -L"C:\toolchains\w64devkit\lib\gcc\i686-w64-mingw32\16.2.0" Opcode.o   "..\..\lib\CORE\libperl540.a" -lmoldname -lkernel32 -luser32 -lgdi32 -lwinspool -lcomdlg32 -ladvapi32 -lshell32 -lole32 -loleaut32 -lnetapi32 -luuid -lws2_32 -lmpr -lwinmm -lversion -lodbc32 -lodbccp32 -lcomctl32 -Wl,--enable-auto-image-base
"D:\perl-xp\perl-5.40.3\miniperl.exe" "-I..\..\lib" -MExtUtils::Command -e chmod -- 755 ..\..\lib\auto\Opcode\Opcode.dll
gmake[1]: Leaving directory 'D:/perl-xp/perl-5.40.3/ext/Opcode'
Generating a gmake-style Makefile
Writing Makefile for POSIX
gmake[1]: Entering directory 'D:/perl-xp/perl-5.40.3/ext/POSIX'
Warning: ..\..\lib\CORE/config.h out of date with ..\../config.sh; D:\perl-xp\perl-5.40.3\miniperl.exe -I..\..\lib -e exit 1 --
Running Mkbootstrap for POSIX ()
"D:\perl-xp\perl-5.40.3\miniperl.exe" "-I..\..\lib" -MExtUtils::Command -e chmod -- 644 "POSIX.bs"
"D:\perl-xp\perl-5.40.3\miniperl.exe" "-I..\..\lib" -MExtUtils::Command::MM -e cp_nonempty -- POSIX.bs ..\..\lib\auto\POSIX\POSIX.bs 644
gcc -c   -D_WIN32_WINNT=0x0501 -DWINVER=0x0501 -D_WIN32_WINDOWS=0x0501 -march=pentium4 -DWIN32 -DPERL_TEXTMODE_SCRIPTS -DMULTIPLICITY -DPERL_IMPLICIT_SYS -DUSE_PERLIO -D__USE_MINGW_ANSI_STDIO -fwrapv -fno-strict-aliasing -mms-bitfields -Os   -DVERSION=\"2.20\" -DXS_VERSION=\"2.20\"  "-I..\..\lib\CORE"   POSIX.c
POSIX.xs: In function 'fix_win32_tzenv':
POSIX.xs:1725:13: error: implicit declaration of function 'putenv'; did you mean '_putenv'? [-Wimplicit-function-declaration]
 1725 |             putenv(newenv);
      |             ^~~~~~
      |             _putenv
gmake[1]: *** [Makefile:335: POSIX.o] Error 1
gmake[1]: Leaving directory 'D:/perl-xp/perl-5.40.3/ext/POSIX'
gmake[1]: Entering directory 'D:/perl-xp/perl-5.40.3/ext/POSIX'
Warning: ..\..\lib\CORE/config.h out of date with ..\../config.sh; D:\perl-xp\perl-5.40.3\miniperl.exe -I..\..\lib -e exit 1 --
"D:\perl-xp\perl-5.40.3\miniperl.exe" "-I..\..\lib" -MExtUtils::Command::MM -e cp_nonempty -- POSIX.bs ..\..\lib\auto\POSIX\POSIX.bs 644
gcc -c   -D_WIN32_WINNT=0x0501 -DWINVER=0x0501 -D_WIN32_WINDOWS=0x0501 -march=pentium4 -DWIN32 -DPERL_TEXTMODE_SCRIPTS -DMULTIPLICITY -DPERL_IMPLICIT_SYS -DUSE_PERLIO -D__USE_MINGW_ANSI_STDIO -fwrapv -fno-strict-aliasing -mms-bitfields -Os   -DVERSION=\"2.20\" -DXS_VERSION=\"2.20\"  "-I..\..\lib\CORE"   POSIX.c
POSIX.xs: In function 'fix_win32_tzenv':
POSIX.xs:1725:13: error: implicit declaration of function 'putenv'; did you mean '_putenv'? [-Wimplicit-function-declaration]
 1725 |             putenv(newenv);
      |             ^~~~~~
      |             _putenv
gmake[1]: *** [Makefile:335: POSIX.o] Error 1
gmake[1]: Leaving directory 'D:/perl-xp/perl-5.40.3/ext/POSIX'
Unsuccessful make(ext/POSIX): code=512 at ..\make_ext.pl line 584.
make: *** [GNUmakefile:1561: Extensions] Error 2
