# CCTYPE=GCC
# GCCBIN=gcc
# GCCVER=16.2.0
# GCCTARGET=i686-w64-mingw32
# GCCCROSS=
# WIN64=undef
# ARCHITECTURE=x86
# ARCHNAME=MSWin32-x86-multi-thread
# MAKE=gmake
if not exist "mini" mkdir "mini"
copy config_H.gc mini\config.h
已复制         1 个文件。
gcc -c -Imini -D_WIN32_WINNT=0x0501 -DWINVER=0x0501 -D_WIN32_WINDOWS=0x0501 -march=pentium4 -std=c99 -I.\include -I. -I.. -DWIN32 -DPERLDLL -DPERL_CORE -Os -Wall -Wextra -Werror=pointer-arith -Wno-format -Wno-long-long -Werror=vla -D__USE_MINGW_ANSI_STDIO -fwrapv -fno-strict-aliasing -DPERL_EXTERNAL_GLOB -DPERL_IS_MINIPERL -omini\toke.o  ..\toke.c
gcc -c -Imini -D_WIN32_WINNT=0x0501 -DWINVER=0x0501 -D_WIN32_WINDOWS=0x0501 -march=pentium4 -std=c99 -I.\include -I. -I.. -DWIN32 -DPERLDLL -DPERL_CORE -Os -Wall -Wextra -Werror=pointer-arith -Wno-format -Wno-long-long -Werror=vla -D__USE_MINGW_ANSI_STDIO -fwrapv -fno-strict-aliasing -DPERL_EXTERNAL_GLOB -DPERL_IS_MINIPERL -omini\regcomp.o  ..\regcomp.c
gcc -c -Imini -D_WIN32_WINNT=0x0501 -DWINVER=0x0501 -D_WIN32_WINDOWS=0x0501 -march=pentium4 -std=c99 -I.\include -I. -I.. -DWIN32 -DPERLDLL -DPERL_CORE -Os -Wall -Wextra -Werror=pointer-arith -Wno-format -Wno-long-long -Werror=vla -D__USE_MINGW_ANSI_STDIO -fwrapv -fno-strict-aliasing -DPERL_EXTERNAL_GLOB -DPERL_IS_MINIPERL -omini\regcomp_trie.o  ..\regcomp_trie.c
gcc -c -Imini -D_WIN32_WINNT=0x0501 -DWINVER=0x0501 -D_WIN32_WINDOWS=0x0501 -march=pentium4 -std=c99 -I.\include -I. -I.. -DWIN32 -DPERLDLL -DPERL_CORE -Os -Wall -Wextra -Werror=pointer-arith -Wno-format -Wno-long-long -Werror=vla -D__USE_MINGW_ANSI_STDIO -fwrapv -fno-strict-aliasing -DPERL_EXTERNAL_GLOB -DPERL_IS_MINIPERL -omini\regcomp_debug.o  ..\regcomp_debug.c
gcc -c -Imini -D_WIN32_WINNT=0x0501 -DWINVER=0x0501 -D_WIN32_WINDOWS=0x0501 -march=pentium4 -std=c99 -I.\include -I. -I.. -DWIN32 -DPERLDLL -DPERL_CORE -Os -Wall -Wextra -Werror=pointer-arith -Wno-format -Wno-long-long -Werror=vla -D__USE_MINGW_ANSI_STDIO -fwrapv -fno-strict-aliasing -DPERL_EXTERNAL_GLOB -DPERL_IS_MINIPERL -omini\regcomp_invlist.o  ..\regcomp_invlist.c
gcc -c -Imini -D_WIN32_WINNT=0x0501 -DWINVER=0x0501 -D_WIN32_WINDOWS=0x0501 -march=pentium4 -std=c99 -I.\include -I. -I.. -DWIN32 -DPERLDLL -DPERL_CORE -Os -Wall -Wextra -Werror=pointer-arith -Wno-format -Wno-long-long -Werror=vla -D__USE_MINGW_ANSI_STDIO -fwrapv -fno-strict-aliasing -DPERL_EXTERNAL_GLOB -DPERL_IS_MINIPERL -omini\regcomp_study.o  ..\regcomp_study.c
gcc -c -Imini -D_WIN32_WINNT=0x0501 -DWINVER=0x0501 -D_WIN32_WINDOWS=0x0501 -march=pentium4 -std=c99 -I.\include -I. -I.. -DWIN32 -DPERLDLL -DPERL_CORE -Os -Wall -Wextra -Werror=pointer-arith -Wno-format -Wno-long-long -Werror=vla -D__USE_MINGW_ANSI_STDIO -fwrapv -fno-strict-aliasing -DPERL_EXTERNAL_GLOB -DPERL_IS_MINIPERL -omini\regexec.o  ..\regexec.c
gcc -c -Imini -D_WIN32_WINNT=0x0501 -DWINVER=0x0501 -D_WIN32_WINDOWS=0x0501 -march=pentium4 -std=c99 -I.\include -I. -I.. -DWIN32 -DPERLDLL -DPERL_CORE -Os -Wall -Wextra -Werror=pointer-arith -Wno-format -Wno-long-long -Werror=vla -D__USE_MINGW_ANSI_STDIO -fwrapv -fno-strict-aliasing -DPERL_EXTERNAL_GLOB -DPERL_IS_MINIPERL -omini\op.o  ..\op.c
gcc -c -Imini -D_WIN32_WINNT=0x0501 -DWINVER=0x0501 -D_WIN32_WINDOWS=0x0501 -march=pentium4 -std=c99 -I.\include -I. -I.. -DWIN32 -DPERLDLL -DPERL_CORE -Os -Wall -Wextra -Werror=pointer-arith -Wno-format -Wno-long-long -Werror=vla -D__USE_MINGW_ANSI_STDIO -fwrapv -fno-strict-aliasing -DPERL_EXTERNAL_GLOB -DPERL_IS_MINIPERL -omini\sv.o  ..\sv.c
gcc -c -Imini -D_WIN32_WINNT=0x0501 -DWINVER=0x0501 -D_WIN32_WINDOWS=0x0501 -march=pentium4 -std=c99 -I.\include -I. -I.. -DWIN32 -DPERLDLL -DPERL_CORE -Os -Wall -Wextra -Werror=pointer-arith -Wno-format -Wno-long-long -Werror=vla -D__USE_MINGW_ANSI_STDIO -fwrapv -fno-strict-aliasing -DPERL_EXTERNAL_GLOB -DPERL_IS_MINIPERL -omini\pp.o  ..\pp.c
gcc -c -Imini -D_WIN32_WINNT=0x0501 -DWINVER=0x0501 -D_WIN32_WINDOWS=0x0501 -march=pentium4 -std=c99 -I.\include -I. -I.. -DWIN32 -DPERLDLL -DPERL_CORE -Os -Wall -Wextra -Werror=pointer-arith -Wno-format -Wno-long-long -Werror=vla -D__USE_MINGW_ANSI_STDIO -fwrapv -fno-strict-aliasing -DPERL_EXTERNAL_GLOB -DPERL_IS_MINIPERL -omini\pp_ctl.o  ..\pp_ctl.c
gcc -c -Imini -D_WIN32_WINNT=0x0501 -DWINVER=0x0501 -D_WIN32_WINDOWS=0x0501 -march=pentium4 -std=c99 -I.\include -I. -I.. -DWIN32 -DPERLDLL -DPERL_CORE -Os -Wall -Wextra -Werror=pointer-arith -Wno-format -Wno-long-long -Werror=vla -D__USE_MINGW_ANSI_STDIO -fwrapv -fno-strict-aliasing -DPERL_EXTERNAL_GLOB -DPERL_IS_MINIPERL -omini\pp_sys.o  ..\pp_sys.c
..\pp_sys.c: In function 'Perl_pp_shostent':
..\pp_sys.c:5583:15: warning: unused variable 'stayopen' [-Wunused-variable]
 5583 |     const int stayopen = TOPi;
      |               ^~~~~~~~
gcc -c -Imini -D_WIN32_WINNT=0x0501 -DWINVER=0x0501 -D_WIN32_WINDOWS=0x0501 -march=pentium4 -std=c99 -I.\include -I. -I.. -DWIN32 -DPERLDLL -DPERL_CORE -Os -Wall -Wextra -Werror=pointer-arith -Wno-format -Wno-long-long -Werror=vla -D__USE_MINGW_ANSI_STDIO -fwrapv -fno-strict-aliasing -DPERL_EXTERNAL_GLOB -DPERL_IS_MINIPERL -omini\pp_pack.o  ..\pp_pack.c
gcc -c -Imini -D_WIN32_WINNT=0x0501 -DWINVER=0x0501 -D_WIN32_WINDOWS=0x0501 -march=pentium4 -std=c99 -I.\include -I. -I.. -DWIN32 -DPERLDLL -DPERL_CORE -Os -Wall -Wextra -Werror=pointer-arith -Wno-format -Wno-long-long -Werror=vla -D__USE_MINGW_ANSI_STDIO -fwrapv -fno-strict-aliasing -DPERL_EXTERNAL_GLOB -DPERL_IS_MINIPERL -omini\pp_hot.o  ..\pp_hot.c
..\pp_hot.c: In function 'Perl_pp_aelemfastlex_store':
..\pp_hot.c:363:27: warning: array subscript has type 'char' [-Wchar-subscripts]
  363 |         targ = AvARRAY(av)[key];
      |                           ^
..\pp_hot.c: In function 'Perl_pp_aelemfast':
..\pp_hot.c:2050:25: warning: array subscript has type 'char' [-Wchar-subscripts]
 2050 |         sv = AvARRAY(av)[key];
      |                         ^
gcc -c -Imini -D_WIN32_WINNT=0x0501 -DWINVER=0x0501 -D_WIN32_WINDOWS=0x0501 -march=pentium4 -std=c99 -I.\include -I. -I.. -DWIN32 -DPERLDLL -DPERL_CORE -Os -Wall -Wextra -Werror=pointer-arith -Wno-format -Wno-long-long -Werror=vla -D__USE_MINGW_ANSI_STDIO -fwrapv -fno-strict-aliasing -DPERL_EXTERNAL_GLOB -DPERL_IS_MINIPERL -omini\gv.o  ..\gv.c
gcc -c -Imini -D_WIN32_WINNT=0x0501 -DWINVER=0x0501 -D_WIN32_WINDOWS=0x0501 -march=pentium4 -std=c99 -I.\include -I. -I.. -DWIN32 -DPERLDLL -DPERL_CORE -Os -Wall -Wextra -Werror=pointer-arith -Wno-format -Wno-long-long -Werror=vla -D__USE_MINGW_ANSI_STDIO -fwrapv -fno-strict-aliasing -DPERL_EXTERNAL_GLOB -DPERL_IS_MINIPERL -omini\perl.o  ..\perl.c
gcc -c -Imini -D_WIN32_WINNT=0x0501 -DWINVER=0x0501 -D_WIN32_WINDOWS=0x0501 -march=pentium4 -std=c99 -I.\include -I. -I.. -DWIN32 -DPERLDLL -DPERL_CORE -Os -Wall -Wextra -Werror=pointer-arith -Wno-format -Wno-long-long -Werror=vla -D__USE_MINGW_ANSI_STDIO -fwrapv -fno-strict-aliasing -DPERL_EXTERNAL_GLOB -DPERL_IS_MINIPERL -omini\utf8.o  ..\utf8.c
In file included from ..\perl.h:6225,
                 from ..\utf8.c:33:
..\utf8.c: In function 'S__to_utf8_case':
..\embed.h:794:49: warning: 'remaining_list' may be used uninitialized [-Wmaybe-uninitialized]
  794 | # define uvoffuni_to_utf8_flags_msgs(a,b,c,d)   Perl_uvoffuni_to_utf8_flags_msgs(aTHX_ a,b,c,d)
      |                                                 ^~~~~~~~~~~~~~~~~~~~~~~~~~~~~~~~~~~~~~~~~~~~~~~
..\utf8.h:154:17: note: in expansion of macro 'uvoffuni_to_utf8_flags_msgs'
  154 |                 uvoffuni_to_utf8_flags_msgs(d,NATIVE_TO_UNI(uv),flags, msgs)
      |                 ^~~~~~~~~~~~~~~~~~~~~~~~~~~
..\utf8.h:152:37: note: in expansion of macro 'uvchr_to_utf8_flags_msgs'
  152 |                                     uvchr_to_utf8_flags_msgs(d,uv,flags, 0)
      |                                     ^~~~~~~~~~~~~~~~~~~~~~~~
..\utf8.h:150:37: note: in expansion of macro 'uvchr_to_utf8_flags'
  150 | #define uvchr_to_utf8(a,b)          uvchr_to_utf8_flags(a,b,0)
      |                                     ^~~~~~~~~~~~~~~~~~~
..\utf8.c:3537:17: note: in expansion of macro 'uvchr_to_utf8'
 3537 |             d = uvchr_to_utf8(d, remaining_list[i]);
      |                 ^~~~~~~~~~~~~
..\utf8.c:3511:17: note: 'remaining_list' was declared here
 3511 |     const U32 * remaining_list;
      |                 ^~~~~~~~~~~~~~
gcc -c -Imini -D_WIN32_WINNT=0x0501 -DWINVER=0x0501 -D_WIN32_WINDOWS=0x0501 -march=pentium4 -std=c99 -I.\include -I. -I.. -DWIN32 -DPERLDLL -DPERL_CORE -Os -Wall -Wextra -Werror=pointer-arith -Wno-format -Wno-long-long -Werror=vla -D__USE_MINGW_ANSI_STDIO -fwrapv -fno-strict-aliasing -DPERL_EXTERNAL_GLOB -DPERL_IS_MINIPERL -omini\dump.o  ..\dump.c
gcc -c -Imini -D_WIN32_WINNT=0x0501 -DWINVER=0x0501 -D_WIN32_WINDOWS=0x0501 -march=pentium4 -std=c99 -I.\include -I. -I.. -DWIN32 -DPERLDLL -DPERL_CORE -Os -Wall -Wextra -Werror=pointer-arith -Wno-format -Wno-long-long -Werror=vla -D__USE_MINGW_ANSI_STDIO -fwrapv -fno-strict-aliasing -DPERL_EXTERNAL_GLOB -DPERL_IS_MINIPERL -omini\hv.o  ..\hv.c
gcc -c -Imini -D_WIN32_WINNT=0x0501 -DWINVER=0x0501 -D_WIN32_WINDOWS=0x0501 -march=pentium4 -std=c99 -I.\include -I. -I.. -DWIN32 -DPERLDLL -DPERL_CORE -Os -Wall -Wextra -Werror=pointer-arith -Wno-format -Wno-long-long -Werror=vla -D__USE_MINGW_ANSI_STDIO -fwrapv -fno-strict-aliasing -DPERL_EXTERNAL_GLOB -DPERL_IS_MINIPERL -omini\av.o  ..\av.c
gcc -c -Imini -D_WIN32_WINNT=0x0501 -DWINVER=0x0501 -D_WIN32_WINDOWS=0x0501 -march=pentium4 -std=c99 -I.\include -I. -I.. -DWIN32 -DPERLDLL -DPERL_CORE -Os -Wall -Wextra -Werror=pointer-arith -Wno-format -Wno-long-long -Werror=vla -D__USE_MINGW_ANSI_STDIO -fwrapv -fno-strict-aliasing -DPERL_EXTERNAL_GLOB -DPERL_IS_MINIPERL -omini\builtin.o  ..\builtin.c
gcc -c -Imini -D_WIN32_WINNT=0x0501 -DWINVER=0x0501 -D_WIN32_WINDOWS=0x0501 -march=pentium4 -std=c99 -I.\include -I. -I.. -DWIN32 -DPERLDLL -DPERL_CORE -Os -Wall -Wextra -Werror=pointer-arith -Wno-format -Wno-long-long -Werror=vla -D__USE_MINGW_ANSI_STDIO -fwrapv -fno-strict-aliasing -DPERL_EXTERNAL_GLOB -DPERL_IS_MINIPERL -omini\caretx.o  ..\caretx.c
gcc -c -Imini -D_WIN32_WINNT=0x0501 -DWINVER=0x0501 -D_WIN32_WINDOWS=0x0501 -march=pentium4 -std=c99 -I.\include -I. -I.. -DWIN32 -DPERLDLL -DPERL_CORE -Os -Wall -Wextra -Werror=pointer-arith -Wno-format -Wno-long-long -Werror=vla -D__USE_MINGW_ANSI_STDIO -fwrapv -fno-strict-aliasing -DPERL_EXTERNAL_GLOB -DPERL_IS_MINIPERL -omini\class.o  ..\class.c
gcc -c -Imini -D_WIN32_WINNT=0x0501 -DWINVER=0x0501 -D_WIN32_WINDOWS=0x0501 -march=pentium4 -std=c99 -I.\include -I. -I.. -DWIN32 -DPERLDLL -DPERL_CORE -Os -Wall -Wextra -Werror=pointer-arith -Wno-format -Wno-long-long -Werror=vla -D__USE_MINGW_ANSI_STDIO -fwrapv -fno-strict-aliasing -DPERL_EXTERNAL_GLOB -DPERL_IS_MINIPERL -omini\deb.o  ..\deb.c
gcc -c -Imini -D_WIN32_WINNT=0x0501 -DWINVER=0x0501 -D_WIN32_WINDOWS=0x0501 -march=pentium4 -std=c99 -I.\include -I. -I.. -DWIN32 -DPERLDLL -DPERL_CORE -Os -Wall -Wextra -Werror=pointer-arith -Wno-format -Wno-long-long -Werror=vla -D__USE_MINGW_ANSI_STDIO -fwrapv -fno-strict-aliasing -DPERL_EXTERNAL_GLOB -DPERL_IS_MINIPERL -omini\doio.o  ..\doio.c
gcc -c -Imini -D_WIN32_WINNT=0x0501 -DWINVER=0x0501 -D_WIN32_WINDOWS=0x0501 -march=pentium4 -std=c99 -I.\include -I. -I.. -DWIN32 -DPERLDLL -DPERL_CORE -Os -Wall -Wextra -Werror=pointer-arith -Wno-format -Wno-long-long -Werror=vla -D__USE_MINGW_ANSI_STDIO -fwrapv -fno-strict-aliasing -DPERL_EXTERNAL_GLOB -DPERL_IS_MINIPERL -omini\doop.o  ..\doop.c
gcc -c -Imini -D_WIN32_WINNT=0x0501 -DWINVER=0x0501 -D_WIN32_WINDOWS=0x0501 -march=pentium4 -std=c99 -I.\include -I. -I.. -DWIN32 -DPERLDLL -DPERL_CORE -Os -Wall -Wextra -Werror=pointer-arith -Wno-format -Wno-long-long -Werror=vla -D__USE_MINGW_ANSI_STDIO -fwrapv -fno-strict-aliasing -DPERL_EXTERNAL_GLOB -DPERL_IS_MINIPERL -omini\dquote.o  ..\dquote.c
g++ -D_WIN32_WINNT=0x0501 -DWINVER=0x0501 -D_WIN32_WINDOWS=0x0501 -march=pentium4 -std=c99 -I.\include -I. -I.. -DWIN32 -DPERLDLL -DPERL_CORE -Os -DPERL_TEXTMODE_SCRIPTS -DMULTIPLICITY -DPERL_IMPLICIT_SYS -DUSE_PERLIO -D__USE_MINGW_ANSI_STDIO -fwrapv -fno-strict-aliasing -mms-bitfields -Wall -Wextra -Werror=pointer-arith -Wno-format -Wno-long-long -Werror=vla -o..\generate_uudmap.exe ..\generate_uudmap.c \
 -s -L"c:\perl\lib\CORE" -L"C:\toolchains\w64devkit\lib" -L"C:\toolchains\w64devkit\i686-w64-mingw32\lib" -L"C:\toolchains\w64devkit\lib\gcc\i686-w64-mingw32\16.2.0"  -lmoldname -lkernel32 -luser32 -lgdi32 -lwinspool -lcomdlg32 -ladvapi32 -lshell32 -lole32 -loleaut32 -lnetapi32 -luuid -lws2_32 -lmpr -lwinmm -lversion -lodbc32 -lodbccp32 -lcomctl32
cc1plus.exe: warning: command-line option '-std=c99' is valid for C/ObjC but not for C++
..\generate_uudmap.exe ..\uudmap.h ..\bitcount.h ..\mg_data.h
gcc -c -Imini -D_WIN32_WINNT=0x0501 -DWINVER=0x0501 -D_WIN32_WINDOWS=0x0501 -march=pentium4 -std=c99 -I.\include -I. -I.. -DWIN32 -DPERLDLL -DPERL_CORE -Os -Wall -Wextra -Werror=pointer-arith -Wno-format -Wno-long-long -Werror=vla -D__USE_MINGW_ANSI_STDIO -fwrapv -fno-strict-aliasing -DPERL_EXTERNAL_GLOB -DPERL_IS_MINIPERL -omini\globals.o  ..\globals.c
gcc -c -Imini -D_WIN32_WINNT=0x0501 -DWINVER=0x0501 -D_WIN32_WINDOWS=0x0501 -march=pentium4 -std=c99 -I.\include -I. -I.. -DWIN32 -DPERLDLL -DPERL_CORE -Os -Wall -Wextra -Werror=pointer-arith -Wno-format -Wno-long-long -Werror=vla -D__USE_MINGW_ANSI_STDIO -fwrapv -fno-strict-aliasing -DPERL_EXTERNAL_GLOB -DPERL_IS_MINIPERL -omini\mro_core.o  ..\mro_core.c
gcc -c -Imini -D_WIN32_WINNT=0x0501 -DWINVER=0x0501 -D_WIN32_WINDOWS=0x0501 -march=pentium4 -std=c99 -I.\include -I. -I.. -DWIN32 -DPERLDLL -DPERL_CORE -Os -Wall -Wextra -Werror=pointer-arith -Wno-format -Wno-long-long -Werror=vla -D__USE_MINGW_ANSI_STDIO -fwrapv -fno-strict-aliasing -DPERL_EXTERNAL_GLOB -DPERL_IS_MINIPERL -omini\locale.o  ..\locale.c
..\locale.c: In function 'S_ints_to_tm':
..\locale.c:8216:33: warning: unused parameter 'locale' [-Wunused-parameter]
 8216 |                    const char * locale,
      |                    ~~~~~~~~~~~~~^~~~~~
..\locale.c: At top level:
..\locale.c:867:19: warning: 'category_available' defined but not used [-Wunused-const-variable=]
  867 | STATIC const bool category_available[] = {
      |                   ^~~~~~~~~~~~~~~~~~
gcc -c -Imini -D_WIN32_WINNT=0x0501 -DWINVER=0x0501 -D_WIN32_WINDOWS=0x0501 -march=pentium4 -std=c99 -I.\include -I. -I.. -DWIN32 -DPERLDLL -DPERL_CORE -Os -Wall -Wextra -Werror=pointer-arith -Wno-format -Wno-long-long -Werror=vla -D__USE_MINGW_ANSI_STDIO -fwrapv -fno-strict-aliasing -DPERL_EXTERNAL_GLOB -DPERL_IS_MINIPERL -omini\keywords.o  ..\keywords.c
gcc -c -Imini -D_WIN32_WINNT=0x0501 -DWINVER=0x0501 -D_WIN32_WINDOWS=0x0501 -march=pentium4 -std=c99 -I.\include -I. -I.. -DWIN32 -DPERLDLL -DPERL_CORE -Os -Wall -Wextra -Werror=pointer-arith -Wno-format -Wno-long-long -Werror=vla -D__USE_MINGW_ANSI_STDIO -fwrapv -fno-strict-aliasing -DPERL_EXTERNAL_GLOB -DPERL_IS_MINIPERL -omini\mathoms.o  ..\mathoms.c
gcc -c -Imini -D_WIN32_WINNT=0x0501 -DWINVER=0x0501 -D_WIN32_WINDOWS=0x0501 -march=pentium4 -std=c99 -I.\include -I. -I.. -DWIN32 -DPERLDLL -DPERL_CORE -Os -Wall -Wextra -Werror=pointer-arith -Wno-format -Wno-long-long -Werror=vla -D__USE_MINGW_ANSI_STDIO -fwrapv -fno-strict-aliasing -DPERL_EXTERNAL_GLOB -DPERL_IS_MINIPERL -omini\mg.o  ..\mg.c
..\mg.c: In function 'Perl_magic_setenv':
..\mg.c:1302:12: warning: variable 'len' set but not used [-Wunused-but-set-variable=]
 1302 |     STRLEN len = 0, klen;
      |            ^~~
..\mg.c: In function 'Perl_perly_sighandler':
..\mg.c:3664:54: warning: unused parameter 'safe' [-Wunused-parameter]
 3664 |                     void *uap PERL_UNUSED_DECL, bool safe)
      |                                                      ^
gcc -c -Imini -D_WIN32_WINNT=0x0501 -DWINVER=0x0501 -D_WIN32_WINDOWS=0x0501 -march=pentium4 -std=c99 -I.\include -I. -I.. -DWIN32 -DPERLDLL -DPERL_CORE -Os -Wall -Wextra -Werror=pointer-arith -Wno-format -Wno-long-long -Werror=vla -D__USE_MINGW_ANSI_STDIO -fwrapv -fno-strict-aliasing -DPERL_EXTERNAL_GLOB -DPERL_IS_MINIPERL -omini\numeric.o  ..\numeric.c
gcc -c -Imini -D_WIN32_WINNT=0x0501 -DWINVER=0x0501 -D_WIN32_WINDOWS=0x0501 -march=pentium4 -std=c99 -I.\include -I. -I.. -DWIN32 -DPERLDLL -DPERL_CORE -Os -Wall -Wextra -Werror=pointer-arith -Wno-format -Wno-long-long -Werror=vla -D__USE_MINGW_ANSI_STDIO -fwrapv -fno-strict-aliasing -DPERL_EXTERNAL_GLOB -DPERL_IS_MINIPERL -omini\pad.o  ..\pad.c
gcc -c -Imini -D_WIN32_WINNT=0x0501 -DWINVER=0x0501 -D_WIN32_WINDOWS=0x0501 -march=pentium4 -std=c99 -I.\include -I. -I.. -DWIN32 -DPERLDLL -DPERL_CORE -Os -Wall -Wextra -Werror=pointer-arith -Wno-format -Wno-long-long -Werror=vla -D__USE_MINGW_ANSI_STDIO -fwrapv -fno-strict-aliasing -DPERL_EXTERNAL_GLOB -DPERL_IS_MINIPERL -omini\peep.o  ..\peep.c
gcc -c -Imini -D_WIN32_WINNT=0x0501 -DWINVER=0x0501 -D_WIN32_WINDOWS=0x0501 -march=pentium4 -std=c99 -I.\include -I. -I.. -DWIN32 -DPERLDLL -DPERL_CORE -Os -Wall -Wextra -Werror=pointer-arith -Wno-format -Wno-long-long -Werror=vla -D__USE_MINGW_ANSI_STDIO -fwrapv -fno-strict-aliasing -DPERL_EXTERNAL_GLOB -DPERL_IS_MINIPERL -omini\perly.o  ..\perly.c
gcc -c -Imini -D_WIN32_WINNT=0x0501 -DWINVER=0x0501 -D_WIN32_WINDOWS=0x0501 -march=pentium4 -std=c99 -I.\include -I. -I.. -DWIN32 -DPERLDLL -DPERL_CORE -Os -Wall -Wextra -Werror=pointer-arith -Wno-format -Wno-long-long -Werror=vla -D__USE_MINGW_ANSI_STDIO -fwrapv -fno-strict-aliasing -DPERL_EXTERNAL_GLOB -DPERL_IS_MINIPERL -omini\pp_sort.o  ..\pp_sort.c
gcc -c -Imini -D_WIN32_WINNT=0x0501 -DWINVER=0x0501 -D_WIN32_WINDOWS=0x0501 -march=pentium4 -std=c99 -I.\include -I. -I.. -DWIN32 -DPERLDLL -DPERL_CORE -Os -Wall -Wextra -Werror=pointer-arith -Wno-format -Wno-long-long -Werror=vla -D__USE_MINGW_ANSI_STDIO -fwrapv -fno-strict-aliasing -DPERL_EXTERNAL_GLOB -DPERL_IS_MINIPERL -omini\reentr.o  ..\reentr.c
gcc -c -Imini -D_WIN32_WINNT=0x0501 -DWINVER=0x0501 -D_WIN32_WINDOWS=0x0501 -march=pentium4 -std=c99 -I.\include -I. -I.. -DWIN32 -DPERLDLL -DPERL_CORE -Os -Wall -Wextra -Werror=pointer-arith -Wno-format -Wno-long-long -Werror=vla -D__USE_MINGW_ANSI_STDIO -fwrapv -fno-strict-aliasing -DPERL_EXTERNAL_GLOB -DPERL_IS_MINIPERL -omini\run.o  ..\run.c
gcc -c -Imini -D_WIN32_WINNT=0x0501 -DWINVER=0x0501 -D_WIN32_WINDOWS=0x0501 -march=pentium4 -std=c99 -I.\include -I. -I.. -DWIN32 -DPERLDLL -DPERL_CORE -Os -Wall -Wextra -Werror=pointer-arith -Wno-format -Wno-long-long -Werror=vla -D__USE_MINGW_ANSI_STDIO -fwrapv -fno-strict-aliasing -DPERL_EXTERNAL_GLOB -DPERL_IS_MINIPERL -omini\scope.o  ..\scope.c
gcc -c -Imini -D_WIN32_WINNT=0x0501 -DWINVER=0x0501 -D_WIN32_WINDOWS=0x0501 -march=pentium4 -std=c99 -I.\include -I. -I.. -DWIN32 -DPERLDLL -DPERL_CORE -Os -Wall -Wextra -Werror=pointer-arith -Wno-format -Wno-long-long -Werror=vla -D__USE_MINGW_ANSI_STDIO -fwrapv -fno-strict-aliasing -DPERL_EXTERNAL_GLOB -DPERL_IS_MINIPERL -omini\taint.o  ..\taint.c
gcc -c -Imini -D_WIN32_WINNT=0x0501 -DWINVER=0x0501 -D_WIN32_WINDOWS=0x0501 -march=pentium4 -std=c99 -I.\include -I. -I.. -DWIN32 -DPERLDLL -DPERL_CORE -Os -Wall -Wextra -Werror=pointer-arith -Wno-format -Wno-long-long -Werror=vla -D__USE_MINGW_ANSI_STDIO -fwrapv -fno-strict-aliasing -DPERL_EXTERNAL_GLOB -DPERL_IS_MINIPERL -omini\time64.o  ..\time64.c
gcc -c -Imini -D_WIN32_WINNT=0x0501 -DWINVER=0x0501 -D_WIN32_WINDOWS=0x0501 -march=pentium4 -std=c99 -I.\include -I. -I.. -DWIN32 -DPERLDLL -DPERL_CORE -Os -Wall -Wextra -Werror=pointer-arith -Wno-format -Wno-long-long -Werror=vla -D__USE_MINGW_ANSI_STDIO -fwrapv -fno-strict-aliasing -DPERL_EXTERNAL_GLOB -DPERL_IS_MINIPERL -omini\universal.o  ..\universal.c
gcc -c -Imini -D_WIN32_WINNT=0x0501 -DWINVER=0x0501 -D_WIN32_WINDOWS=0x0501 -march=pentium4 -std=c99 -I.\include -I. -I.. -DWIN32 -DPERLDLL -DPERL_CORE -Os -Wall -Wextra -Werror=pointer-arith -Wno-format -Wno-long-long -Werror=vla -D__USE_MINGW_ANSI_STDIO -fwrapv -fno-strict-aliasing -DPERL_EXTERNAL_GLOB -DPERL_IS_MINIPERL -omini\util.o  ..\util.c
..\util.c: In function 'sig_trap':
..\util.c:3075:14: warning: unused parameter 'signo' [-Wunused-parameter]
 3075 | sig_trap(int signo)
      |          ~~~~^~~~~
..\util.c: In function 'Perl_find_script':
..\util.c:3521:39: warning: comparison of integer expressions of different signedness: 'long int' and 'unsigned int' [-Wsign-compare]
 3521 |                 if (len+MAX_EXT_LEN+1 >= sizeof(tmpbuf))
      |                                       ^~
..\util.c:3546:25: warning: comparison of integer expressions of different signedness: 'I32' {aka 'long int'} and 'unsigned int' [-Wsign-compare]
 3546 |                 if (len < sizeof tmpbuf)
      |                         ^
..\util.c:3549:21: warning: comparison of integer expressions of different signedness: 'I32' {aka 'long int'} and 'unsigned int' [-Wsign-compare]
 3549 |             if (len < sizeof tmpbuf)
      |                     ^
gcc -c -Imini -D_WIN32_WINNT=0x0501 -DWINVER=0x0501 -D_WIN32_WINDOWS=0x0501 -march=pentium4 -std=c99 -I.\include -I. -I.. -DWIN32 -DPERLDLL -DPERL_CORE -Os -Wall -Wextra -Werror=pointer-arith -Wno-format -Wno-long-long -Werror=vla -D__USE_MINGW_ANSI_STDIO -fwrapv -fno-strict-aliasing -DPERL_EXTERNAL_GLOB -DPERL_IS_MINIPERL -omini\miniperlmain.o  ..\miniperlmain.c
gcc -c -Imini -D_WIN32_WINNT=0x0501 -DWINVER=0x0501 -D_WIN32_WINDOWS=0x0501 -march=pentium4 -std=c99 -I.\include -I. -I.. -DWIN32 -DPERLDLL -DPERL_CORE -Os -Wall -Wextra -Werror=pointer-arith -Wno-format -Wno-long-long -Werror=vla -D__USE_MINGW_ANSI_STDIO -fwrapv -fno-strict-aliasing -DPERL_EXTERNAL_GLOB -DPERL_IS_MINIPERL -omini\perlio.o  ..\perlio.c
gcc -c -Imini -D_WIN32_WINNT=0x0501 -DWINVER=0x0501 -D_WIN32_WINDOWS=0x0501 -march=pentium4 -std=c99 -I.\include -I. -I.. -DWIN32 -DPERLDLL -DPERL_CORE -Os -Wall -Wextra -Werror=pointer-arith -Wno-format -Wno-long-long -Werror=vla -D__USE_MINGW_ANSI_STDIO -fwrapv -fno-strict-aliasing -DPERL_EXTERNAL_GLOB -DPERL_IS_MINIPERL -omini\win32.o  win32.c
gcc -c -Imini -D_WIN32_WINNT=0x0501 -DWINVER=0x0501 -D_WIN32_WINDOWS=0x0501 -march=pentium4 -std=c99 -I.\include -I. -I.. -DWIN32 -DPERLDLL -DPERL_CORE -Os -Wall -Wextra -Werror=pointer-arith -Wno-format -Wno-long-long -Werror=vla -D__USE_MINGW_ANSI_STDIO -fwrapv -fno-strict-aliasing -DPERL_EXTERNAL_GLOB -DPERL_IS_MINIPERL -omini\win32sck.o  win32sck.c
win32sck.c: In function 'win32_getnetbyname':
win32sck.c:781:26: warning: unused parameter 'name' [-Wunused-parameter]
  781 | win32_getnetbyname(char *name)
      |                    ~~~~~~^~~~
win32sck.c: In function 'win32_getnetbyaddr':
win32sck.c:788:25: warning: unused parameter 'net' [-Wunused-parameter]
  788 | win32_getnetbyaddr(long net, int type)
      |                    ~~~~~^~~
win32sck.c:788:34: warning: unused parameter 'type' [-Wunused-parameter]
  788 | win32_getnetbyaddr(long net, int type)
      |                              ~~~~^~~~
win32sck.c: In function 'win32_sethostent':
win32sck.c:809:22: warning: unused parameter 'stayopen' [-Wunused-parameter]
  809 | win32_sethostent(int stayopen)
      |                  ~~~~^~~~~~~~
win32sck.c: In function 'win32_setnetent':
win32sck.c:816:21: warning: unused parameter 'stayopen' [-Wunused-parameter]
  816 | win32_setnetent(int stayopen)
      |                 ~~~~^~~~~~~~
win32sck.c: In function 'win32_setprotoent':
win32sck.c:823:23: warning: unused parameter 'stayopen' [-Wunused-parameter]
  823 | win32_setprotoent(int stayopen)
      |                   ~~~~^~~~~~~~
win32sck.c: In function 'win32_setservent':
win32sck.c:830:22: warning: unused parameter 'stayopen' [-Wunused-parameter]
  830 | win32_setservent(int stayopen)
      |                  ~~~~^~~~~~~~
gcc -c -Imini -D_WIN32_WINNT=0x0501 -DWINVER=0x0501 -D_WIN32_WINDOWS=0x0501 -march=pentium4 -std=c99 -I.\include -I. -I.. -DWIN32 -DPERLDLL -DPERL_CORE -Os -Wall -Wextra -Werror=pointer-arith -Wno-format -Wno-long-long -Werror=vla -D__USE_MINGW_ANSI_STDIO -fwrapv -fno-strict-aliasing -DPERL_EXTERNAL_GLOB -DPERL_IS_MINIPERL -omini\win32thread.o  win32thread.c
win32thread.c: In function 'Perl_set_context':
win32thread.c:9:24: warning: unused parameter 't' [-Wunused-parameter]
    9 | Perl_set_context(void *t)
      |                  ~~~~~~^
gcc -c -Imini -D_WIN32_WINNT=0x0501 -DWINVER=0x0501 -D_WIN32_WINDOWS=0x0501 -march=pentium4 -std=c99 -I.\include -I. -I.. -DWIN32 -DPERLDLL -DPERL_CORE -Os -Wall -Wextra -Werror=pointer-arith -Wno-format -Wno-long-long -Werror=vla -D__USE_MINGW_ANSI_STDIO -fwrapv -fno-strict-aliasing -DPERL_EXTERNAL_GLOB -DPERL_IS_MINIPERL -omini\fcrypt.o  fcrypt.c
fcrypt.c: In function 'des_fcrypt':
fcrypt.c:473:17: warning: suggest parentheses around '&&' within '||' [-Wparentheses]
  473 |     ((c) >= '.' && (c) <= '9' || (c) >= 'A' && (c) <= 'Z' ||  \
      |      ~~~~~~~~~~~^~~~~~~~~~~~~
fcrypt.c:488:14: note: in expansion of macro 'good_for_salt'
  488 |         if (!good_for_salt(salt[0]) || !good_for_salt(salt[1])) {
      |              ^~~~~~~~~~~~~
fcrypt.c:474:17: warning: suggest parentheses around '&&' within '||' [-Wparentheses]
  474 |      (c) >= 'a' && (c) <= 'z')
      |      ~~~~~~~~~~~^~~~~~~~~~~~~
fcrypt.c:488:14: note: in expansion of macro 'good_for_salt'
  488 |         if (!good_for_salt(salt[0]) || !good_for_salt(salt[1])) {
      |              ^~~~~~~~~~~~~
fcrypt.c:473:17: warning: suggest parentheses around '&&' within '||' [-Wparentheses]
  473 |     ((c) >= '.' && (c) <= '9' || (c) >= 'A' && (c) <= 'Z' ||  \
      |      ~~~~~~~~~~~^~~~~~~~~~~~~
fcrypt.c:488:41: note: in expansion of macro 'good_for_salt'
  488 |         if (!good_for_salt(salt[0]) || !good_for_salt(salt[1])) {
      |                                         ^~~~~~~~~~~~~
fcrypt.c:474:17: warning: suggest parentheses around '&&' within '||' [-Wparentheses]
  474 |      (c) >= 'a' && (c) <= 'z')
      |      ~~~~~~~~~~~^~~~~~~~~~~~~
fcrypt.c:488:41: note: in expansion of macro 'good_for_salt'
  488 |         if (!good_for_salt(salt[0]) || !good_for_salt(salt[1])) {
      |                                         ^~~~~~~~~~~~~
g++ -mconsole -o ..\miniperl.exe  -s -L"c:\perl\lib\CORE" -L"C:\toolchains\w64devkit\lib" -L"C:\toolchains\w64devkit\i686-w64-mingw32\lib" -L"C:\toolchains\w64devkit\lib\gcc\i686-w64-mingw32\16.2.0" mini\toke.o mini\regcomp.o mini\regcomp_trie.o mini\regcomp_debug.o mini\regcomp_invlist.o mini\regcomp_study.o mini\regexec.o mini\op.o mini\sv.o mini\pp.o mini\pp_ctl.o mini\pp_sys.o mini\pp_pack.o mini\pp_hot.o mini\gv.o mini\perl.o mini\utf8.o mini\dump.o mini\hv.o mini\av.o mini\builtin.o mini\caretx.o mini\class.o mini\deb.o mini\doio.o mini\doop.o mini\dquote.o mini\globals.o mini\mro_core.o mini\locale.o mini\keywords.o mini\mathoms.o mini\mg.o mini\numeric.o mini\pad.o mini\peep.o mini\perly.o mini\pp_sort.o mini\reentr.o mini\run.o mini\scope.o mini\taint.o mini\time64.o mini\universal.o mini\util.o mini\miniperlmain.o mini\perlio.o mini\win32.o mini\win32sck.o mini\win32thread.o mini\fcrypt.o  -lmoldname -lkernel32 -luser32 -lgdi32 -lwinspool -lcomdlg32 -ladvapi32 -lshell32 -lole32 -loleaut32 -lnetapi32 -luuid -lws2_32 -lmpr -lwinmm -lversion -lodbc32 -lodbccp32 -lcomctl32
..\miniperl.exe -I..\lib -f ..\write_buildcustomize.pl ..
..\miniperl.exe -I..\lib config_sh.PL -o ..\config.sh "INST_TOP=c:\perl" "INST_VER=" "INST_ARCH=" "archname=MSWin32-x86-multi-thread" "cc=gcc" "ld=g++" "ccflags=-D_WIN32_WINNT=0x0501 -DWINVER=0x0501 -D_WIN32_WINDOWS=0x0501 -march=pentium4 -std=c99 -DWIN32 -DPERL_TEXTMODE_SCRIPTS -DMULTIPLICITY -DPERL_IMPLICIT_SYS -DUSE_PERLIO -D__USE_MINGW_ANSI_STDIO -fwrapv -fno-strict-aliasing -mms-bitfields" "usecplusplus=" "cf_email=" "d_mymalloc=undef" "i_quadmath=undef" "libs= -lmoldname -lkernel32 -luser32 -lgdi32 -lwinspool -lcomdlg32 -ladvapi32 -lshell32 -lole32 -loleaut32 -lnetapi32 -luuid -lws2_32 -lmpr -lwinmm -lversion -lodbc32 -lodbccp32 -lcomctl32" "incpath=C:\toolchains\w64devkit\include" "libperl=libperl540.a" "libpth=C:\toolchains\w64devkit\lib;C:\toolchains\w64devkit\i686-w64-mingw32\lib;C:\toolchains\w64devkit\lib\gcc\i686-w64-mingw32\16.2.0;" "libc=" "make=gmake" "_o=.o" "obj_ext=.o" "_a=.a" "lib_ext=.a" "static_ext=Win32CORE" "usethreads=define" "useithreads=define" "usemultiplicity=define" "useperlio=define" "use64bitint=undef" "uselongdouble=undef" "usequadmath=undef" "usesitecustomize=undef" "default_inc_excludes_dot=define" "LINK_FLAGS=-s -L\"c:\perl\lib\CORE\" -L\"C:\toolchains\w64devkit\lib\" -L\"C:\toolchains\w64devkit\i686-w64-mingw32\lib\" -L\"C:\toolchains\w64devkit\lib\gcc\i686-w64-mingw32\16.2.0\"" "optimize=-Os" "ARCHPREFIX=" "WIN64=undef" "SKIP_CCHOME_CHECK=1" config.gc
..\miniperl.exe -I..\lib ..\make_patchnum.pl
Updating 'git_version.h' and 'lib/Config_git.pl'
..\miniperl.exe -I..\lib ..\configpm --chdir=..
written lib/Config.pod
updated lib/Config.pm
updated lib/Config_heavy.pl
if not exist "full" mkdir "full"
..\miniperl.exe -I..\lib config_h.PL "CONFIG_H=full\config.h" "ARCHPREFIX="
Running config_h.PL
Writing full\config.h
full\config.h has changed
..\miniperl.exe -I..\lib -w ..\makedef.pl PLATFORM=win32 CONFIG_H=full\config.h -Os -DWIN32 \
-DPERL_TEXTMODE_SCRIPTS -DMULTIPLICITY -DPERL_IMPLICIT_SYS -DUSE_PERLIO -D__USE_MINGW_ANSI_STDIO -fwrapv -fno-strict-aliasing -mms-bitfields CCTYPE=GCC TARG_DIR=..\ > perldll.def
Options: (HAS_LONG_DOUBLE HAS_TIMES HAVE_INTERP_INTERN PERLIO_LAYERS PERL_COPY_ON_WRITE PERL_DISABLE_PMC PERL_DONT_CREATE_GVSV PERL_EXTERNAL_GLOB PERL_HASH_FUNC_ZAPHOD32 PERL_HASH_USE_SBOX32 PERL_IS_MINIPERL PERL_MALLOC_WRAP PERL_OP_PARENT PERL_PRESERVE_IVUV PERL_USE_SAFE_PUTENV USE_LARGE_FILES USE_LOCALE USE_LOCALE_COLLATE USE_LOCALE_CTYPE USE_LOCALE_NUMERIC USE_LOCALE_TIME USE_NO_REGISTRY USE_PERLIO USE_PERL_ATOF USE_SITECUSTOMIZE)
Argument "GCC" isn't numeric in numeric lt (<) at ..\makedef.pl line 198.
Defines: (HAS_ACCESS HAS_ACOSH HAS_ALARM HAS_ASINH HAS_ATANH HAS_CBRT HAS_CHSIZE HAS_COPYSIGN HAS_COPYSIGNL HAS_CRYPT HAS_DIFFTIME HAS_DLERROR HAS_DUP2 HAS_ERF HAS_EXP2 HAS_EXPM1 HAS_FAST_STDIO HAS_FD_SET HAS_FGETPOS HAS_FINITE HAS_FLOCK HAS_FLOCK_PROTO HAS_FMAX HAS_FMIN HAS_FREXPL HAS_FSETPOS HAS_GETCWD HAS_GETHOSTBYADDR HAS_GETHOSTBYNAME HAS_GETHOSTNAME HAS_GETHOST_PROTOS HAS_GETLOGIN HAS_GETPROTOBYNAME HAS_GETPROTOBYNUMBER HAS_GETPROTO_PROTOS HAS_GETSERVBYNAME HAS_GETSERVBYPORT HAS_GETSERV_PROTOS HAS_GETTIMEOFDAY HAS_HTONL HAS_HTONS HAS_HYPOT HAS_ILOGB HAS_ILOGBL HAS_INETNTOP HAS_INETPTON HAS_ISASCII HAS_ISINF HAS_ISLESS HAS_ISNAN HAS_ISNANL HAS_ISNORMAL HAS_J0 HAS_KILLPG HAS_LDBL_DIG HAS_LDEXPL HAS_LGAMMA HAS_LINK HAS_LLRINT HAS_LLRINTL HAS_LLROUND HAS_LLROUNDL HAS_LOCALECONV HAS_LOG1P HAS_LOG2 HAS_LOGB HAS_LONG_DOUBLE HAS_LONG_LONG HAS_LRINT HAS_LRINTL HAS_LROUND HAS_LROUNDL HAS_LSEEK_PROTO HAS_LSTAT HAS_MBLEN HAS_MBSTOWCS HAS_MBTOWC HAS_MKDIR HAS_MKTIME HAS_MODFL HAS_MODFL_PROTO HAS_NAN HAS_NEARBYINT HAS_NEXTAFTER HAS_NEXTTOWARD HAS_NON_INT_BITFIELDS HAS_NTOHL HAS_NTOHS HAS_PAUSE HAS_PIPE HAS_PSEUDOFORK HAS_PTRDIFF_T HAS_QUAD HAS_READDIR HAS_READLINK HAS_REMAINDER HAS_REMQUO HAS_RENAME HAS_REWINDDIR HAS_RINT HAS_RMDIR HAS_ROUND HAS_SCALBN HAS_SCALBNL HAS_SEEKDIR HAS_SELECT HAS_SETLOCALE HAS_SETVBUF HAS_SIGNBIT HAS_SIN6_SCOPE_ID HAS_SNPRINTF HAS_SOCKADDR_STORAGE HAS_SOCKET HAS_SQRTL HAS_STAT HAS_STATIC_INLINE HAS_STRCOLL HAS_STRFTIME HAS_STRTOD HAS_STRTOL HAS_STRTOUL HAS_STRXFRM HAS_SYMLINK HAS_SYSTEM HAS_SYS_ERRLIST HAS_TELLDIR HAS_TELLDIR_PROTO HAS_TGAMMA HAS_TIME HAS_TIMES HAS_TRUNC HAS_TRUNCL HAS_TZNAME HAS_UMASK HAS_UNAME HAS_UNION_SEMUN HAS_VSNPRINTF HAS_WAITPID HAS_WCSCMP HAS_WCSTOMBS HAS_WCSXFRM HAS_WCTOMB HAVE_INTERP_INTERN MULTIPLICITY PERLIO_LAYERS PERL_COPY_ON_WRITE PERL_DISABLE_PMC PERL_DONT_CREATE_GVSV PERL_EXTERNAL_GLOB PERL_HASH_FUNC_ZAPHOD32 PERL_HASH_USE_SBOX32 PERL_IMPLICIT_SYS PERL_IS_MINIPERL PERL_LC_ALL_USES_NAME_VALUE_PAIRS PERL_MALLOC_WRAP PERL_OP_PARENT PERL_PRESERVE_IVUV PERL_RELOCATABLE_INC PERL_STATIC_INLINE PERL_TARGETARCH PERL_TEXTMODE_SCRIPTS PERL_USE_SAFE_PUTENV TS_W32_BROKEN_LOCALECONV USE_DYNAMIC_LOADING USE_ITHREADS USE_LARGE_FILES USE_LOCALE USE_LOCALE_COLLATE USE_LOCALE_CTYPE USE_LOCALE_NUMERIC USE_LOCALE_THREADS USE_LOCALE_TIME USE_NO_REGISTRY USE_PERLIO USE_PERL_ATOF USE_SITECUSTOMIZE USE_STDIO_BASE USE_STDIO_PTR USE_THREADS WIN32 __USE_MINGW_ANSI_STDIO)
dlltool -k -d perldll.def -D perl540.dll -l ..\lib\CORE\libperl540.a -e ..\lib\CORE\perl540.exp
___lib_CORE_libperl540_a_c.s: Assembler messages:
___lib_CORE_libperl540_a_c.s:5349: Error: symbol `n0' is already defined
___lib_CORE_libperl540_a_c.s:5350: Error: symbol `n0' is already defined
___lib_CORE_libperl540_a_c.s:5351: Error: symbol `n0' is already defined
___lib_CORE_libperl540_a_c.s:5352: Error: symbol `n0' is already defined
___lib_CORE_libperl540_a_c.s:5353: Error: symbol `n0' is already defined
___lib_CORE_libperl540_a_c.s:5354: Error: symbol `n0' is already defined
___lib_CORE_libperl540_a_c.s:5355: Error: symbol `n0' is already defined
___lib_CORE_libperl540_a_c.s:5356: Error: symbol `n0' is already defined
___lib_CORE_libperl540_a_c.s:5357: Error: symbol `n0' is already defined
___lib_CORE_libperl540_a_c.s:5358: Error: symbol `n0' is already defined
___lib_CORE_libperl540_a_c.s:5359: Error: symbol `n0' is already defined
___lib_CORE_libperl540_a_c.s:5360: Error: symbol `n0' is already defined
___lib_CORE_libperl540_a_c.s:5361: Error: symbol `n0' is already defined
___lib_CORE_libperl540_a_c.s:5362: Error: symbol `n0' is already defined
___lib_CORE_libperl540_a_c.s:5363: Error: symbol `n0' is already defined
___lib_CORE_libperl540_a_c.s:5364: Error: symbol `n0' is already defined
___lib_CORE_libperl540_a_c.s:5365: Error: symbol `n0' is already defined
___lib_CORE_libperl540_a_c.s:5366: Error: symbol `n0' is already defined
___lib_CORE_libperl540_a_c.s:5367: Error: symbol `n0' is already defined
___lib_CORE_libperl540_a_c.s:5368: Error: symbol `n0' is already defined
___lib_CORE_libperl540_a_c.s:5369: Error: symbol `n0' is already defined
___lib_CORE_libperl540_a_c.s:5370: Error: symbol `n0' is already defined
___lib_CORE_libperl540_a_c.s:5371: Error: symbol `n0' is already defined
___lib_CORE_libperl540_a_c.s:5372: Error: symbol `n0' is already defined
___lib_CORE_libperl540_a_c.s:5373: Error: symbol `n0' is already defined
___lib_CORE_libperl540_a_c.s:5374: Error: symbol `n0' is already defined
___lib_CORE_libperl540_a_c.s:5375: Error: symbol `n0' is already defined
___lib_CORE_libperl540_a_c.s:5376: Error: symbol `n0' is already defined
___lib_CORE_libperl540_a_c.s:5377: Error: symbol `n0' is already defined
___lib_CORE_libperl540_a_c.s:5378: Error: symbol `n0' is already defined
___lib_CORE_libperl540_a_c.s:5379: Error: symbol `n0' is already defined
___lib_CORE_libperl540_a_c.s:5380: Error: symbol `n0' is already defined
___lib_CORE_libperl540_a_c.s:5381: Error: symbol `n0' is already defined
___lib_CORE_libperl540_a_c.s:5382: Error: symbol `n0' is already defined
___lib_CORE_libperl540_a_c.s:5383: Error: symbol `n0' is already defined
___lib_CORE_libperl540_a_c.s:5384: Error: symbol `n0' is already defined
___lib_CORE_libperl540_a_c.s:5385: Error: symbol `n0' is already defined
___lib_CORE_libperl540_a_c.s:5386: Error: symbol `n0' is already defined
___lib_CORE_libperl540_a_c.s:5387: Error: symbol `n0' is already defined
___lib_CORE_libperl540_a_c.s:5388: Error: symbol `n0' is already defined
___lib_CORE_libperl540_a_c.s:5389: Error: symbol `n0' is already defined
___lib_CORE_libperl540_a_c.s:5390: Error: symbol `n0' is already defined
___lib_CORE_libperl540_a_c.s:5391: Error: symbol `n0' is already defined
___lib_CORE_libperl540_a_c.s:5392: Error: symbol `n0' is already defined
___lib_CORE_libperl540_a_c.s:5393: Error: symbol `n0' is already defined
___lib_CORE_libperl540_a_c.s:5394: Error: symbol `n0' is already defined
___lib_CORE_libperl540_a_c.s:5395: Error: symbol `n0' is already defined
___lib_CORE_libperl540_a_c.s:5396: Error: symbol `n0' is already defined
___lib_CORE_libperl540_a_c.s:5397: Error: symbol `n0' is already defined
___lib_CORE_libperl540_a_c.s:5398: Error: symbol `n0' is already defined
___lib_CORE_libperl540_a_c.s:5399: Error: symbol `n0' is already defined
___lib_CORE_libperl540_a_c.s:5400: Error: symbol `n0' is already defined
___lib_CORE_libperl540_a_c.s:5401: Error: symbol `n0' is already defined
___lib_CORE_libperl540_a_c.s:5402: Error: symbol `n0' is already defined
___lib_CORE_libperl540_a_c.s:5403: Error: symbol `n0' is already defined
___lib_CORE_libperl540_a_c.s:5404: Error: symbol `n0' is already defined
___lib_CORE_libperl540_a_c.s:5405: Error: symbol `n0' is already defined
___lib_CORE_libperl540_a_c.s:5406: Error: symbol `n0' is already defined
___lib_CORE_libperl540_a_c.s:5407: Error: symbol `n0' is already defined
___lib_CORE_libperl540_a_c.s:5408: Error: symbol `n0' is already defined
___lib_CORE_libperl540_a_c.s:5409: Error: symbol `n0' is already defined
___lib_CORE_libperl540_a_c.s:5410: Error: symbol `n0' is already defined
___lib_CORE_libperl540_a_c.s:5411: Error: symbol `n0' is already defined
___lib_CORE_libperl540_a_c.s:5412: Error: symbol `n0' is already defined
___lib_CORE_libperl540_a_c.s:5413: Error: symbol `n0' is already defined
___lib_CORE_libperl540_a_c.s:5414: Error: symbol `n0' is already defined
___lib_CORE_libperl540_a_c.s:5415: Error: symbol `n0' is already defined
___lib_CORE_libperl540_a_c.s:5416: Error: symbol `n0' is already defined
___lib_CORE_libperl540_a_c.s:5417: Error: symbol `n0' is already defined
___lib_CORE_libperl540_a_c.s:5418: Error: symbol `n0' is already defined
___lib_CORE_libperl540_a_c.s:5419: Error: symbol `n0' is already defined
___lib_CORE_libperl540_a_c.s:5420: Error: symbol `n0' is already defined
___lib_CORE_libperl540_a_c.s:5421: Error: symbol `n0' is already defined
___lib_CORE_libperl540_a_c.s:5422: Error: symbol `n0' is already defined
___lib_CORE_libperl540_a_c.s:5423: Error: symbol `n0' is already defined
___lib_CORE_libperl540_a_c.s:5424: Error: symbol `n0' is already defined
___lib_CORE_libperl540_a_c.s:5425: Error: symbol `n0' is already defined
___lib_CORE_libperl540_a_c.s:5426: Error: symbol `n0' is already defined
___lib_CORE_libperl540_a_c.s:5427: Error: symbol `n0' is already defined
___lib_CORE_libperl540_a_c.s:5428: Error: symbol `n0' is already defined
___lib_CORE_libperl540_a_c.s:5429: Error: symbol `n0' is already defined
___lib_CORE_libperl540_a_c.s:5430: Error: symbol `n0' is already defined
___lib_CORE_libperl540_a_c.s:5431: Error: symbol `n0' is already defined
___lib_CORE_libperl540_a_c.s:5432: Error: symbol `n0' is already defined
___lib_CORE_libperl540_a_c.s:5433: Error: symbol `n0' is already defined
___lib_CORE_libperl540_a_c.s:5434: Error: symbol `n0' is already defined
___lib_CORE_libperl540_a_c.s:5435: Error: symbol `n0' is already defined
___lib_CORE_libperl540_a_c.s:5436: Error: symbol `n0' is already defined
___lib_CORE_libperl540_a_c.s:5437: Error: symbol `n0' is already defined
___lib_CORE_libperl540_a_c.s:5438: Error: symbol `n0' is already defined
___lib_CORE_libperl540_a_c.s:5439: Error: symbol `n0' is already defined
___lib_CORE_libperl540_a_c.s:5440: Error: symbol `n0' is already defined
___lib_CORE_libperl540_a_c.s:5441: Error: symbol `n0' is already defined
___lib_CORE_libperl540_a_c.s:5442: Error: symbol `n0' is already defined
___lib_CORE_libperl540_a_c.s:5443: Error: symbol `n0' is already defined
___lib_CORE_libperl540_a_c.s:5444: Error: symbol `n0' is already defined
___lib_CORE_libperl540_a_c.s:5445: Error: symbol `n0' is already defined
___lib_CORE_libperl540_a_c.s:5446: Error: symbol `n0' is already defined
___lib_CORE_libperl540_a_c.s:5447: Error: symbol `n0' is already defined
___lib_CORE_libperl540_a_c.s:5448: Error: symbol `n0' is already defined
___lib_CORE_libperl540_a_c.s:5449: Error: symbol `n0' is already defined
___lib_CORE_libperl540_a_c.s:5450: Error: symbol `n0' is already defined
___lib_CORE_libperl540_a_c.s:5451: Error: symbol `n0' is already defined
___lib_CORE_libperl540_a_c.s:5452: Error: symbol `n0' is already defined
___lib_CORE_libperl540_a_c.s:5453: Error: symbol `n0' is already defined
___lib_CORE_libperl540_a_c.s:5454: Error: symbol `n0' is already defined
___lib_CORE_libperl540_a_c.s:5455: Error: symbol `n0' is already defined
___lib_CORE_libperl540_a_c.s:5456: Error: symbol `n0' is already defined
___lib_CORE_libperl540_a_c.s:5457: Error: symbol `n0' is already defined
___lib_CORE_libperl540_a_c.s:5458: Error: symbol `n0' is already defined
___lib_CORE_libperl540_a_c.s:5459: Error: symbol `n0' is already defined
___lib_CORE_libperl540_a_c.s:5460: Error: symbol `n0' is already defined
___lib_CORE_libperl540_a_c.s:5461: Error: symbol `n0' is already defined
___lib_CORE_libperl540_a_c.s:5462: Error: symbol `n0' is already defined
___lib_CORE_libperl540_a_c.s:5463: Error: symbol `n0' is already defined
___lib_CORE_libperl540_a_c.s:5464: Error: symbol `n0' is already defined
___lib_CORE_libperl540_a_c.s:5465: Error: symbol `n0' is already defined
___lib_CORE_libperl540_a_c.s:5466: Error: symbol `n0' is already defined
___lib_CORE_libperl540_a_c.s:5467: Error: symbol `n0' is already defined
___lib_CORE_libperl540_a_c.s:5468: Error: symbol `n0' is already defined
___lib_CORE_libperl540_a_c.s:5469: Error: symbol `n0' is already defined
___lib_CORE_libperl540_a_c.s:5470: Error: symbol `n0' is already defined
___lib_CORE_libperl540_a_c.s:5471: Error: symbol `n0' is already defined
___lib_CORE_libperl540_a_c.s:5472: Error: symbol `n0' is already defined
___lib_CORE_libperl540_a_c.s:5473: Error: symbol `n0' is already defined
___lib_CORE_libperl540_a_c.s:5474: Error: symbol `n0' is already defined
___lib_CORE_libperl540_a_c.s:5475: Error: symbol `n0' is already defined
___lib_CORE_libperl540_a_c.s:5476: Error: symbol `n0' is already defined
___lib_CORE_libperl540_a_c.s:5477: Error: symbol `n0' is already defined
___lib_CORE_libperl540_a_c.s:5478: Error: symbol `n0' is already defined
___lib_CORE_libperl540_a_c.s:5479: Error: symbol `n0' is already defined
___lib_CORE_libperl540_a_c.s:5480: Error: symbol `n0' is already defined
___lib_CORE_libperl540_a_c.s:5481: Error: symbol `n0' is already defined
___lib_CORE_libperl540_a_c.s:5482: Error: symbol `n0' is already defined
___lib_CORE_libperl540_a_c.s:5483: Error: symbol `n0' is already defined
___lib_CORE_libperl540_a_c.s:5484: Error: symbol `n0' is already defined
___lib_CORE_libperl540_a_c.s:5485: Error: symbol `n0' is already defined
___lib_CORE_libperl540_a_c.s:5486: Error: symbol `n0' is already defined
___lib_CORE_libperl540_a_c.s:5487: Error: symbol `n0' is already defined
___lib_CORE_libperl540_a_c.s:5488: Error: symbol `n0' is already defined
___lib_CORE_libperl540_a_c.s:5489: Error: symbol `n0' is already defined
___lib_CORE_libperl540_a_c.s:5490: Error: symbol `n0' is already defined
___lib_CORE_libperl540_a_c.s:5491: Error: symbol `n0' is already defined
___lib_CORE_libperl540_a_c.s:5492: Error: symbol `n0' is already defined
___lib_CORE_libperl540_a_c.s:5493: Error: symbol `n0' is already defined
___lib_CORE_libperl540_a_c.s:5494: Error: symbol `n0' is already defined
___lib_CORE_libperl540_a_c.s:5495: Error: symbol `n0' is already defined
___lib_CORE_libperl540_a_c.s:5496: Error: symbol `n0' is already defined
___lib_CORE_libperl540_a_c.s:5497: Error: symbol `n0' is already defined
___lib_CORE_libperl540_a_c.s:5498: Error: symbol `n0' is already defined
___lib_CORE_libperl540_a_c.s:5499: Error: symbol `n0' is already defined
___lib_CORE_libperl540_a_c.s:5500: Error: symbol `n0' is already defined
___lib_CORE_libperl540_a_c.s:5501: Error: symbol `n0' is already defined
___lib_CORE_libperl540_a_c.s:5502: Error: symbol `n0' is already defined
___lib_CORE_libperl540_a_c.s:5503: Error: symbol `n0' is already defined
___lib_CORE_libperl540_a_c.s:5504: Error: symbol `n0' is already defined
___lib_CORE_libperl540_a_c.s:5505: Error: symbol `n0' is already defined
___lib_CORE_libperl540_a_c.s:5506: Error: symbol `n0' is already defined
___lib_CORE_libperl540_a_c.s:5507: Error: symbol `n0' is already defined
___lib_CORE_libperl540_a_c.s:5508: Error: symbol `n0' is already defined
___lib_CORE_libperl540_a_c.s:5509: Error: symbol `n0' is already defined
___lib_CORE_libperl540_a_c.s:5510: Error: symbol `n0' is already defined
___lib_CORE_libperl540_a_c.s:5511: Error: symbol `n0' is already defined
___lib_CORE_libperl540_a_c.s:5512: Error: symbol `n0' is already defined
___lib_CORE_libperl540_a_c.s:5513: Error: symbol `n0' is already defined
___lib_CORE_libperl540_a_c.s:5514: Error: symbol `n0' is already defined
___lib_CORE_libperl540_a_c.s:5515: Error: symbol `n0' is already defined
___lib_CORE_libperl540_a_c.s:5516: Error: symbol `n0' is already defined
___lib_CORE_libperl540_a_c.s:5517: Error: symbol `n0' is already defined
___lib_CORE_libperl540_a_c.s:5518: Error: symbol `n0' is already defined
___lib_CORE_libperl540_a_c.s:5519: Error: symbol `n0' is already defined
___lib_CORE_libperl540_a_c.s:5520: Error: symbol `n0' is already defined
___lib_CORE_libperl540_a_c.s:5521: Error: symbol `n0' is already defined
___lib_CORE_libperl540_a_c.s:5522: Error: symbol `n0' is already defined
___lib_CORE_libperl540_a_c.s:5523: Error: symbol `n0' is already defined
___lib_CORE_libperl540_a_c.s:5524: Error: symbol `n0' is already defined
___lib_CORE_libperl540_a_c.s:5525: Error: symbol `n0' is already defined
___lib_CORE_libperl540_a_c.s:5526: Error: symbol `n0' is already defined
___lib_CORE_libperl540_a_c.s:5527: Error: symbol `n0' is already defined
___lib_CORE_libperl540_a_c.s:5528: Error: symbol `n0' is already defined
___lib_CORE_libperl540_a_c.s:5529: Error: symbol `n0' is already defined
___lib_CORE_libperl540_a_c.s:5530: Error: symbol `n0' is already defined
___lib_CORE_libperl540_a_c.s:5531: Error: symbol `n0' is already defined
___lib_CORE_libperl540_a_c.s:5532: Error: symbol `n0' is already defined
___lib_CORE_libperl540_a_c.s:5533: Error: symbol `n0' is already defined
___lib_CORE_libperl540_a_c.s:5534: Error: symbol `n0' is already defined
___lib_CORE_libperl540_a_c.s:5535: Error: symbol `n0' is already defined
___lib_CORE_libperl540_a_c.s:5536: Error: symbol `n0' is already defined
___lib_CORE_libperl540_a_c.s:5537: Error: symbol `n0' is already defined
___lib_CORE_libperl540_a_c.s:5538: Error: symbol `n0' is already defined
___lib_CORE_libperl540_a_c.s:5539: Error: symbol `n0' is already defined
___lib_CORE_libperl540_a_c.s:5540: Error: symbol `n0' is already defined
___lib_CORE_libperl540_a_c.s:5541: Error: symbol `n0' is already defined
___lib_CORE_libperl540_a_c.s:5542: Error: symbol `n0' is already defined
___lib_CORE_libperl540_a_c.s:5543: Error: symbol `n0' is already defined
___lib_CORE_libperl540_a_c.s:5544: Error: symbol `n0' is already defined
___lib_CORE_libperl540_a_c.s:5545: Error: symbol `n0' is already defined
___lib_CORE_libperl540_a_c.s:5546: Error: symbol `n0' is already defined
___lib_CORE_libperl540_a_c.s:5547: Error: symbol `n0' is already defined
___lib_CORE_libperl540_a_c.s:5548: Error: symbol `n0' is already defined
___lib_CORE_libperl540_a_c.s:5549: Error: symbol `n0' is already defined
___lib_CORE_libperl540_a_c.s:5550: Error: symbol `n0' is already defined
___lib_CORE_libperl540_a_c.s:5551: Error: symbol `n0' is already defined
___lib_CORE_libperl540_a_c.s:5552: Error: symbol `n0' is already defined
___lib_CORE_libperl540_a_c.s:5553: Error: symbol `n0' is already defined
___lib_CORE_libperl540_a_c.s:5554: Error: symbol `n0' is already defined
___lib_CORE_libperl540_a_c.s:5555: Error: symbol `n0' is already defined
___lib_CORE_libperl540_a_c.s:5556: Error: symbol `n0' is already defined
___lib_CORE_libperl540_a_c.s:5557: Error: symbol `n0' is already defined
___lib_CORE_libperl540_a_c.s:5558: Error: symbol `n0' is already defined
___lib_CORE_libperl540_a_c.s:5559: Error: symbol `n0' is already defined
___lib_CORE_libperl540_a_c.s:5560: Error: symbol `n0' is already defined
___lib_CORE_libperl540_a_c.s:5561: Error: symbol `n0' is already defined
___lib_CORE_libperl540_a_c.s:5562: Error: symbol `n0' is already defined
___lib_CORE_libperl540_a_c.s:5563: Error: symbol `n0' is already defined
___lib_CORE_libperl540_a_c.s:5564: Error: symbol `n0' is already defined
___lib_CORE_libperl540_a_c.s:5565: Error: symbol `n0' is already defined
___lib_CORE_libperl540_a_c.s:5566: Error: symbol `n0' is already defined
___lib_CORE_libperl540_a_c.s:5567: Error: symbol `n0' is already defined
___lib_CORE_libperl540_a_c.s:5568: Error: symbol `n0' is already defined
___lib_CORE_libperl540_a_c.s:5569: Error: symbol `n0' is already defined
___lib_CORE_libperl540_a_c.s:5570: Error: symbol `n0' is already defined
___lib_CORE_libperl540_a_c.s:5571: Error: symbol `n0' is already defined
___lib_CORE_libperl540_a_c.s:5572: Error: symbol `n0' is already defined
___lib_CORE_libperl540_a_c.s:5573: Error: symbol `n0' is already defined
___lib_CORE_libperl540_a_c.s:5574: Error: symbol `n0' is already defined
___lib_CORE_libperl540_a_c.s:5575: Error: symbol `n0' is already defined
___lib_CORE_libperl540_a_c.s:5576: Error: symbol `n0' is already defined
___lib_CORE_libperl540_a_c.s:5577: Error: symbol `n0' is already defined
___lib_CORE_libperl540_a_c.s:5578: Error: symbol `n0' is already defined
___lib_CORE_libperl540_a_c.s:5579: Error: symbol `n0' is already defined
___lib_CORE_libperl540_a_c.s:5580: Error: symbol `n0' is already defined
___lib_CORE_libperl540_a_c.s:5581: Error: symbol `n0' is already defined
___lib_CORE_libperl540_a_c.s:5582: Error: symbol `n0' is already defined
___lib_CORE_libperl540_a_c.s:5583: Error: symbol `n0' is already defined
___lib_CORE_libperl540_a_c.s:5584: Error: symbol `n0' is already defined
___lib_CORE_libperl540_a_c.s:5585: Error: symbol `n0' is already defined
___lib_CORE_libperl540_a_c.s:5586: Error: symbol `n0' is already defined
___lib_CORE_libperl540_a_c.s:5587: Error: symbol `n0' is already defined
___lib_CORE_libperl540_a_c.s:5588: Error: symbol `n0' is already defined
___lib_CORE_libperl540_a_c.s:5589: Error: symbol `n0' is already defined
___lib_CORE_libperl540_a_c.s:5590: Error: symbol `n0' is already defined
___lib_CORE_libperl540_a_c.s:5591: Error: symbol `n0' is already defined
___lib_CORE_libperl540_a_c.s:5592: Error: symbol `n0' is already defined
___lib_CORE_libperl540_a_c.s:5593: Error: symbol `n0' is already defined
___lib_CORE_libperl540_a_c.s:5594: Error: symbol `n0' is already defined
___lib_CORE_libperl540_a_c.s:5595: Error: symbol `n0' is already defined
___lib_CORE_libperl540_a_c.s:5596: Error: symbol `n0' is already defined
___lib_CORE_libperl540_a_c.s:5597: Error: symbol `n0' is already defined
___lib_CORE_libperl540_a_c.s:5598: Error: symbol `n0' is already defined
___lib_CORE_libperl540_a_c.s:5599: Error: symbol `n0' is already defined
___lib_CORE_libperl540_a_c.s:5600: Error: symbol `n0' is already defined
___lib_CORE_libperl540_a_c.s:5601: Error: symbol `n0' is already defined
___lib_CORE_libperl540_a_c.s:5602: Error: symbol `n0' is already defined
___lib_CORE_libperl540_a_c.s:5603: Error: symbol `n0' is already defined
___lib_CORE_libperl540_a_c.s:5604: Error: symbol `n0' is already defined
___lib_CORE_libperl540_a_c.s:5605: Error: symbol `n0' is already defined
___lib_CORE_libperl540_a_c.s:5606: Error: symbol `n0' is already defined
___lib_CORE_libperl540_a_c.s:5607: Error: symbol `n0' is already defined
___lib_CORE_libperl540_a_c.s:5608: Error: symbol `n0' is already defined
___lib_CORE_libperl540_a_c.s:5609: Error: symbol `n0' is already defined
___lib_CORE_libperl540_a_c.s:5610: Error: symbol `n0' is already defined
___lib_CORE_libperl540_a_c.s:5611: Error: symbol `n0' is already defined
___lib_CORE_libperl540_a_c.s:5612: Error: symbol `n0' is already defined
___lib_CORE_libperl540_a_c.s:5613: Error: symbol `n0' is already defined
___lib_CORE_libperl540_a_c.s:5614: Error: symbol `n0' is already defined
___lib_CORE_libperl540_a_c.s:5615: Error: symbol `n0' is already defined
___lib_CORE_libperl540_a_c.s:5616: Error: symbol `n0' is already defined
___lib_CORE_libperl540_a_c.s:5617: Error: symbol `n0' is already defined
___lib_CORE_libperl540_a_c.s:5618: Error: symbol `n0' is already defined
___lib_CORE_libperl540_a_c.s:5619: Error: symbol `n0' is already defined
___lib_CORE_libperl540_a_c.s:5620: Error: symbol `n0' is already defined
___lib_CORE_libperl540_a_c.s:5621: Error: symbol `n0' is already defined
___lib_CORE_libperl540_a_c.s:5622: Error: symbol `n0' is already defined
___lib_CORE_libperl540_a_c.s:5623: Error: symbol `n0' is already defined
___lib_CORE_libperl540_a_c.s:5624: Error: symbol `n0' is already defined
___lib_CORE_libperl540_a_c.s:5625: Error: symbol `n0' is already defined
___lib_CORE_libperl540_a_c.s:5626: Error: symbol `n0' is already defined
___lib_CORE_libperl540_a_c.s:5627: Error: symbol `n0' is already defined
___lib_CORE_libperl540_a_c.s:5628: Error: symbol `n0' is already defined
___lib_CORE_libperl540_a_c.s:5629: Error: symbol `n0' is already defined
___lib_CORE_libperl540_a_c.s:5630: Error: symbol `n0' is already defined
___lib_CORE_libperl540_a_c.s:5631: Error: symbol `n0' is already defined
___lib_CORE_libperl540_a_c.s:5632: Error: symbol `n0' is already defined
___lib_CORE_libperl540_a_c.s:5633: Error: symbol `n0' is already defined
___lib_CORE_libperl540_a_c.s:5634: Error: symbol `n0' is already defined
___lib_CORE_libperl540_a_c.s:5635: Error: symbol `n0' is already defined
___lib_CORE_libperl540_a_c.s:5636: Error: symbol `n0' is already defined
___lib_CORE_libperl540_a_c.s:5637: Error: symbol `n0' is already defined
___lib_CORE_libperl540_a_c.s:5638: Error: symbol `n0' is already defined
___lib_CORE_libperl540_a_c.s:5639: Error: symbol `n0' is already defined
___lib_CORE_libperl540_a_c.s:5640: Error: symbol `n0' is already defined
___lib_CORE_libperl540_a_c.s:5641: Error: symbol `n0' is already defined
___lib_CORE_libperl540_a_c.s:5642: Error: symbol `n0' is already defined
___lib_CORE_libperl540_a_c.s:5643: Error: symbol `n0' is already defined
___lib_CORE_libperl540_a_c.s:5644: Error: symbol `n0' is already defined
___lib_CORE_libperl540_a_c.s:5645: Error: symbol `n0' is already defined
___lib_CORE_libperl540_a_c.s:5646: Error: symbol `n0' is already defined
___lib_CORE_libperl540_a_c.s:5647: Error: symbol `n0' is already defined
___lib_CORE_libperl540_a_c.s:5648: Error: symbol `n0' is already defined
___lib_CORE_libperl540_a_c.s:5649: Error: symbol `n0' is already defined
___lib_CORE_libperl540_a_c.s:5650: Error: symbol `n0' is already defined
___lib_CORE_libperl540_a_c.s:5651: Error: symbol `n0' is already defined
___lib_CORE_libperl540_a_c.s:5652: Error: symbol `n0' is already defined
___lib_CORE_libperl540_a_c.s:5653: Error: symbol `n0' is already defined
___lib_CORE_libperl540_a_c.s:5654: Error: symbol `n0' is already defined
___lib_CORE_libperl540_a_c.s:5655: Error: symbol `n0' is already defined
___lib_CORE_libperl540_a_c.s:5656: Error: symbol `n0' is already defined
___lib_CORE_libperl540_a_c.s:5657: Error: symbol `n0' is already defined
___lib_CORE_libperl540_a_c.s:5658: Error: symbol `n0' is already defined
___lib_CORE_libperl540_a_c.s:5659: Error: symbol `n0' is already defined
___lib_CORE_libperl540_a_c.s:5660: Error: symbol `n0' is already defined
___lib_CORE_libperl540_a_c.s:5661: Error: symbol `n0' is already defined
___lib_CORE_libperl540_a_c.s:5662: Error: symbol `n0' is already defined
___lib_CORE_libperl540_a_c.s:5663: Error: symbol `n0' is already defined
___lib_CORE_libperl540_a_c.s:5664: Error: symbol `n0' is already defined
___lib_CORE_libperl540_a_c.s:5665: Error: symbol `n0' is already defined
___lib_CORE_libperl540_a_c.s:5666: Error: symbol `n0' is already defined
___lib_CORE_libperl540_a_c.s:5667: Error: symbol `n0' is already defined
___lib_CORE_libperl540_a_c.s:5668: Error: symbol `n0' is already defined
___lib_CORE_libperl540_a_c.s:5669: Error: symbol `n0' is already defined
___lib_CORE_libperl540_a_c.s:5670: Error: symbol `n0' is already defined
___lib_CORE_libperl540_a_c.s:5671: Error: symbol `n0' is already defined
___lib_CORE_libperl540_a_c.s:5672: Error: symbol `n0' is already defined
___lib_CORE_libperl540_a_c.s:5673: Error: symbol `n0' is already defined
___lib_CORE_libperl540_a_c.s:5674: Error: symbol `n0' is already defined
___lib_CORE_libperl540_a_c.s:5675: Error: symbol `n0' is already defined
___lib_CORE_libperl540_a_c.s:5676: Error: symbol `n0' is already defined
___lib_CORE_libperl540_a_c.s:5677: Error: symbol `n0' is already defined
___lib_CORE_libperl540_a_c.s:5678: Error: symbol `n0' is already defined
___lib_CORE_libperl540_a_c.s:5679: Error: symbol `n0' is already defined
___lib_CORE_libperl540_a_c.s:5680: Error: symbol `n0' is already defined
___lib_CORE_libperl540_a_c.s:5681: Error: symbol `n0' is already defined
___lib_CORE_libperl540_a_c.s:5682: Error: symbol `n0' is already defined
___lib_CORE_libperl540_a_c.s:5683: Error: symbol `n0' is already defined
___lib_CORE_libperl540_a_c.s:5684: Error: symbol `n0' is already defined
___lib_CORE_libperl540_a_c.s:5685: Error: symbol `n0' is already defined
___lib_CORE_libperl540_a_c.s:5686: Error: symbol `n0' is already defined
___lib_CORE_libperl540_a_c.s:5687: Error: symbol `n0' is already defined
___lib_CORE_libperl540_a_c.s:5688: Error: symbol `n0' is already defined
___lib_CORE_libperl540_a_c.s:5689: Error: symbol `n0' is already defined
___lib_CORE_libperl540_a_c.s:5690: Error: symbol `n0' is already defined
___lib_CORE_libperl540_a_c.s:5691: Error: symbol `n0' is already defined
___lib_CORE_libperl540_a_c.s:5692: Error: symbol `n0' is already defined
___lib_CORE_libperl540_a_c.s:5693: Error: symbol `n0' is already defined
___lib_CORE_libperl540_a_c.s:5694: Error: symbol `n0' is already defined
___lib_CORE_libperl540_a_c.s:5695: Error: symbol `n0' is already defined
___lib_CORE_libperl540_a_c.s:5696: Error: symbol `n0' is already defined
___lib_CORE_libperl540_a_c.s:5697: Error: symbol `n0' is already defined
___lib_CORE_libperl540_a_c.s:5698: Error: symbol `n0' is already defined
___lib_CORE_libperl540_a_c.s:5699: Error: symbol `n0' is already defined
___lib_CORE_libperl540_a_c.s:5700: Error: symbol `n0' is already defined
___lib_CORE_libperl540_a_c.s:5701: Error: symbol `n0' is already defined
___lib_CORE_libperl540_a_c.s:5702: Error: symbol `n0' is already defined
___lib_CORE_libperl540_a_c.s:5703: Error: symbol `n0' is already defined
___lib_CORE_libperl540_a_c.s:5704: Error: symbol `n0' is already defined
___lib_CORE_libperl540_a_c.s:5705: Error: symbol `n0' is already defined
___lib_CORE_libperl540_a_c.s:5706: Error: symbol `n0' is already defined
___lib_CORE_libperl540_a_c.s:5707: Error: symbol `n0' is already defined
___lib_CORE_libperl540_a_c.s:5708: Error: symbol `n0' is already defined
___lib_CORE_libperl540_a_c.s:5709: Error: symbol `n0' is already defined
___lib_CORE_libperl540_a_c.s:5710: Error: symbol `n0' is already defined
___lib_CORE_libperl540_a_c.s:5711: Error: symbol `n0' is already defined
___lib_CORE_libperl540_a_c.s:5712: Error: symbol `n0' is already defined
___lib_CORE_libperl540_a_c.s:5713: Error: symbol `n0' is already defined
___lib_CORE_libperl540_a_c.s:5714: Error: symbol `n0' is already defined
___lib_CORE_libperl540_a_c.s:5715: Error: symbol `n0' is already defined
___lib_CORE_libperl540_a_c.s:5716: Error: symbol `n0' is already defined
___lib_CORE_libperl540_a_c.s:5717: Error: symbol `n0' is already defined
___lib_CORE_libperl540_a_c.s:5718: Error: symbol `n0' is already defined
___lib_CORE_libperl540_a_c.s:5719: Error: symbol `n0' is already defined
___lib_CORE_libperl540_a_c.s:5720: Error: symbol `n0' is already defined
___lib_CORE_libperl540_a_c.s:5721: Error: symbol `n0' is already defined
___lib_CORE_libperl540_a_c.s:5722: Error: symbol `n0' is already defined
___lib_CORE_libperl540_a_c.s:5723: Error: symbol `n0' is already defined
___lib_CORE_libperl540_a_c.s:5724: Error: symbol `n0' is already defined
___lib_CORE_libperl540_a_c.s:5725: Error: symbol `n0' is already defined
___lib_CORE_libperl540_a_c.s:5726: Error: symbol `n0' is already defined
___lib_CORE_libperl540_a_c.s:5727: Error: symbol `n0' is already defined
___lib_CORE_libperl540_a_c.s:5728: Error: symbol `n0' is already defined
___lib_CORE_libperl540_a_c.s:5729: Error: symbol `n0' is already defined
___lib_CORE_libperl540_a_c.s:5730: Error: symbol `n0' is already defined
___lib_CORE_libperl540_a_c.s:5731: Error: symbol `n0' is already defined
___lib_CORE_libperl540_a_c.s:5732: Error: symbol `n0' is already defined
___lib_CORE_libperl540_a_c.s:5733: Error: symbol `n0' is already defined
___lib_CORE_libperl540_a_c.s:5734: Error: symbol `n0' is already defined
___lib_CORE_libperl540_a_c.s:5735: Error: symbol `n0' is already defined
___lib_CORE_libperl540_a_c.s:5736: Error: symbol `n0' is already defined
___lib_CORE_libperl540_a_c.s:5737: Error: symbol `n0' is already defined
___lib_CORE_libperl540_a_c.s:5738: Error: symbol `n0' is already defined
___lib_CORE_libperl540_a_c.s:5739: Error: symbol `n0' is already defined
___lib_CORE_libperl540_a_c.s:5740: Error: symbol `n0' is already defined
___lib_CORE_libperl540_a_c.s:5741: Error: symbol `n0' is already defined
___lib_CORE_libperl540_a_c.s:5742: Error: symbol `n0' is already defined
___lib_CORE_libperl540_a_c.s:5743: Error: symbol `n0' is already defined
___lib_CORE_libperl540_a_c.s:5744: Error: symbol `n0' is already defined
___lib_CORE_libperl540_a_c.s:5745: Error: symbol `n0' is already defined
___lib_CORE_libperl540_a_c.s:5746: Error: symbol `n0' is already defined
___lib_CORE_libperl540_a_c.s:5747: Error: symbol `n0' is already defined
___lib_CORE_libperl540_a_c.s:5748: Error: symbol `n0' is already defined
___lib_CORE_libperl540_a_c.s:5749: Error: symbol `n0' is already defined
___lib_CORE_libperl540_a_c.s:5750: Error: symbol `n0' is already defined
___lib_CORE_libperl540_a_c.s:5751: Error: symbol `n0' is already defined
___lib_CORE_libperl540_a_c.s:5752: Error: symbol `n0' is already defined
___lib_CORE_libperl540_a_c.s:5753: Error: symbol `n0' is already defined
___lib_CORE_libperl540_a_c.s:5754: Error: symbol `n0' is already defined
___lib_CORE_libperl540_a_c.s:5755: Error: symbol `n0' is already defined
___lib_CORE_libperl540_a_c.s:5756: Error: symbol `n0' is already defined
___lib_CORE_libperl540_a_c.s:5757: Error: symbol `n0' is already defined
___lib_CORE_libperl540_a_c.s:5758: Error: symbol `n0' is already defined
___lib_CORE_libperl540_a_c.s:5759: Error: symbol `n0' is already defined
___lib_CORE_libperl540_a_c.s:5760: Error: symbol `n0' is already defined
___lib_CORE_libperl540_a_c.s:5761: Error: symbol `n0' is already defined
___lib_CORE_libperl540_a_c.s:5762: Error: symbol `n0' is already defined
___lib_CORE_libperl540_a_c.s:5763: Error: symbol `n0' is already defined
___lib_CORE_libperl540_a_c.s:5764: Error: symbol `n0' is already defined
___lib_CORE_libperl540_a_c.s:5765: Error: symbol `n0' is already defined
___lib_CORE_libperl540_a_c.s:5766: Error: symbol `n0' is already defined
___lib_CORE_libperl540_a_c.s:5767: Error: symbol `n0' is already defined
___lib_CORE_libperl540_a_c.s:5768: Error: symbol `n0' is already defined
___lib_CORE_libperl540_a_c.s:5769: Error: symbol `n0' is already defined
___lib_CORE_libperl540_a_c.s:5770: Error: symbol `n0' is already defined
___lib_CORE_libperl540_a_c.s:5771: Error: symbol `n0' is already defined
___lib_CORE_libperl540_a_c.s:5772: Error: symbol `n0' is already defined
___lib_CORE_libperl540_a_c.s:5773: Error: symbol `n0' is already defined
___lib_CORE_libperl540_a_c.s:5774: Error: symbol `n0' is already defined
___lib_CORE_libperl540_a_c.s:5775: Error: symbol `n0' is already defined
___lib_CORE_libperl540_a_c.s:5776: Error: symbol `n0' is already defined
___lib_CORE_libperl540_a_c.s:5777: Error: symbol `n0' is already defined
___lib_CORE_libperl540_a_c.s:5778: Error: symbol `n0' is already defined
___lib_CORE_libperl540_a_c.s:5779: Error: symbol `n0' is already defined
___lib_CORE_libperl540_a_c.s:5780: Error: symbol `n0' is already defined
___lib_CORE_libperl540_a_c.s:5781: Error: symbol `n0' is already defined
___lib_CORE_libperl540_a_c.s:5782: Error: symbol `n0' is already defined
___lib_CORE_libperl540_a_c.s:5783: Error: symbol `n0' is already defined
___lib_CORE_libperl540_a_c.s:5784: Error: symbol `n0' is already defined
___lib_CORE_libperl540_a_c.s:5785: Error: symbol `n0' is already defined
___lib_CORE_libperl540_a_c.s:5786: Error: symbol `n0' is already defined
___lib_CORE_libperl540_a_c.s:5787: Error: symbol `n0' is already defined
___lib_CORE_libperl540_a_c.s:5788: Error: symbol `n0' is already defined
___lib_CORE_libperl540_a_c.s:5789: Error: symbol `n0' is already defined
___lib_CORE_libperl540_a_c.s:5790: Error: symbol `n0' is already defined
___lib_CORE_libperl540_a_c.s:5791: Error: symbol `n0' is already defined
___lib_CORE_libperl540_a_c.s:5792: Error: symbol `n0' is already defined
___lib_CORE_libperl540_a_c.s:5793: Error: symbol `n0' is already defined
___lib_CORE_libperl540_a_c.s:5794: Error: symbol `n0' is already defined
___lib_CORE_libperl540_a_c.s:5795: Error: symbol `n0' is already defined
___lib_CORE_libperl540_a_c.s:5796: Error: symbol `n0' is already defined
___lib_CORE_libperl540_a_c.s:5797: Error: symbol `n0' is already defined
___lib_CORE_libperl540_a_c.s:5798: Error: symbol `n0' is already defined
___lib_CORE_libperl540_a_c.s:5799: Error: symbol `n0' is already defined
___lib_CORE_libperl540_a_c.s:5800: Error: symbol `n0' is already defined
___lib_CORE_libperl540_a_c.s:5801: Error: symbol `n0' is already defined
___lib_CORE_libperl540_a_c.s:5802: Error: symbol `n0' is already defined
___lib_CORE_libperl540_a_c.s:5803: Error: symbol `n0' is already defined
___lib_CORE_libperl540_a_c.s:5804: Error: symbol `n0' is already defined
___lib_CORE_libperl540_a_c.s:5805: Error: symbol `n0' is already defined
___lib_CORE_libperl540_a_c.s:5806: Error: symbol `n0' is already defined
___lib_CORE_libperl540_a_c.s:5807: Error: symbol `n0' is already defined
___lib_CORE_libperl540_a_c.s:5808: Error: symbol `n0' is already defined
___lib_CORE_libperl540_a_c.s:5809: Error: symbol `n0' is already defined
___lib_CORE_libperl540_a_c.s:5810: Error: symbol `n0' is already defined
___lib_CORE_libperl540_a_c.s:5811: Error: symbol `n0' is already defined
___lib_CORE_libperl540_a_c.s:5812: Error: symbol `n0' is already defined
___lib_CORE_libperl540_a_c.s:5813: Error: symbol `n0' is already defined
___lib_CORE_libperl540_a_c.s:5814: Error: symbol `n0' is already defined
___lib_CORE_libperl540_a_c.s:5815: Error: symbol `n0' is already defined
___lib_CORE_libperl540_a_c.s:5816: Error: symbol `n0' is already defined
___lib_CORE_libperl540_a_c.s:5817: Error: symbol `n0' is already defined
___lib_CORE_libperl540_a_c.s:5818: Error: symbol `n0' is already defined
___lib_CORE_libperl540_a_c.s:5819: Error: symbol `n0' is already defined
___lib_CORE_libperl540_a_c.s:5820: Error: symbol `n0' is already defined
___lib_CORE_libperl540_a_c.s:5821: Error: symbol `n0' is already defined
___lib_CORE_libperl540_a_c.s:5822: Error: symbol `n0' is already defined
___lib_CORE_libperl540_a_c.s:5823: Error: symbol `n0' is already defined
___lib_CORE_libperl540_a_c.s:5824: Error: symbol `n0' is already defined
___lib_CORE_libperl540_a_c.s:5825: Error: symbol `n0' is already defined
___lib_CORE_libperl540_a_c.s:5826: Error: symbol `n0' is already defined
___lib_CORE_libperl540_a_c.s:5827: Error: symbol `n0' is already defined
___lib_CORE_libperl540_a_c.s:5828: Error: symbol `n0' is already defined
___lib_CORE_libperl540_a_c.s:5829: Error: symbol `n0' is already defined
___lib_CORE_libperl540_a_c.s:5830: Error: symbol `n0' is already defined
___lib_CORE_libperl540_a_c.s:5831: Error: symbol `n0' is already defined
___lib_CORE_libperl540_a_c.s:5832: Error: symbol `n0' is already defined
___lib_CORE_libperl540_a_c.s:5833: Error: symbol `n0' is already defined
___lib_CORE_libperl540_a_c.s:5834: Error: symbol `n0' is already defined
___lib_CORE_libperl540_a_c.s:5835: Error: symbol `n0' is already defined
___lib_CORE_libperl540_a_c.s:5836: Error: symbol `n0' is already defined
___lib_CORE_libperl540_a_c.s:5837: Error: symbol `n0' is already defined
___lib_CORE_libperl540_a_c.s:5838: Error: symbol `n0' is already defined
___lib_CORE_libperl540_a_c.s:5839: Error: symbol `n0' is already defined
___lib_CORE_libperl540_a_c.s:5840: Error: symbol `n0' is already defined
___lib_CORE_libperl540_a_c.s:5841: Error: symbol `n0' is already defined
___lib_CORE_libperl540_a_c.s:5842: Error: symbol `n0' is already defined
___lib_CORE_libperl540_a_c.s:5843: Error: symbol `n0' is already defined
___lib_CORE_libperl540_a_c.s:5844: Error: symbol `n0' is already defined
___lib_CORE_libperl540_a_c.s:5845: Error: symbol `n0' is already defined
___lib_CORE_libperl540_a_c.s:5846: Error: symbol `n0' is already defined
___lib_CORE_libperl540_a_c.s:5847: Error: symbol `n0' is already defined
___lib_CORE_libperl540_a_c.s:5848: Error: symbol `n0' is already defined
___lib_CORE_libperl540_a_c.s:5849: Error: symbol `n0' is already defined
___lib_CORE_libperl540_a_c.s:5850: Error: symbol `n0' is already defined
___lib_CORE_libperl540_a_c.s:5851: Error: symbol `n0' is already defined
___lib_CORE_libperl540_a_c.s:5852: Error: symbol `n0' is already defined
___lib_CORE_libperl540_a_c.s:5853: Error: symbol `n0' is already defined
___lib_CORE_libperl540_a_c.s:5854: Error: symbol `n0' is already defined
___lib_CORE_libperl540_a_c.s:5855: Error: symbol `n0' is already defined
___lib_CORE_libperl540_a_c.s:5856: Error: symbol `n0' is already defined
___lib_CORE_libperl540_a_c.s:5857: Error: symbol `n0' is already defined
___lib_CORE_libperl540_a_c.s:5858: Error: symbol `n0' is already defined
___lib_CORE_libperl540_a_c.s:5859: Error: symbol `n0' is already defined
___lib_CORE_libperl540_a_c.s:5860: Error: symbol `n0' is already defined
___lib_CORE_libperl540_a_c.s:5861: Error: symbol `n0' is already defined
___lib_CORE_libperl540_a_c.s:5862: Error: symbol `n0' is already defined
___lib_CORE_libperl540_a_c.s:5863: Error: symbol `n0' is already defined
___lib_CORE_libperl540_a_c.s:5864: Error: symbol `n0' is already defined
___lib_CORE_libperl540_a_c.s:5865: Error: symbol `n0' is already defined
___lib_CORE_libperl540_a_c.s:5866: Error: symbol `n0' is already defined
___lib_CORE_libperl540_a_c.s:5867: Error: symbol `n0' is already defined
___lib_CORE_libperl540_a_c.s:5868: Error: symbol `n0' is already defined
___lib_CORE_libperl540_a_c.s:5869: Error: symbol `n0' is already defined
___lib_CORE_libperl540_a_c.s:5870: Error: symbol `n0' is already defined
___lib_CORE_libperl540_a_c.s:5871: Error: symbol `n0' is already defined
___lib_CORE_libperl540_a_c.s:5872: Error: symbol `n0' is already defined
___lib_CORE_libperl540_a_c.s:5873: Error: symbol `n0' is already defined
___lib_CORE_libperl540_a_c.s:5874: Error: symbol `n0' is already defined
___lib_CORE_libperl540_a_c.s:5875: Error: symbol `n0' is already defined
___lib_CORE_libperl540_a_c.s:5876: Error: symbol `n0' is already defined
___lib_CORE_libperl540_a_c.s:5877: Error: symbol `n0' is already defined
___lib_CORE_libperl540_a_c.s:5878: Error: symbol `n0' is already defined
___lib_CORE_libperl540_a_c.s:5879: Error: symbol `n0' is already defined
___lib_CORE_libperl540_a_c.s:5880: Error: symbol `n0' is already defined
___lib_CORE_libperl540_a_c.s:5881: Error: symbol `n0' is already defined
___lib_CORE_libperl540_a_c.s:5882: Error: symbol `n0' is already defined
___lib_CORE_libperl540_a_c.s:5883: Error: symbol `n0' is already defined
___lib_CORE_libperl540_a_c.s:5884: Error: symbol `n0' is already defined
___lib_CORE_libperl540_a_c.s:5885: Error: symbol `n0' is already defined
___lib_CORE_libperl540_a_c.s:5886: Error: symbol `n0' is already defined
___lib_CORE_libperl540_a_c.s:5887: Error: symbol `n0' is already defined
___lib_CORE_libperl540_a_c.s:5888: Error: symbol `n0' is already defined
___lib_CORE_libperl540_a_c.s:5889: Error: symbol `n0' is already defined
___lib_CORE_libperl540_a_c.s:5890: Error: symbol `n0' is already defined
___lib_CORE_libperl540_a_c.s:5891: Error: symbol `n0' is already defined
___lib_CORE_libperl540_a_c.s:5892: Error: symbol `n0' is already defined
___lib_CORE_libperl540_a_c.s:5893: Error: symbol `n0' is already defined
___lib_CORE_libperl540_a_c.s:5894: Error: symbol `n0' is already defined
___lib_CORE_libperl540_a_c.s:5895: Error: symbol `n0' is already defined
___lib_CORE_libperl540_a_c.s:5896: Error: symbol `n0' is already defined
___lib_CORE_libperl540_a_c.s:5897: Error: symbol `n0' is already defined
___lib_CORE_libperl540_a_c.s:5898: Error: symbol `n0' is already defined
___lib_CORE_libperl540_a_c.s:5899: Error: symbol `n0' is already defined
___lib_CORE_libperl540_a_c.s:5900: Error: symbol `n0' is already defined
___lib_CORE_libperl540_a_c.s:5901: Error: symbol `n0' is already defined
___lib_CORE_libperl540_a_c.s:5902: Error: symbol `n0' is already defined
___lib_CORE_libperl540_a_c.s:5903: Error: symbol `n0' is already defined
___lib_CORE_libperl540_a_c.s:5904: Error: symbol `n0' is already defined
___lib_CORE_libperl540_a_c.s:5905: Error: symbol `n0' is already defined
___lib_CORE_libperl540_a_c.s:5906: Error: symbol `n0' is already defined
___lib_CORE_libperl540_a_c.s:5907: Error: symbol `n0' is already defined
___lib_CORE_libperl540_a_c.s:5908: Error: symbol `n0' is already defined
___lib_CORE_libperl540_a_c.s:5909: Error: symbol `n0' is already defined
___lib_CORE_libperl540_a_c.s:5910: Error: symbol `n0' is already defined
___lib_CORE_libperl540_a_c.s:5911: Error: symbol `n0' is already defined
___lib_CORE_libperl540_a_c.s:5912: Error: symbol `n0' is already defined
___lib_CORE_libperl540_a_c.s:5913: Error: symbol `n0' is already defined
___lib_CORE_libperl540_a_c.s:5914: Error: symbol `n0' is already defined
___lib_CORE_libperl540_a_c.s:5915: Error: symbol `n0' is already defined
___lib_CORE_libperl540_a_c.s:5916: Error: symbol `n0' is already defined
___lib_CORE_libperl540_a_c.s:5917: Error: symbol `n0' is already defined
___lib_CORE_libperl540_a_c.s:5918: Error: symbol `n0' is already defined
___lib_CORE_libperl540_a_c.s:5919: Error: symbol `n0' is already defined
___lib_CORE_libperl540_a_c.s:5920: Error: symbol `n0' is already defined
___lib_CORE_libperl540_a_c.s:5921: Error: symbol `n0' is already defined
___lib_CORE_libperl540_a_c.s:5922: Error: symbol `n0' is already defined
___lib_CORE_libperl540_a_c.s:5923: Error: symbol `n0' is already defined
___lib_CORE_libperl540_a_c.s:5924: Error: symbol `n0' is already defined
___lib_CORE_libperl540_a_c.s:5925: Error: symbol `n0' is already defined
___lib_CORE_libperl540_a_c.s:5926: Error: symbol `n0' is already defined
___lib_CORE_libperl540_a_c.s:5927: Error: symbol `n0' is already defined
___lib_CORE_libperl540_a_c.s:5928: Error: symbol `n0' is already defined
___lib_CORE_libperl540_a_c.s:5929: Error: symbol `n0' is already defined
___lib_CORE_libperl540_a_c.s:5930: Error: symbol `n0' is already defined
___lib_CORE_libperl540_a_c.s:5931: Error: symbol `n0' is already defined
___lib_CORE_libperl540_a_c.s:5932: Error: symbol `n0' is already defined
___lib_CORE_libperl540_a_c.s:5933: Error: symbol `n0' is already defined
___lib_CORE_libperl540_a_c.s:5934: Error: symbol `n0' is already defined
___lib_CORE_libperl540_a_c.s:5935: Error: symbol `n0' is already defined
___lib_CORE_libperl540_a_c.s:5936: Error: symbol `n0' is already defined
___lib_CORE_libperl540_a_c.s:5937: Error: symbol `n0' is already defined
___lib_CORE_libperl540_a_c.s:5938: Error: symbol `n0' is already defined
___lib_CORE_libperl540_a_c.s:5939: Error: symbol `n0' is already defined
___lib_CORE_libperl540_a_c.s:5940: Error: symbol `n0' is already defined
___lib_CORE_libperl540_a_c.s:5941: Error: symbol `n0' is already defined
___lib_CORE_libperl540_a_c.s:5942: Error: symbol `n0' is already defined
___lib_CORE_libperl540_a_c.s:5943: Error: symbol `n0' is already defined
___lib_CORE_libperl540_a_c.s:5944: Error: symbol `n0' is already defined
___lib_CORE_libperl540_a_c.s:5945: Error: symbol `n0' is already defined
___lib_CORE_libperl540_a_c.s:5946: Error: symbol `n0' is already defined
___lib_CORE_libperl540_a_c.s:5947: Error: symbol `n0' is already defined
___lib_CORE_libperl540_a_c.s:5948: Error: symbol `n0' is already defined
___lib_CORE_libperl540_a_c.s:5949: Error: symbol `n0' is already defined
___lib_CORE_libperl540_a_c.s:5950: Error: symbol `n0' is already defined
___lib_CORE_libperl540_a_c.s:5951: Error: symbol `n0' is already defined
___lib_CORE_libperl540_a_c.s:5952: Error: symbol `n0' is already defined
___lib_CORE_libperl540_a_c.s:5953: Error: symbol `n0' is already defined
___lib_CORE_libperl540_a_c.s:5954: Error: symbol `n0' is already defined
___lib_CORE_libperl540_a_c.s:5955: Error: symbol `n0' is already defined
___lib_CORE_libperl540_a_c.s:5956: Error: symbol `n0' is already defined
___lib_CORE_libperl540_a_c.s:5957: Error: symbol `n0' is already defined
___lib_CORE_libperl540_a_c.s:5958: Error: symbol `n0' is already defined
___lib_CORE_libperl540_a_c.s:5959: Error: symbol `n0' is already defined
___lib_CORE_libperl540_a_c.s:5960: Error: symbol `n0' is already defined
___lib_CORE_libperl540_a_c.s:5961: Error: symbol `n0' is already defined
___lib_CORE_libperl540_a_c.s:5962: Error: symbol `n0' is already defined
___lib_CORE_libperl540_a_c.s:5963: Error: symbol `n0' is already defined
___lib_CORE_libperl540_a_c.s:5964: Error: symbol `n0' is already defined
___lib_CORE_libperl540_a_c.s:5965: Error: symbol `n0' is already defined
___lib_CORE_libperl540_a_c.s:5966: Error: symbol `n0' is already defined
___lib_CORE_libperl540_a_c.s:5967: Error: symbol `n0' is already defined
___lib_CORE_libperl540_a_c.s:5968: Error: symbol `n0' is already defined
___lib_CORE_libperl540_a_c.s:5969: Error: symbol `n0' is already defined
___lib_CORE_libperl540_a_c.s:5970: Error: symbol `n0' is already defined
___lib_CORE_libperl540_a_c.s:5971: Error: symbol `n0' is already defined
___lib_CORE_libperl540_a_c.s:5972: Error: symbol `n0' is already defined
___lib_CORE_libperl540_a_c.s:5973: Error: symbol `n0' is already defined
___lib_CORE_libperl540_a_c.s:5974: Error: symbol `n0' is already defined
___lib_CORE_libperl540_a_c.s:5975: Error: symbol `n0' is already defined
___lib_CORE_libperl540_a_c.s:5976: Error: symbol `n0' is already defined
___lib_CORE_libperl540_a_c.s:5977: Error: symbol `n0' is already defined
___lib_CORE_libperl540_a_c.s:5978: Error: symbol `n0' is already defined
___lib_CORE_libperl540_a_c.s:5979: Error: symbol `n0' is already defined
___lib_CORE_libperl540_a_c.s:5980: Error: symbol `n0' is already defined
___lib_CORE_libperl540_a_c.s:5981: Error: symbol `n0' is already defined
___lib_CORE_libperl540_a_c.s:5982: Error: symbol `n0' is already defined
___lib_CORE_libperl540_a_c.s:5983: Error: symbol `n0' is already defined
___lib_CORE_libperl540_a_c.s:5984: Error: symbol `n0' is already defined
___lib_CORE_libperl540_a_c.s:5985: Error: symbol `n0' is already defined
___lib_CORE_libperl540_a_c.s:5986: Error: symbol `n0' is already defined
___lib_CORE_libperl540_a_c.s:5987: Error: symbol `n0' is already defined
___lib_CORE_libperl540_a_c.s:5988: Error: symbol `n0' is already defined
___lib_CORE_libperl540_a_c.s:5989: Error: symbol `n0' is already defined
___lib_CORE_libperl540_a_c.s:5990: Error: symbol `n0' is already defined
___lib_CORE_libperl540_a_c.s:5991: Error: symbol `n0' is already defined
___lib_CORE_libperl540_a_c.s:5992: Error: symbol `n0' is already defined
___lib_CORE_libperl540_a_c.s:5993: Error: symbol `n0' is already defined
___lib_CORE_libperl540_a_c.s:5994: Error: symbol `n0' is already defined
___lib_CORE_libperl540_a_c.s:5995: Error: symbol `n0' is already defined
___lib_CORE_libperl540_a_c.s:5996: Error: symbol `n0' is already defined
___lib_CORE_libperl540_a_c.s:5997: Error: symbol `n0' is already defined
___lib_CORE_libperl540_a_c.s:5998: Error: symbol `n0' is already defined
___lib_CORE_libperl540_a_c.s:5999: Error: symbol `n0' is already defined
___lib_CORE_libperl540_a_c.s:6000: Error: symbol `n0' is already defined
___lib_CORE_libperl540_a_c.s:6001: Error: symbol `n0' is already defined
___lib_CORE_libperl540_a_c.s:6002: Error: symbol `n0' is already defined
___lib_CORE_libperl540_a_c.s:6003: Error: symbol `n0' is already defined
___lib_CORE_libperl540_a_c.s:6004: Error: symbol `n0' is already defined
___lib_CORE_libperl540_a_c.s:6005: Error: symbol `n0' is already defined
___lib_CORE_libperl540_a_c.s:6006: Error: symbol `n0' is already defined
___lib_CORE_libperl540_a_c.s:6007: Error: symbol `n0' is already defined
___lib_CORE_libperl540_a_c.s:6008: Error: symbol `n0' is already defined
___lib_CORE_libperl540_a_c.s:6009: Error: symbol `n0' is already defined
___lib_CORE_libperl540_a_c.s:6010: Error: symbol `n0' is already defined
___lib_CORE_libperl540_a_c.s:6011: Error: symbol `n0' is already defined
___lib_CORE_libperl540_a_c.s:6012: Error: symbol `n0' is already defined
___lib_CORE_libperl540_a_c.s:6013: Error: symbol `n0' is already defined
___lib_CORE_libperl540_a_c.s:6014: Error: symbol `n0' is already defined
___lib_CORE_libperl540_a_c.s:6015: Error: symbol `n0' is already defined
___lib_CORE_libperl540_a_c.s:6016: Error: symbol `n0' is already defined
___lib_CORE_libperl540_a_c.s:6017: Error: symbol `n0' is already defined
___lib_CORE_libperl540_a_c.s:6018: Error: symbol `n0' is already defined
___lib_CORE_libperl540_a_c.s:6019: Error: symbol `n0' is already defined
___lib_CORE_libperl540_a_c.s:6020: Error: symbol `n0' is already defined
___lib_CORE_libperl540_a_c.s:6021: Error: symbol `n0' is already defined
___lib_CORE_libperl540_a_c.s:6022: Error: symbol `n0' is already defined
___lib_CORE_libperl540_a_c.s:6023: Error: symbol `n0' is already defined
___lib_CORE_libperl540_a_c.s:6024: Error: symbol `n0' is already defined
___lib_CORE_libperl540_a_c.s:6025: Error: symbol `n0' is already defined
___lib_CORE_libperl540_a_c.s:6026: Error: symbol `n0' is already defined
___lib_CORE_libperl540_a_c.s:6027: Error: symbol `n0' is already defined
___lib_CORE_libperl540_a_c.s:6028: Error: symbol `n0' is already defined
___lib_CORE_libperl540_a_c.s:6029: Error: symbol `n0' is already defined
___lib_CORE_libperl540_a_c.s:6030: Error: symbol `n0' is already defined
___lib_CORE_libperl540_a_c.s:6031: Error: symbol `n0' is already defined
___lib_CORE_libperl540_a_c.s:6032: Error: symbol `n0' is already defined
___lib_CORE_libperl540_a_c.s:6033: Error: symbol `n0' is already defined
___lib_CORE_libperl540_a_c.s:6034: Error: symbol `n0' is already defined
___lib_CORE_libperl540_a_c.s:6035: Error: symbol `n0' is already defined
___lib_CORE_libperl540_a_c.s:6036: Error: symbol `n0' is already defined
___lib_CORE_libperl540_a_c.s:6037: Error: symbol `n0' is already defined
___lib_CORE_libperl540_a_c.s:6038: Error: symbol `n0' is already defined
___lib_CORE_libperl540_a_c.s:6039: Error: symbol `n0' is already defined
___lib_CORE_libperl540_a_c.s:6040: Error: symbol `n0' is already defined
___lib_CORE_libperl540_a_c.s:6041: Error: symbol `n0' is already defined
___lib_CORE_libperl540_a_c.s:6042: Error: symbol `n0' is already defined
___lib_CORE_libperl540_a_c.s:6043: Error: symbol `n0' is already defined
___lib_CORE_libperl540_a_c.s:6044: Error: symbol `n0' is already defined
___lib_CORE_libperl540_a_c.s:6045: Error: symbol `n0' is already defined
___lib_CORE_libperl540_a_c.s:6046: Error: symbol `n0' is already defined
___lib_CORE_libperl540_a_c.s:6047: Error: symbol `n0' is already defined
___lib_CORE_libperl540_a_c.s:6048: Error: symbol `n0' is already defined
___lib_CORE_libperl540_a_c.s:6049: Error: symbol `n0' is already defined
___lib_CORE_libperl540_a_c.s:6050: Error: symbol `n0' is already defined
___lib_CORE_libperl540_a_c.s:6051: Error: symbol `n0' is already defined
___lib_CORE_libperl540_a_c.s:6052: Error: symbol `n0' is already defined
___lib_CORE_libperl540_a_c.s:6053: Error: symbol `n0' is already defined
___lib_CORE_libperl540_a_c.s:6054: Error: symbol `n0' is already defined
___lib_CORE_libperl540_a_c.s:6055: Error: symbol `n0' is already defined
___lib_CORE_libperl540_a_c.s:6056: Error: symbol `n0' is already defined
___lib_CORE_libperl540_a_c.s:6057: Error: symbol `n0' is already defined
___lib_CORE_libperl540_a_c.s:6058: Error: symbol `n0' is already defined
___lib_CORE_libperl540_a_c.s:6059: Error: symbol `n0' is already defined
___lib_CORE_libperl540_a_c.s:6060: Error: symbol `n0' is already defined
___lib_CORE_libperl540_a_c.s:6061: Error: symbol `n0' is already defined
___lib_CORE_libperl540_a_c.s:6062: Error: symbol `n0' is already defined
___lib_CORE_libperl540_a_c.s:6063: Error: symbol `n0' is already defined
___lib_CORE_libperl540_a_c.s:6064: Error: symbol `n0' is already defined
___lib_CORE_libperl540_a_c.s:6065: Error: symbol `n0' is already defined
___lib_CORE_libperl540_a_c.s:6066: Error: symbol `n0' is already defined
___lib_CORE_libperl540_a_c.s:6067: Error: symbol `n0' is already defined
___lib_CORE_libperl540_a_c.s:6068: Error: symbol `n0' is already defined
___lib_CORE_libperl540_a_c.s:6069: Error: symbol `n0' is already defined
___lib_CORE_libperl540_a_c.s:6070: Error: symbol `n0' is already defined
___lib_CORE_libperl540_a_c.s:6071: Error: symbol `n0' is already defined
___lib_CORE_libperl540_a_c.s:6072: Error: symbol `n0' is already defined
___lib_CORE_libperl540_a_c.s:6073: Error: symbol `n0' is already defined
___lib_CORE_libperl540_a_c.s:6074: Error: symbol `n0' is already defined
___lib_CORE_libperl540_a_c.s:6075: Error: symbol `n0' is already defined
___lib_CORE_libperl540_a_c.s:6076: Error: symbol `n0' is already defined
___lib_CORE_libperl540_a_c.s:6077: Error: symbol `n0' is already defined
___lib_CORE_libperl540_a_c.s:6078: Error: symbol `n0' is already defined
___lib_CORE_libperl540_a_c.s:6079: Error: symbol `n0' is already defined
___lib_CORE_libperl540_a_c.s:6080: Error: symbol `n0' is already defined
___lib_CORE_libperl540_a_c.s:6081: Error: symbol `n0' is already defined
___lib_CORE_libperl540_a_c.s:6082: Error: symbol `n0' is already defined
___lib_CORE_libperl540_a_c.s:6083: Error: symbol `n0' is already defined
___lib_CORE_libperl540_a_c.s:6084: Error: symbol `n0' is already defined
___lib_CORE_libperl540_a_c.s:6085: Error: symbol `n0' is already defined
___lib_CORE_libperl540_a_c.s:6086: Error: symbol `n0' is already defined
___lib_CORE_libperl540_a_c.s:6087: Error: symbol `n0' is already defined
___lib_CORE_libperl540_a_c.s:6088: Error: symbol `n0' is already defined
___lib_CORE_libperl540_a_c.s:6089: Error: symbol `n0' is already defined
___lib_CORE_libperl540_a_c.s:6090: Error: symbol `n0' is already defined
___lib_CORE_libperl540_a_c.s:6091: Error: symbol `n0' is already defined
___lib_CORE_libperl540_a_c.s:6092: Error: symbol `n0' is already defined
___lib_CORE_libperl540_a_c.s:6093: Error: symbol `n0' is already defined
___lib_CORE_libperl540_a_c.s:6094: Error: symbol `n0' is already defined
___lib_CORE_libperl540_a_c.s:6095: Error: symbol `n0' is already defined
___lib_CORE_libperl540_a_c.s:6096: Error: symbol `n0' is already defined
___lib_CORE_libperl540_a_c.s:6097: Error: symbol `n0' is already defined
___lib_CORE_libperl540_a_c.s:6098: Error: symbol `n0' is already defined
___lib_CORE_libperl540_a_c.s:6099: Error: symbol `n0' is already defined
___lib_CORE_libperl540_a_c.s:6100: Error: symbol `n0' is already defined
___lib_CORE_libperl540_a_c.s:6101: Error: symbol `n0' is already defined
___lib_CORE_libperl540_a_c.s:6102: Error: symbol `n0' is already defined
___lib_CORE_libperl540_a_c.s:6103: Error: symbol `n0' is already defined
___lib_CORE_libperl540_a_c.s:6104: Error: symbol `n0' is already defined
___lib_CORE_libperl540_a_c.s:6105: Error: symbol `n0' is already defined
___lib_CORE_libperl540_a_c.s:6106: Error: symbol `n0' is already defined
___lib_CORE_libperl540_a_c.s:6107: Error: symbol `n0' is already defined
___lib_CORE_libperl540_a_c.s:6108: Error: symbol `n0' is already defined
___lib_CORE_libperl540_a_c.s:6109: Error: symbol `n0' is already defined
___lib_CORE_libperl540_a_c.s:6110: Error: symbol `n0' is already defined
___lib_CORE_libperl540_a_c.s:6111: Error: symbol `n0' is already defined
___lib_CORE_libperl540_a_c.s:6112: Error: symbol `n0' is already defined
___lib_CORE_libperl540_a_c.s:6113: Error: symbol `n0' is already defined
___lib_CORE_libperl540_a_c.s:6114: Error: symbol `n0' is already defined
___lib_CORE_libperl540_a_c.s:6115: Error: symbol `n0' is already defined
___lib_CORE_libperl540_a_c.s:6116: Error: symbol `n0' is already defined
___lib_CORE_libperl540_a_c.s:6117: Error: symbol `n0' is already defined
___lib_CORE_libperl540_a_c.s:6118: Error: symbol `n0' is already defined
___lib_CORE_libperl540_a_c.s:6119: Error: symbol `n0' is already defined
___lib_CORE_libperl540_a_c.s:6120: Error: symbol `n0' is already defined
___lib_CORE_libperl540_a_c.s:6121: Error: symbol `n0' is already defined
___lib_CORE_libperl540_a_c.s:6122: Error: symbol `n0' is already defined
___lib_CORE_libperl540_a_c.s:6123: Error: symbol `n0' is already defined
___lib_CORE_libperl540_a_c.s:6124: Error: symbol `n0' is already defined
___lib_CORE_libperl540_a_c.s:6125: Error: symbol `n0' is already defined
___lib_CORE_libperl540_a_c.s:6126: Error: symbol `n0' is already defined
___lib_CORE_libperl540_a_c.s:6127: Error: symbol `n0' is already defined
___lib_CORE_libperl540_a_c.s:6128: Error: symbol `n0' is already defined
___lib_CORE_libperl540_a_c.s:6129: Error: symbol `n0' is already defined
___lib_CORE_libperl540_a_c.s:6130: Error: symbol `n0' is already defined
___lib_CORE_libperl540_a_c.s:6131: Error: symbol `n0' is already defined
___lib_CORE_libperl540_a_c.s:6132: Error: symbol `n0' is already defined
___lib_CORE_libperl540_a_c.s:6133: Error: symbol `n0' is already defined
___lib_CORE_libperl540_a_c.s:6134: Error: symbol `n0' is already defined
___lib_CORE_libperl540_a_c.s:6135: Error: symbol `n0' is already defined
___lib_CORE_libperl540_a_c.s:6136: Error: symbol `n0' is already defined
___lib_CORE_libperl540_a_c.s:6137: Error: symbol `n0' is already defined
___lib_CORE_libperl540_a_c.s:6138: Error: symbol `n0' is already defined
___lib_CORE_libperl540_a_c.s:6139: Error: symbol `n0' is already defined
___lib_CORE_libperl540_a_c.s:6140: Error: symbol `n0' is already defined
___lib_CORE_libperl540_a_c.s:6141: Error: symbol `n0' is already defined
___lib_CORE_libperl540_a_c.s:6142: Error: symbol `n0' is already defined
___lib_CORE_libperl540_a_c.s:6143: Error: symbol `n0' is already defined
___lib_CORE_libperl540_a_c.s:6144: Error: symbol `n0' is already defined
___lib_CORE_libperl540_a_c.s:6145: Error: symbol `n0' is already defined
___lib_CORE_libperl540_a_c.s:6146: Error: symbol `n0' is already defined
___lib_CORE_libperl540_a_c.s:6147: Error: symbol `n0' is already defined
___lib_CORE_libperl540_a_c.s:6148: Error: symbol `n0' is already defined
___lib_CORE_libperl540_a_c.s:6149: Error: symbol `n0' is already defined
___lib_CORE_libperl540_a_c.s:6150: Error: symbol `n0' is already defined
___lib_CORE_libperl540_a_c.s:6151: Error: symbol `n0' is already defined
___lib_CORE_libperl540_a_c.s:6152: Error: symbol `n0' is already defined
___lib_CORE_libperl540_a_c.s:6153: Error: symbol `n0' is already defined
___lib_CORE_libperl540_a_c.s:6154: Error: symbol `n0' is already defined
___lib_CORE_libperl540_a_c.s:6155: Error: symbol `n0' is already defined
___lib_CORE_libperl540_a_c.s:6156: Error: symbol `n0' is already defined
___lib_CORE_libperl540_a_c.s:6157: Error: symbol `n0' is already defined
___lib_CORE_libperl540_a_c.s:6158: Error: symbol `n0' is already defined
___lib_CORE_libperl540_a_c.s:6159: Error: symbol `n0' is already defined
___lib_CORE_libperl540_a_c.s:6160: Error: symbol `n0' is already defined
___lib_CORE_libperl540_a_c.s:6161: Error: symbol `n0' is already defined
___lib_CORE_libperl540_a_c.s:6162: Error: symbol `n0' is already defined
___lib_CORE_libperl540_a_c.s:6163: Error: symbol `n0' is already defined
___lib_CORE_libperl540_a_c.s:6164: Error: symbol `n0' is already defined
___lib_CORE_libperl540_a_c.s:6165: Error: symbol `n0' is already defined
___lib_CORE_libperl540_a_c.s:6166: Error: symbol `n0' is already defined
___lib_CORE_libperl540_a_c.s:6167: Error: symbol `n0' is already defined
___lib_CORE_libperl540_a_c.s:6168: Error: symbol `n0' is already defined
___lib_CORE_libperl540_a_c.s:6169: Error: symbol `n0' is already defined
___lib_CORE_libperl540_a_c.s:6170: Error: symbol `n0' is already defined
___lib_CORE_libperl540_a_c.s:6171: Error: symbol `n0' is already defined
___lib_CORE_libperl540_a_c.s:6172: Error: symbol `n0' is already defined
___lib_CORE_libperl540_a_c.s:6173: Error: symbol `n0' is already defined
___lib_CORE_libperl540_a_c.s:6174: Error: symbol `n0' is already defined
___lib_CORE_libperl540_a_c.s:6175: Error: symbol `n0' is already defined
___lib_CORE_libperl540_a_c.s:6176: Error: symbol `n0' is already defined
___lib_CORE_libperl540_a_c.s:6177: Error: symbol `n0' is already defined
___lib_CORE_libperl540_a_c.s:6178: Error: symbol `n0' is already defined
___lib_CORE_libperl540_a_c.s:6179: Error: symbol `n0' is already defined
___lib_CORE_libperl540_a_c.s:6180: Error: symbol `n0' is already defined
___lib_CORE_libperl540_a_c.s:6181: Error: symbol `n0' is already defined
___lib_CORE_libperl540_a_c.s:6182: Error: symbol `n0' is already defined
___lib_CORE_libperl540_a_c.s:6183: Error: symbol `n0' is already defined
___lib_CORE_libperl540_a_c.s:6184: Error: symbol `n0' is already defined
___lib_CORE_libperl540_a_c.s:6185: Error: symbol `n0' is already defined
___lib_CORE_libperl540_a_c.s:6186: Error: symbol `n0' is already defined
___lib_CORE_libperl540_a_c.s:6187: Error: symbol `n0' is already defined
___lib_CORE_libperl540_a_c.s:6188: Error: symbol `n0' is already defined
___lib_CORE_libperl540_a_c.s:6189: Error: symbol `n0' is already defined
___lib_CORE_libperl540_a_c.s:6190: Error: symbol `n0' is already defined
___lib_CORE_libperl540_a_c.s:6191: Error: symbol `n0' is already defined
___lib_CORE_libperl540_a_c.s:6192: Error: symbol `n0' is already defined
___lib_CORE_libperl540_a_c.s:6193: Error: symbol `n0' is already defined
___lib_CORE_libperl540_a_c.s:6194: Error: symbol `n0' is already defined
___lib_CORE_libperl540_a_c.s:6195: Error: symbol `n0' is already defined
___lib_CORE_libperl540_a_c.s:6196: Error: symbol `n0' is already defined
___lib_CORE_libperl540_a_c.s:6197: Error: symbol `n0' is already defined
___lib_CORE_libperl540_a_c.s:6198: Error: symbol `n0' is already defined
___lib_CORE_libperl540_a_c.s:6199: Error: symbol `n0' is already defined
___lib_CORE_libperl540_a_c.s:6200: Error: symbol `n0' is already defined
___lib_CORE_libperl540_a_c.s:6201: Error: symbol `n0' is already defined
___lib_CORE_libperl540_a_c.s:6202: Error: symbol `n0' is already defined
___lib_CORE_libperl540_a_c.s:6203: Error: symbol `n0' is already defined
___lib_CORE_libperl540_a_c.s:6204: Error: symbol `n0' is already defined
___lib_CORE_libperl540_a_c.s:6205: Error: symbol `n0' is already defined
___lib_CORE_libperl540_a_c.s:6206: Error: symbol `n0' is already defined
___lib_CORE_libperl540_a_c.s:6207: Error: symbol `n0' is already defined
___lib_CORE_libperl540_a_c.s:6208: Error: symbol `n0' is already defined
___lib_CORE_libperl540_a_c.s:6209: Error: symbol `n0' is already defined
___lib_CORE_libperl540_a_c.s:6210: Error: symbol `n0' is already defined
___lib_CORE_libperl540_a_c.s:6211: Error: symbol `n0' is already defined
___lib_CORE_libperl540_a_c.s:6212: Error: symbol `n0' is already defined
___lib_CORE_libperl540_a_c.s:6213: Error: symbol `n0' is already defined
___lib_CORE_libperl540_a_c.s:6214: Error: symbol `n0' is already defined
___lib_CORE_libperl540_a_c.s:6215: Error: symbol `n0' is already defined
___lib_CORE_libperl540_a_c.s:6216: Error: symbol `n0' is already defined
___lib_CORE_libperl540_a_c.s:6217: Error: symbol `n0' is already defined
___lib_CORE_libperl540_a_c.s:6218: Error: symbol `n0' is already defined
___lib_CORE_libperl540_a_c.s:6219: Error: symbol `n0' is already defined
___lib_CORE_libperl540_a_c.s:6220: Error: symbol `n0' is already defined
___lib_CORE_libperl540_a_c.s:6221: Error: symbol `n0' is already defined
___lib_CORE_libperl540_a_c.s:6222: Error: symbol `n0' is already defined
___lib_CORE_libperl540_a_c.s:6223: Error: symbol `n0' is already defined
___lib_CORE_libperl540_a_c.s:6224: Error: symbol `n0' is already defined
___lib_CORE_libperl540_a_c.s:6225: Error: symbol `n0' is already defined
___lib_CORE_libperl540_a_c.s:6226: Error: symbol `n0' is already defined
___lib_CORE_libperl540_a_c.s:6227: Error: symbol `n0' is already defined
___lib_CORE_libperl540_a_c.s:6228: Error: symbol `n0' is already defined
___lib_CORE_libperl540_a_c.s:6229: Error: symbol `n0' is already defined
___lib_CORE_libperl540_a_c.s:6230: Error: symbol `n0' is already defined
___lib_CORE_libperl540_a_c.s:6231: Error: symbol `n0' is already defined
___lib_CORE_libperl540_a_c.s:6232: Error: symbol `n0' is already defined
___lib_CORE_libperl540_a_c.s:6233: Error: symbol `n0' is already defined
___lib_CORE_libperl540_a_c.s:6234: Error: symbol `n0' is already defined
___lib_CORE_libperl540_a_c.s:6235: Error: symbol `n0' is already defined
___lib_CORE_libperl540_a_c.s:6236: Error: symbol `n0' is already defined
___lib_CORE_libperl540_a_c.s:6237: Error: symbol `n0' is already defined
___lib_CORE_libperl540_a_c.s:6238: Error: symbol `n0' is already defined
___lib_CORE_libperl540_a_c.s:6239: Error: symbol `n0' is already defined
___lib_CORE_libperl540_a_c.s:6240: Error: symbol `n0' is already defined
___lib_CORE_libperl540_a_c.s:6241: Error: symbol `n0' is already defined
___lib_CORE_libperl540_a_c.s:6242: Error: symbol `n0' is already defined
___lib_CORE_libperl540_a_c.s:6243: Error: symbol `n0' is already defined
___lib_CORE_libperl540_a_c.s:6244: Error: symbol `n0' is already defined
___lib_CORE_libperl540_a_c.s:6245: Error: symbol `n0' is already defined
___lib_CORE_libperl540_a_c.s:6246: Error: symbol `n0' is already defined
___lib_CORE_libperl540_a_c.s:6247: Error: symbol `n0' is already defined
___lib_CORE_libperl540_a_c.s:6248: Error: symbol `n0' is already defined
___lib_CORE_libperl540_a_c.s:6249: Error: symbol `n0' is already defined
___lib_CORE_libperl540_a_c.s:6250: Error: symbol `n0' is already defined
___lib_CORE_libperl540_a_c.s:6251: Error: symbol `n0' is already defined
___lib_CORE_libperl540_a_c.s:6252: Error: symbol `n0' is already defined
___lib_CORE_libperl540_a_c.s:6253: Error: symbol `n0' is already defined
___lib_CORE_libperl540_a_c.s:6254: Error: symbol `n0' is already defined
___lib_CORE_libperl540_a_c.s:6255: Error: symbol `n0' is already defined
___lib_CORE_libperl540_a_c.s:6256: Error: symbol `n0' is already defined
___lib_CORE_libperl540_a_c.s:6257: Error: symbol `n0' is already defined
___lib_CORE_libperl540_a_c.s:6258: Error: symbol `n0' is already defined
___lib_CORE_libperl540_a_c.s:6259: Error: symbol `n0' is already defined
___lib_CORE_libperl540_a_c.s:6260: Error: symbol `n0' is already defined
___lib_CORE_libperl540_a_c.s:6261: Error: symbol `n0' is already defined
___lib_CORE_libperl540_a_c.s:6262: Error: symbol `n0' is already defined
___lib_CORE_libperl540_a_c.s:6263: Error: symbol `n0' is already defined
___lib_CORE_libperl540_a_c.s:6264: Error: symbol `n0' is already defined
___lib_CORE_libperl540_a_c.s:6265: Error: symbol `n0' is already defined
___lib_CORE_libperl540_a_c.s:6266: Error: symbol `n0' is already defined
___lib_CORE_libperl540_a_c.s:6267: Error: symbol `n0' is already defined
___lib_CORE_libperl540_a_c.s:6268: Error: symbol `n0' is already defined
___lib_CORE_libperl540_a_c.s:6269: Error: symbol `n0' is already defined
___lib_CORE_libperl540_a_c.s:6270: Error: symbol `n0' is already defined
___lib_CORE_libperl540_a_c.s:6271: Error: symbol `n0' is already defined
___lib_CORE_libperl540_a_c.s:6272: Error: symbol `n0' is already defined
___lib_CORE_libperl540_a_c.s:6273: Error: symbol `n0' is already defined
___lib_CORE_libperl540_a_c.s:6274: Error: symbol `n0' is already defined
___lib_CORE_libperl540_a_c.s:6275: Error: symbol `n0' is already defined
___lib_CORE_libperl540_a_c.s:6276: Error: symbol `n0' is already defined
___lib_CORE_libperl540_a_c.s:6277: Error: symbol `n0' is already defined
___lib_CORE_libperl540_a_c.s:6278: Error: symbol `n0' is already defined
___lib_CORE_libperl540_a_c.s:6279: Error: symbol `n0' is already defined
___lib_CORE_libperl540_a_c.s:6280: Error: symbol `n0' is already defined
___lib_CORE_libperl540_a_c.s:6281: Error: symbol `n0' is already defined
___lib_CORE_libperl540_a_c.s:6282: Error: symbol `n0' is already defined
___lib_CORE_libperl540_a_c.s:6283: Error: symbol `n0' is already defined
___lib_CORE_libperl540_a_c.s:6284: Error: symbol `n0' is already defined
___lib_CORE_libperl540_a_c.s:6285: Error: symbol `n0' is already defined
___lib_CORE_libperl540_a_c.s:6286: Error: symbol `n0' is already defined
___lib_CORE_libperl540_a_c.s:6287: Error: symbol `n0' is already defined
___lib_CORE_libperl540_a_c.s:6288: Error: symbol `n0' is already defined
___lib_CORE_libperl540_a_c.s:6289: Error: symbol `n0' is already defined
___lib_CORE_libperl540_a_c.s:6290: Error: symbol `n0' is already defined
___lib_CORE_libperl540_a_c.s:6291: Error: symbol `n0' is already defined
___lib_CORE_libperl540_a_c.s:6292: Error: symbol `n0' is already defined
___lib_CORE_libperl540_a_c.s:6293: Error: symbol `n0' is already defined
___lib_CORE_libperl540_a_c.s:6294: Error: symbol `n0' is already defined
___lib_CORE_libperl540_a_c.s:6295: Error: symbol `n0' is already defined
___lib_CORE_libperl540_a_c.s:6296: Error: symbol `n0' is already defined
___lib_CORE_libperl540_a_c.s:6297: Error: symbol `n0' is already defined
___lib_CORE_libperl540_a_c.s:6298: Error: symbol `n0' is already defined
___lib_CORE_libperl540_a_c.s:6299: Error: symbol `n0' is already defined
___lib_CORE_libperl540_a_c.s:6300: Error: symbol `n0' is already defined
___lib_CORE_libperl540_a_c.s:6301: Error: symbol `n0' is already defined
___lib_CORE_libperl540_a_c.s:6302: Error: symbol `n0' is already defined
___lib_CORE_libperl540_a_c.s:6303: Error: symbol `n0' is already defined
___lib_CORE_libperl540_a_c.s:6304: Error: symbol `n0' is already defined
___lib_CORE_libperl540_a_c.s:6305: Error: symbol `n0' is already defined
___lib_CORE_libperl540_a_c.s:6306: Error: symbol `n0' is already defined
___lib_CORE_libperl540_a_c.s:6307: Error: symbol `n0' is already defined
___lib_CORE_libperl540_a_c.s:6308: Error: symbol `n0' is already defined
___lib_CORE_libperl540_a_c.s:6309: Error: symbol `n0' is already defined
___lib_CORE_libperl540_a_c.s:6310: Error: symbol `n0' is already defined
___lib_CORE_libperl540_a_c.s:6311: Error: symbol `n0' is already defined
___lib_CORE_libperl540_a_c.s:6312: Error: symbol `n0' is already defined
___lib_CORE_libperl540_a_c.s:6313: Error: symbol `n0' is already defined
___lib_CORE_libperl540_a_c.s:6314: Error: symbol `n0' is already defined
___lib_CORE_libperl540_a_c.s:6315: Error: symbol `n0' is already defined
___lib_CORE_libperl540_a_c.s:6316: Error: symbol `n0' is already defined
___lib_CORE_libperl540_a_c.s:6317: Error: symbol `n0' is already defined
___lib_CORE_libperl540_a_c.s:6318: Error: symbol `n0' is already defined
___lib_CORE_libperl540_a_c.s:6319: Error: symbol `n0' is already defined
___lib_CORE_libperl540_a_c.s:6320: Error: symbol `n0' is already defined
___lib_CORE_libperl540_a_c.s:6321: Error: symbol `n0' is already defined
___lib_CORE_libperl540_a_c.s:6322: Error: symbol `n0' is already defined
___lib_CORE_libperl540_a_c.s:6323: Error: symbol `n0' is already defined
___lib_CORE_libperl540_a_c.s:6324: Error: symbol `n0' is already defined
___lib_CORE_libperl540_a_c.s:6325: Error: symbol `n0' is already defined
___lib_CORE_libperl540_a_c.s:6326: Error: symbol `n0' is already defined
___lib_CORE_libperl540_a_c.s:6327: Error: symbol `n0' is already defined
___lib_CORE_libperl540_a_c.s:6328: Error: symbol `n0' is already defined
___lib_CORE_libperl540_a_c.s:6329: Error: symbol `n0' is already defined
___lib_CORE_libperl540_a_c.s:6330: Error: symbol `n0' is already defined
___lib_CORE_libperl540_a_c.s:6331: Error: symbol `n0' is already defined
___lib_CORE_libperl540_a_c.s:6332: Error: symbol `n0' is already defined
___lib_CORE_libperl540_a_c.s:6333: Error: symbol `n0' is already defined
___lib_CORE_libperl540_a_c.s:6334: Error: symbol `n0' is already defined
___lib_CORE_libperl540_a_c.s:6335: Error: symbol `n0' is already defined
___lib_CORE_libperl540_a_c.s:6336: Error: symbol `n0' is already defined
___lib_CORE_libperl540_a_c.s:6337: Error: symbol `n0' is already defined
___lib_CORE_libperl540_a_c.s:6338: Error: symbol `n0' is already defined
___lib_CORE_libperl540_a_c.s:6339: Error: symbol `n0' is already defined
___lib_CORE_libperl540_a_c.s:6340: Error: symbol `n0' is already defined
___lib_CORE_libperl540_a_c.s:6341: Error: symbol `n0' is already defined
___lib_CORE_libperl540_a_c.s:6342: Error: symbol `n0' is already defined
___lib_CORE_libperl540_a_c.s:6343: Error: symbol `n0' is already defined
___lib_CORE_libperl540_a_c.s:6344: Error: symbol `n0' is already defined
___lib_CORE_libperl540_a_c.s:6345: Error: symbol `n0' is already defined
___lib_CORE_libperl540_a_c.s:6346: Error: symbol `n0' is already defined
___lib_CORE_libperl540_a_c.s:6347: Error: symbol `n0' is already defined
___lib_CORE_libperl540_a_c.s:6348: Error: symbol `n0' is already defined
___lib_CORE_libperl540_a_c.s:6349: Error: symbol `n0' is already defined
___lib_CORE_libperl540_a_c.s:6350: Error: symbol `n0' is already defined
___lib_CORE_libperl540_a_c.s:6351: Error: symbol `n0' is already defined
___lib_CORE_libperl540_a_c.s:6352: Error: symbol `n0' is already defined
___lib_CORE_libperl540_a_c.s:6353: Error: symbol `n0' is already defined
___lib_CORE_libperl540_a_c.s:6354: Error: symbol `n0' is already defined
___lib_CORE_libperl540_a_c.s:6355: Error: symbol `n0' is already defined
___lib_CORE_libperl540_a_c.s:6356: Error: symbol `n0' is already defined
___lib_CORE_libperl540_a_c.s:6357: Error: symbol `n0' is already defined
___lib_CORE_libperl540_a_c.s:6358: Error: symbol `n0' is already defined
___lib_CORE_libperl540_a_c.s:6359: Error: symbol `n0' is already defined
___lib_CORE_libperl540_a_c.s:6360: Error: symbol `n0' is already defined
___lib_CORE_libperl540_a_c.s:6361: Error: symbol `n0' is already defined
___lib_CORE_libperl540_a_c.s:6362: Error: symbol `n0' is already defined
___lib_CORE_libperl540_a_c.s:6363: Error: symbol `n0' is already defined
___lib_CORE_libperl540_a_c.s:6364: Error: symbol `n0' is already defined
___lib_CORE_libperl540_a_c.s:6365: Error: symbol `n0' is already defined
___lib_CORE_libperl540_a_c.s:6366: Error: symbol `n0' is already defined
___lib_CORE_libperl540_a_c.s:6367: Error: symbol `n0' is already defined
___lib_CORE_libperl540_a_c.s:6368: Error: symbol `n0' is already defined
___lib_CORE_libperl540_a_c.s:6369: Error: symbol `n0' is already defined
___lib_CORE_libperl540_a_c.s:6370: Error: symbol `n0' is already defined
___lib_CORE_libperl540_a_c.s:6371: Error: symbol `n0' is already defined
___lib_CORE_libperl540_a_c.s:6372: Error: symbol `n0' is already defined
___lib_CORE_libperl540_a_c.s:6373: Error: symbol `n0' is already defined
___lib_CORE_libperl540_a_c.s:6374: Error: symbol `n0' is already defined
___lib_CORE_libperl540_a_c.s:6375: Error: symbol `n0' is already defined
___lib_CORE_libperl540_a_c.s:6376: Error: symbol `n0' is already defined
___lib_CORE_libperl540_a_c.s:6377: Error: symbol `n0' is already defined
___lib_CORE_libperl540_a_c.s:6378: Error: symbol `n0' is already defined
___lib_CORE_libperl540_a_c.s:6379: Error: symbol `n0' is already defined
___lib_CORE_libperl540_a_c.s:6380: Error: symbol `n0' is already defined
___lib_CORE_libperl540_a_c.s:6381: Error: symbol `n0' is already defined
___lib_CORE_libperl540_a_c.s:6382: Error: symbol `n0' is already defined
___lib_CORE_libperl540_a_c.s:6383: Error: symbol `n0' is already defined
___lib_CORE_libperl540_a_c.s:6384: Error: symbol `n0' is already defined
___lib_CORE_libperl540_a_c.s:6385: Error: symbol `n0' is already defined
___lib_CORE_libperl540_a_c.s:6386: Error: symbol `n0' is already defined
___lib_CORE_libperl540_a_c.s:6387: Error: symbol `n0' is already defined
___lib_CORE_libperl540_a_c.s:6388: Error: symbol `n0' is already defined
___lib_CORE_libperl540_a_c.s:6389: Error: symbol `n0' is already defined
___lib_CORE_libperl540_a_c.s:6390: Error: symbol `n0' is already defined
___lib_CORE_libperl540_a_c.s:6391: Error: symbol `n0' is already defined
___lib_CORE_libperl540_a_c.s:6392: Error: symbol `n0' is already defined
___lib_CORE_libperl540_a_c.s:6393: Error: symbol `n0' is already defined
___lib_CORE_libperl540_a_c.s:6394: Error: symbol `n0' is already defined
___lib_CORE_libperl540_a_c.s:6395: Error: symbol `n0' is already defined
___lib_CORE_libperl540_a_c.s:6396: Error: symbol `n0' is already defined
___lib_CORE_libperl540_a_c.s:6397: Error: symbol `n0' is already defined
___lib_CORE_libperl540_a_c.s:6398: Error: symbol `n0' is already defined
___lib_CORE_libperl540_a_c.s:6399: Error: symbol `n0' is already defined
___lib_CORE_libperl540_a_c.s:6400: Error: symbol `n0' is already defined
___lib_CORE_libperl540_a_c.s:6401: Error: symbol `n0' is already defined
___lib_CORE_libperl540_a_c.s:6402: Error: symbol `n0' is already defined
___lib_CORE_libperl540_a_c.s:6403: Error: symbol `n0' is already defined
___lib_CORE_libperl540_a_c.s:6404: Error: symbol `n0' is already defined
___lib_CORE_libperl540_a_c.s:6405: Error: symbol `n0' is already defined
___lib_CORE_libperl540_a_c.s:6406: Error: symbol `n0' is already defined
___lib_CORE_libperl540_a_c.s:6407: Error: symbol `n0' is already defined
___lib_CORE_libperl540_a_c.s:6408: Error: symbol `n0' is already defined
___lib_CORE_libperl540_a_c.s:6409: Error: symbol `n0' is already defined
___lib_CORE_libperl540_a_c.s:6410: Error: symbol `n0' is already defined
___lib_CORE_libperl540_a_c.s:6411: Error: symbol `n0' is already defined
___lib_CORE_libperl540_a_c.s:6412: Error: symbol `n0' is already defined
___lib_CORE_libperl540_a_c.s:6413: Error: symbol `n0' is already defined
___lib_CORE_libperl540_a_c.s:6414: Error: symbol `n0' is already defined
___lib_CORE_libperl540_a_c.s:6415: Error: symbol `n0' is already defined
___lib_CORE_libperl540_a_c.s:6416: Error: symbol `n0' is already defined
___lib_CORE_libperl540_a_c.s:6417: Error: symbol `n0' is already defined
___lib_CORE_libperl540_a_c.s:6418: Error: symbol `n0' is already defined
___lib_CORE_libperl540_a_c.s:6419: Error: symbol `n0' is already defined
___lib_CORE_libperl540_a_c.s:6420: Error: symbol `n0' is already defined
___lib_CORE_libperl540_a_c.s:6421: Error: symbol `n0' is already defined
___lib_CORE_libperl540_a_c.s:6422: Error: symbol `n0' is already defined
___lib_CORE_libperl540_a_c.s:6423: Error: symbol `n0' is already defined
___lib_CORE_libperl540_a_c.s:6424: Error: symbol `n0' is already defined
___lib_CORE_libperl540_a_c.s:6425: Error: symbol `n0' is already defined
___lib_CORE_libperl540_a_c.s:6426: Error: symbol `n0' is already defined
___lib_CORE_libperl540_a_c.s:6427: Error: symbol `n0' is already defined
___lib_CORE_libperl540_a_c.s:6428: Error: symbol `n0' is already defined
___lib_CORE_libperl540_a_c.s:6429: Error: symbol `n0' is already defined
___lib_CORE_libperl540_a_c.s:6430: Error: symbol `n0' is already defined
___lib_CORE_libperl540_a_c.s:6431: Error: symbol `n0' is already defined
___lib_CORE_libperl540_a_c.s:6432: Error: symbol `n0' is already defined
___lib_CORE_libperl540_a_c.s:6433: Error: symbol `n0' is already defined
___lib_CORE_libperl540_a_c.s:6434: Error: symbol `n0' is already defined
___lib_CORE_libperl540_a_c.s:6435: Error: symbol `n0' is already defined
___lib_CORE_libperl540_a_c.s:6436: Error: symbol `n0' is already defined
___lib_CORE_libperl540_a_c.s:6437: Error: symbol `n0' is already defined
___lib_CORE_libperl540_a_c.s:6438: Error: symbol `n0' is already defined
___lib_CORE_libperl540_a_c.s:6439: Error: symbol `n0' is already defined
___lib_CORE_libperl540_a_c.s:6440: Error: symbol `n0' is already defined
___lib_CORE_libperl540_a_c.s:6441: Error: symbol `n0' is already defined
___lib_CORE_libperl540_a_c.s:6442: Error: symbol `n0' is already defined
___lib_CORE_libperl540_a_c.s:6443: Error: symbol `n0' is already defined
___lib_CORE_libperl540_a_c.s:6444: Error: symbol `n0' is already defined
___lib_CORE_libperl540_a_c.s:6445: Error: symbol `n0' is already defined
___lib_CORE_libperl540_a_c.s:6446: Error: symbol `n0' is already defined
___lib_CORE_libperl540_a_c.s:6447: Error: symbol `n0' is already defined
___lib_CORE_libperl540_a_c.s:6448: Error: symbol `n0' is already defined
___lib_CORE_libperl540_a_c.s:6449: Error: symbol `n0' is already defined
___lib_CORE_libperl540_a_c.s:6450: Error: symbol `n0' is already defined
___lib_CORE_libperl540_a_c.s:6451: Error: symbol `n0' is already defined
___lib_CORE_libperl540_a_c.s:6452: Error: symbol `n0' is already defined
___lib_CORE_libperl540_a_c.s:6453: Error: symbol `n0' is already defined
___lib_CORE_libperl540_a_c.s:6454: Error: symbol `n0' is already defined
___lib_CORE_libperl540_a_c.s:6455: Error: symbol `n0' is already defined
___lib_CORE_libperl540_a_c.s:6456: Error: symbol `n0' is already defined
___lib_CORE_libperl540_a_c.s:6457: Error: symbol `n0' is already defined
___lib_CORE_libperl540_a_c.s:6458: Error: symbol `n0' is already defined
___lib_CORE_libperl540_a_c.s:6459: Error: symbol `n0' is already defined
___lib_CORE_libperl540_a_c.s:6460: Error: symbol `n0' is already defined
___lib_CORE_libperl540_a_c.s:6461: Error: symbol `n0' is already defined
___lib_CORE_libperl540_a_c.s:6462: Error: symbol `n0' is already defined
___lib_CORE_libperl540_a_c.s:6463: Error: symbol `n0' is already defined
___lib_CORE_libperl540_a_c.s:6464: Error: symbol `n0' is already defined
___lib_CORE_libperl540_a_c.s:6465: Error: symbol `n0' is already defined
___lib_CORE_libperl540_a_c.s:6466: Error: symbol `n0' is already defined
___lib_CORE_libperl540_a_c.s:6467: Error: symbol `n0' is already defined
___lib_CORE_libperl540_a_c.s:6468: Error: symbol `n0' is already defined
___lib_CORE_libperl540_a_c.s:6469: Error: symbol `n0' is already defined
___lib_CORE_libperl540_a_c.s:6470: Error: symbol `n0' is already defined
___lib_CORE_libperl540_a_c.s:6471: Error: symbol `n0' is already defined
___lib_CORE_libperl540_a_c.s:6472: Error: symbol `n0' is already defined
___lib_CORE_libperl540_a_c.s:6473: Error: symbol `n0' is already defined
___lib_CORE_libperl540_a_c.s:6474: Error: symbol `n0' is already defined
___lib_CORE_libperl540_a_c.s:6475: Error: symbol `n0' is already defined
___lib_CORE_libperl540_a_c.s:6476: Error: symbol `n0' is already defined
___lib_CORE_libperl540_a_c.s:6477: Error: symbol `n0' is already defined
___lib_CORE_libperl540_a_c.s:6478: Error: symbol `n0' is already defined
___lib_CORE_libperl540_a_c.s:6479: Error: symbol `n0' is already defined
___lib_CORE_libperl540_a_c.s:6480: Error: symbol `n0' is already defined
___lib_CORE_libperl540_a_c.s:6481: Error: symbol `n0' is already defined
___lib_CORE_libperl540_a_c.s:6482: Error: symbol `n0' is already defined
___lib_CORE_libperl540_a_c.s:6483: Error: symbol `n0' is already defined
___lib_CORE_libperl540_a_c.s:6484: Error: symbol `n0' is already defined
___lib_CORE_libperl540_a_c.s:6485: Error: symbol `n0' is already defined
___lib_CORE_libperl540_a_c.s:6486: Error: symbol `n0' is already defined
___lib_CORE_libperl540_a_c.s:6487: Error: symbol `n0' is already defined
___lib_CORE_libperl540_a_c.s:6488: Error: symbol `n0' is already defined
___lib_CORE_libperl540_a_c.s:6489: Error: symbol `n0' is already defined
___lib_CORE_libperl540_a_c.s:6490: Error: symbol `n0' is already defined
___lib_CORE_libperl540_a_c.s:6491: Error: symbol `n0' is already defined
___lib_CORE_libperl540_a_c.s:6492: Error: symbol `n0' is already defined
___lib_CORE_libperl540_a_c.s:6493: Error: symbol `n0' is already defined
___lib_CORE_libperl540_a_c.s:6494: Error: symbol `n0' is already defined
___lib_CORE_libperl540_a_c.s:6495: Error: symbol `n0' is already defined
___lib_CORE_libperl540_a_c.s:6496: Error: symbol `n0' is already defined
___lib_CORE_libperl540_a_c.s:6497: Error: symbol `n0' is already defined
___lib_CORE_libperl540_a_c.s:6498: Error: symbol `n0' is already defined
___lib_CORE_libperl540_a_c.s:6499: Error: symbol `n0' is already defined
___lib_CORE_libperl540_a_c.s:6500: Error: symbol `n0' is already defined
___lib_CORE_libperl540_a_c.s:6501: Error: symbol `n0' is already defined
___lib_CORE_libperl540_a_c.s:6502: Error: symbol `n0' is already defined
___lib_CORE_libperl540_a_c.s:6503: Error: symbol `n0' is already defined
___lib_CORE_libperl540_a_c.s:6504: Error: symbol `n0' is already defined
___lib_CORE_libperl540_a_c.s:6505: Error: symbol `n0' is already defined
___lib_CORE_libperl540_a_c.s:6506: Error: symbol `n0' is already defined
___lib_CORE_libperl540_a_c.s:6507: Error: symbol `n0' is already defined
___lib_CORE_libperl540_a_c.s:6508: Error: symbol `n0' is already defined
___lib_CORE_libperl540_a_c.s:6509: Error: symbol `n0' is already defined
___lib_CORE_libperl540_a_c.s:6510: Error: symbol `n0' is already defined
___lib_CORE_libperl540_a_c.s:6511: Error: symbol `n0' is already defined
___lib_CORE_libperl540_a_c.s:6512: Error: symbol `n0' is already defined
___lib_CORE_libperl540_a_c.s:6513: Error: symbol `n0' is already defined
___lib_CORE_libperl540_a_c.s:6514: Error: symbol `n0' is already defined
___lib_CORE_libperl540_a_c.s:6515: Error: symbol `n0' is already defined
___lib_CORE_libperl540_a_c.s:6516: Error: symbol `n0' is already defined
___lib_CORE_libperl540_a_c.s:6517: Error: symbol `n0' is already defined
___lib_CORE_libperl540_a_c.s:6518: Error: symbol `n0' is already defined
___lib_CORE_libperl540_a_c.s:6519: Error: symbol `n0' is already defined
___lib_CORE_libperl540_a_c.s:6520: Error: symbol `n0' is already defined
___lib_CORE_libperl540_a_c.s:6521: Error: symbol `n0' is already defined
___lib_CORE_libperl540_a_c.s:6522: Error: symbol `n0' is already defined
___lib_CORE_libperl540_a_c.s:6523: Error: symbol `n0' is already defined
___lib_CORE_libperl540_a_c.s:6524: Error: symbol `n0' is already defined
___lib_CORE_libperl540_a_c.s:6525: Error: symbol `n0' is already defined
___lib_CORE_libperl540_a_c.s:6526: Error: symbol `n0' is already defined
___lib_CORE_libperl540_a_c.s:6527: Error: symbol `n0' is already defined
___lib_CORE_libperl540_a_c.s:6528: Error: symbol `n0' is already defined
___lib_CORE_libperl540_a_c.s:6529: Error: symbol `n0' is already defined
___lib_CORE_libperl540_a_c.s:6530: Error: symbol `n0' is already defined
___lib_CORE_libperl540_a_c.s:6531: Error: symbol `n0' is already defined
___lib_CORE_libperl540_a_c.s:6532: Error: symbol `n0' is already defined
___lib_CORE_libperl540_a_c.s:6533: Error: symbol `n0' is already defined
___lib_CORE_libperl540_a_c.s:6534: Error: symbol `n0' is already defined
___lib_CORE_libperl540_a_c.s:6535: Error: symbol `n0' is already defined
___lib_CORE_libperl540_a_c.s:6536: Error: symbol `n0' is already defined
___lib_CORE_libperl540_a_c.s:6537: Error: symbol `n0' is already defined
___lib_CORE_libperl540_a_c.s:6538: Error: symbol `n0' is already defined
___lib_CORE_libperl540_a_c.s:6539: Error: symbol `n0' is already defined
___lib_CORE_libperl540_a_c.s:6540: Error: symbol `n0' is already defined
___lib_CORE_libperl540_a_c.s:6541: Error: symbol `n0' is already defined
___lib_CORE_libperl540_a_c.s:6542: Error: symbol `n0' is already defined
___lib_CORE_libperl540_a_c.s:6543: Error: symbol `n0' is already defined
___lib_CORE_libperl540_a_c.s:6544: Error: symbol `n0' is already defined
___lib_CORE_libperl540_a_c.s:6545: Error: symbol `n0' is already defined
___lib_CORE_libperl540_a_c.s:6546: Error: symbol `n0' is already defined
___lib_CORE_libperl540_a_c.s:6547: Error: symbol `n0' is already defined
___lib_CORE_libperl540_a_c.s:6548: Error: symbol `n0' is already defined
___lib_CORE_libperl540_a_c.s:6549: Error: symbol `n0' is already defined
___lib_CORE_libperl540_a_c.s:6550: Error: symbol `n0' is already defined
___lib_CORE_libperl540_a_c.s:6551: Error: symbol `n0' is already defined
___lib_CORE_libperl540_a_c.s:6552: Error: symbol `n0' is already defined
___lib_CORE_libperl540_a_c.s:6553: Error: symbol `n0' is already defined
___lib_CORE_libperl540_a_c.s:6554: Error: symbol `n0' is already defined
___lib_CORE_libperl540_a_c.s:6555: Error: symbol `n0' is already defined
___lib_CORE_libperl540_a_c.s:6556: Error: symbol `n0' is already defined
___lib_CORE_libperl540_a_c.s:6557: Error: symbol `n0' is already defined
___lib_CORE_libperl540_a_c.s:6558: Error: symbol `n0' is already defined
___lib_CORE_libperl540_a_c.s:6559: Error: symbol `n0' is already defined
___lib_CORE_libperl540_a_c.s:6560: Error: symbol `n0' is already defined
___lib_CORE_libperl540_a_c.s:6561: Error: symbol `n0' is already defined
___lib_CORE_libperl540_a_c.s:6562: Error: symbol `n0' is already defined
___lib_CORE_libperl540_a_c.s:6563: Error: symbol `n0' is already defined
___lib_CORE_libperl540_a_c.s:6564: Error: symbol `n0' is already defined
___lib_CORE_libperl540_a_c.s:6565: Error: symbol `n0' is already defined
___lib_CORE_libperl540_a_c.s:6566: Error: symbol `n0' is already defined
___lib_CORE_libperl540_a_c.s:6567: Error: symbol `n0' is already defined
___lib_CORE_libperl540_a_c.s:6568: Error: symbol `n0' is already defined
___lib_CORE_libperl540_a_c.s:6569: Error: symbol `n0' is already defined
___lib_CORE_libperl540_a_c.s:6570: Error: symbol `n0' is already defined
___lib_CORE_libperl540_a_c.s:6571: Error: symbol `n0' is already defined
___lib_CORE_libperl540_a_c.s:6572: Error: symbol `n0' is already defined
___lib_CORE_libperl540_a_c.s:6573: Error: symbol `n0' is already defined
___lib_CORE_libperl540_a_c.s:6574: Error: symbol `n0' is already defined
___lib_CORE_libperl540_a_c.s:6575: Error: symbol `n0' is already defined
___lib_CORE_libperl540_a_c.s:6576: Error: symbol `n0' is already defined
___lib_CORE_libperl540_a_c.s:6577: Error: symbol `n0' is already defined
___lib_CORE_libperl540_a_c.s:6578: Error: symbol `n0' is already defined
___lib_CORE_libperl540_a_c.s:6579: Error: symbol `n0' is already defined
___lib_CORE_libperl540_a_c.s:6580: Error: symbol `n0' is already defined
___lib_CORE_libperl540_a_c.s:6581: Error: symbol `n0' is already defined
___lib_CORE_libperl540_a_c.s:6582: Error: symbol `n0' is already defined
___lib_CORE_libperl540_a_c.s:6583: Error: symbol `n0' is already defined
___lib_CORE_libperl540_a_c.s:6584: Error: symbol `n0' is already defined
___lib_CORE_libperl540_a_c.s:6585: Error: symbol `n0' is already defined
___lib_CORE_libperl540_a_c.s:6586: Error: symbol `n0' is already defined
___lib_CORE_libperl540_a_c.s:6587: Error: symbol `n0' is already defined
___lib_CORE_libperl540_a_c.s:6588: Error: symbol `n0' is already defined
___lib_CORE_libperl540_a_c.s:6589: Error: symbol `n0' is already defined
___lib_CORE_libperl540_a_c.s:6590: Error: symbol `n0' is already defined
___lib_CORE_libperl540_a_c.s:6591: Error: symbol `n0' is already defined
___lib_CORE_libperl540_a_c.s:6592: Error: symbol `n0' is already defined
___lib_CORE_libperl540_a_c.s:6593: Error: symbol `n0' is already defined
___lib_CORE_libperl540_a_c.s:6594: Error: symbol `n0' is already defined
___lib_CORE_libperl540_a_c.s:6595: Error: symbol `n0' is already defined
___lib_CORE_libperl540_a_c.s:6596: Error: symbol `n0' is already defined
___lib_CORE_libperl540_a_c.s:6597: Error: symbol `n0' is already defined
___lib_CORE_libperl540_a_c.s:6598: Error: symbol `n0' is already defined
___lib_CORE_libperl540_a_c.s:6599: Error: symbol `n0' is already defined
___lib_CORE_libperl540_a_c.s:6600: Error: symbol `n0' is already defined
___lib_CORE_libperl540_a_c.s:6601: Error: symbol `n0' is already defined
___lib_CORE_libperl540_a_c.s:6602: Error: symbol `n0' is already defined
___lib_CORE_libperl540_a_c.s:6603: Error: symbol `n0' is already defined
___lib_CORE_libperl540_a_c.s:6604: Error: symbol `n0' is already defined
___lib_CORE_libperl540_a_c.s:6605: Error: symbol `n0' is already defined
___lib_CORE_libperl540_a_c.s:6606: Error: symbol `n0' is already defined
___lib_CORE_libperl540_a_c.s:6607: Error: symbol `n0' is already defined
___lib_CORE_libperl540_a_c.s:6608: Error: symbol `n0' is already defined
___lib_CORE_libperl540_a_c.s:6609: Error: symbol `n0' is already defined
___lib_CORE_libperl540_a_c.s:6610: Error: symbol `n0' is already defined
___lib_CORE_libperl540_a_c.s:6611: Error: symbol `n0' is already defined
___lib_CORE_libperl540_a_c.s:6612: Error: symbol `n0' is already defined
___lib_CORE_libperl540_a_c.s:6613: Error: symbol `n0' is already defined
___lib_CORE_libperl540_a_c.s:6614: Error: symbol `n0' is already defined
___lib_CORE_libperl540_a_c.s:6615: Error: symbol `n0' is already defined
___lib_CORE_libperl540_a_c.s:6616: Error: symbol `n0' is already defined
___lib_CORE_libperl540_a_c.s:6617: Error: symbol `n0' is already defined
___lib_CORE_libperl540_a_c.s:6618: Error: symbol `n0' is already defined
___lib_CORE_libperl540_a_c.s:6619: Error: symbol `n0' is already defined
___lib_CORE_libperl540_a_c.s:6620: Error: symbol `n0' is already defined
___lib_CORE_libperl540_a_c.s:6621: Error: symbol `n0' is already defined
___lib_CORE_libperl540_a_c.s:6622: Error: symbol `n0' is already defined
___lib_CORE_libperl540_a_c.s:6623: Error: symbol `n0' is already defined
___lib_CORE_libperl540_a_c.s:6624: Error: symbol `n0' is already defined
___lib_CORE_libperl540_a_c.s:6625: Error: symbol `n0' is already defined
___lib_CORE_libperl540_a_c.s:6626: Error: symbol `n0' is already defined
___lib_CORE_libperl540_a_c.s:6627: Error: symbol `n0' is already defined
___lib_CORE_libperl540_a_c.s:6628: Error: symbol `n0' is already defined
___lib_CORE_libperl540_a_c.s:6629: Error: symbol `n0' is already defined
___lib_CORE_libperl540_a_c.s:6630: Error: symbol `n0' is already defined
___lib_CORE_libperl540_a_c.s:6631: Error: symbol `n0' is already defined
___lib_CORE_libperl540_a_c.s:6632: Error: symbol `n0' is already defined
___lib_CORE_libperl540_a_c.s:6633: Error: symbol `n0' is already defined
___lib_CORE_libperl540_a_c.s:6634: Error: symbol `n0' is already defined
___lib_CORE_libperl540_a_c.s:6635: Error: symbol `n0' is already defined
___lib_CORE_libperl540_a_c.s:6636: Error: symbol `n0' is already defined
___lib_CORE_libperl540_a_c.s:6637: Error: symbol `n0' is already defined
___lib_CORE_libperl540_a_c.s:6638: Error: symbol `n0' is already defined
___lib_CORE_libperl540_a_c.s:6639: Error: symbol `n0' is already defined
___lib_CORE_libperl540_a_c.s:6640: Error: symbol `n0' is already defined
___lib_CORE_libperl540_a_c.s:6641: Error: symbol `n0' is already defined
___lib_CORE_libperl540_a_c.s:6642: Error: symbol `n0' is already defined
___lib_CORE_libperl540_a_c.s:6643: Error: symbol `n0' is already defined
___lib_CORE_libperl540_a_c.s:6644: Error: symbol `n0' is already defined
___lib_CORE_libperl540_a_c.s:6645: Error: symbol `n0' is already defined
___lib_CORE_libperl540_a_c.s:6646: Error: symbol `n0' is already defined
___lib_CORE_libperl540_a_c.s:6647: Error: symbol `n0' is already defined
___lib_CORE_libperl540_a_c.s:6648: Error: symbol `n0' is already defined
___lib_CORE_libperl540_a_c.s:6649: Error: symbol `n0' is already defined
___lib_CORE_libperl540_a_c.s:6650: Error: symbol `n0' is already defined
___lib_CORE_libperl540_a_c.s:6651: Error: symbol `n0' is already defined
___lib_CORE_libperl540_a_c.s:6652: Error: symbol `n0' is already defined
___lib_CORE_libperl540_a_c.s:6653: Error: symbol `n0' is already defined
___lib_CORE_libperl540_a_c.s:6654: Error: symbol `n0' is already defined
___lib_CORE_libperl540_a_c.s:6655: Error: symbol `n0' is already defined
___lib_CORE_libperl540_a_c.s:6656: Error: symbol `n0' is already defined
___lib_CORE_libperl540_a_c.s:6657: Error: symbol `n0' is already defined
___lib_CORE_libperl540_a_c.s:6658: Error: symbol `n0' is already defined
___lib_CORE_libperl540_a_c.s:6659: Error: symbol `n0' is already defined
___lib_CORE_libperl540_a_c.s:6660: Error: symbol `n0' is already defined
___lib_CORE_libperl540_a_c.s:6661: Error: symbol `n0' is already defined
___lib_CORE_libperl540_a_c.s:6662: Error: symbol `n0' is already defined
___lib_CORE_libperl540_a_c.s:6663: Error: symbol `n0' is already defined
___lib_CORE_libperl540_a_c.s:6664: Error: symbol `n0' is already defined
___lib_CORE_libperl540_a_c.s:6665: Error: symbol `n0' is already defined
___lib_CORE_libperl540_a_c.s:6666: Error: symbol `n0' is already defined
___lib_CORE_libperl540_a_c.s:6667: Error: symbol `n0' is already defined
___lib_CORE_libperl540_a_c.s:6668: Error: symbol `n0' is already defined
___lib_CORE_libperl540_a_c.s:6669: Error: symbol `n0' is already defined
___lib_CORE_libperl540_a_c.s:6670: Error: symbol `n0' is already defined
___lib_CORE_libperl540_a_c.s:6671: Error: symbol `n0' is already defined
___lib_CORE_libperl540_a_c.s:6672: Error: symbol `n0' is already defined
___lib_CORE_libperl540_a_c.s:6673: Error: symbol `n0' is already defined
___lib_CORE_libperl540_a_c.s:6674: Error: symbol `n0' is already defined
___lib_CORE_libperl540_a_c.s:6675: Error: symbol `n0' is already defined
___lib_CORE_libperl540_a_c.s:6676: Error: symbol `n0' is already defined
___lib_CORE_libperl540_a_c.s:6677: Error: symbol `n0' is already defined
___lib_CORE_libperl540_a_c.s:6678: Error: symbol `n0' is already defined
dlltool: as exited with status 1
xcopy /f /r /i /d /y *.h ..\lib\CORE\\*.*
D:\perl-xp\perl-5.40.3\win32\perlhost.h -> D:\perl-xp\perl-5.40.3\lib\CORE\perlhost.h
D:\perl-xp\perl-5.40.3\win32\vdir.h -> D:\perl-xp\perl-5.40.3\lib\CORE\vdir.h
D:\perl-xp\perl-5.40.3\win32\vmem.h -> D:\perl-xp\perl-5.40.3\lib\CORE\vmem.h
D:\perl-xp\perl-5.40.3\win32\win32.h -> D:\perl-xp\perl-5.40.3\lib\CORE\win32.h
D:\perl-xp\perl-5.40.3\win32\win32iop.h -> D:\perl-xp\perl-5.40.3\lib\CORE\win32iop.h
D:\perl-xp\perl-5.40.3\win32\win32thread.h -> D:\perl-xp\perl-5.40.3\lib\CORE\win32thread.h
复制了 6 个文件
xcopy /f /r /i /e /d /y include ..\lib\CORE\\*.*
D:\perl-xp\perl-5.40.3\win32\include\dirent.h -> D:\perl-xp\perl-5.40.3\lib\CORE\dirent.h
D:\perl-xp\perl-5.40.3\win32\include\netdb.h -> D:\perl-xp\perl-5.40.3\lib\CORE\netdb.h
D:\perl-xp\perl-5.40.3\win32\include\arpa\inet.h -> D:\perl-xp\perl-5.40.3\lib\CORE\arpa\inet.h
D:\perl-xp\perl-5.40.3\win32\include\sys\errno2.h -> D:\perl-xp\perl-5.40.3\lib\CORE\sys\errno2.h
D:\perl-xp\perl-5.40.3\win32\include\sys\socket.h -> D:\perl-xp\perl-5.40.3\lib\CORE\sys\socket.h
复制了 5 个文件
xcopy /f /r /i /d /y ..\\*.h ..\lib\CORE\\*.*
D:\perl-xp\perl-5.40.3\av.h -> D:\perl-xp\perl-5.40.3\lib\CORE\av.h
D:\perl-xp\perl-5.40.3\bitcount.h -> D:\perl-xp\perl-5.40.3\lib\CORE\bitcount.h
D:\perl-xp\perl-5.40.3\charclass_invlists.h -> D:\perl-xp\perl-5.40.3\lib\CORE\charclass_invlists.h
D:\perl-xp\perl-5.40.3\cop.h -> D:\perl-xp\perl-5.40.3\lib\CORE\cop.h
D:\perl-xp\perl-5.40.3\cv.h -> D:\perl-xp\perl-5.40.3\lib\CORE\cv.h
D:\perl-xp\perl-5.40.3\dosish.h -> D:\perl-xp\perl-5.40.3\lib\CORE\dosish.h
D:\perl-xp\perl-5.40.3\ebcdic_tables.h -> D:\perl-xp\perl-5.40.3\lib\CORE\ebcdic_tables.h
D:\perl-xp\perl-5.40.3\embed.h -> D:\perl-xp\perl-5.40.3\lib\CORE\embed.h
D:\perl-xp\perl-5.40.3\embedvar.h -> D:\perl-xp\perl-5.40.3\lib\CORE\embedvar.h
D:\perl-xp\perl-5.40.3\EXTERN.h -> D:\perl-xp\perl-5.40.3\lib\CORE\EXTERN.h
D:\perl-xp\perl-5.40.3\fakesdio.h -> D:\perl-xp\perl-5.40.3\lib\CORE\fakesdio.h
D:\perl-xp\perl-5.40.3\feature.h -> D:\perl-xp\perl-5.40.3\lib\CORE\feature.h
D:\perl-xp\perl-5.40.3\form.h -> D:\perl-xp\perl-5.40.3\lib\CORE\form.h
D:\perl-xp\perl-5.40.3\git_version.h -> D:\perl-xp\perl-5.40.3\lib\CORE\git_version.h
D:\perl-xp\perl-5.40.3\gv.h -> D:\perl-xp\perl-5.40.3\lib\CORE\gv.h
D:\perl-xp\perl-5.40.3\handy.h -> D:\perl-xp\perl-5.40.3\lib\CORE\handy.h
D:\perl-xp\perl-5.40.3\hv.h -> D:\perl-xp\perl-5.40.3\lib\CORE\hv.h
D:\perl-xp\perl-5.40.3\hv_func.h -> D:\perl-xp\perl-5.40.3\lib\CORE\hv_func.h
D:\perl-xp\perl-5.40.3\hv_macro.h -> D:\perl-xp\perl-5.40.3\lib\CORE\hv_macro.h
D:\perl-xp\perl-5.40.3\inline.h -> D:\perl-xp\perl-5.40.3\lib\CORE\inline.h
D:\perl-xp\perl-5.40.3\INTERN.h -> D:\perl-xp\perl-5.40.3\lib\CORE\INTERN.h
D:\perl-xp\perl-5.40.3\intrpvar.h -> D:\perl-xp\perl-5.40.3\lib\CORE\intrpvar.h
D:\perl-xp\perl-5.40.3\invlist_inline.h -> D:\perl-xp\perl-5.40.3\lib\CORE\invlist_inline.h
D:\perl-xp\perl-5.40.3\iperlsys.h -> D:\perl-xp\perl-5.40.3\lib\CORE\iperlsys.h
D:\perl-xp\perl-5.40.3\keywords.h -> D:\perl-xp\perl-5.40.3\lib\CORE\keywords.h
D:\perl-xp\perl-5.40.3\l1_char_class_tab.h -> D:\perl-xp\perl-5.40.3\lib\CORE\l1_char_class_tab.h
D:\perl-xp\perl-5.40.3\locale_table.h -> D:\perl-xp\perl-5.40.3\lib\CORE\locale_table.h
D:\perl-xp\perl-5.40.3\malloc_ctl.h -> D:\perl-xp\perl-5.40.3\lib\CORE\malloc_ctl.h
D:\perl-xp\perl-5.40.3\metaconfig.h -> D:\perl-xp\perl-5.40.3\lib\CORE\metaconfig.h
D:\perl-xp\perl-5.40.3\mg.h -> D:\perl-xp\perl-5.40.3\lib\CORE\mg.h
D:\perl-xp\perl-5.40.3\mg_data.h -> D:\perl-xp\perl-5.40.3\lib\CORE\mg_data.h
D:\perl-xp\perl-5.40.3\mg_raw.h -> D:\perl-xp\perl-5.40.3\lib\CORE\mg_raw.h
D:\perl-xp\perl-5.40.3\mg_vtable.h -> D:\perl-xp\perl-5.40.3\lib\CORE\mg_vtable.h
D:\perl-xp\perl-5.40.3\mydtrace.h -> D:\perl-xp\perl-5.40.3\lib\CORE\mydtrace.h
D:\perl-xp\perl-5.40.3\nostdio.h -> D:\perl-xp\perl-5.40.3\lib\CORE\nostdio.h
D:\perl-xp\perl-5.40.3\op.h -> D:\perl-xp\perl-5.40.3\lib\CORE\op.h
D:\perl-xp\perl-5.40.3\opcode.h -> D:\perl-xp\perl-5.40.3\lib\CORE\opcode.h
D:\perl-xp\perl-5.40.3\opnames.h -> D:\perl-xp\perl-5.40.3\lib\CORE\opnames.h
D:\perl-xp\perl-5.40.3\op_reg_common.h -> D:\perl-xp\perl-5.40.3\lib\CORE\op_reg_common.h
D:\perl-xp\perl-5.40.3\overload.h -> D:\perl-xp\perl-5.40.3\lib\CORE\overload.h
D:\perl-xp\perl-5.40.3\pad.h -> D:\perl-xp\perl-5.40.3\lib\CORE\pad.h
D:\perl-xp\perl-5.40.3\parser.h -> D:\perl-xp\perl-5.40.3\lib\CORE\parser.h
D:\perl-xp\perl-5.40.3\patchlevel.h -> D:\perl-xp\perl-5.40.3\lib\CORE\patchlevel.h
D:\perl-xp\perl-5.40.3\perl.h -> D:\perl-xp\perl-5.40.3\lib\CORE\perl.h
D:\perl-xp\perl-5.40.3\perlapi.h -> D:\perl-xp\perl-5.40.3\lib\CORE\perlapi.h
D:\perl-xp\perl-5.40.3\perlio.h -> D:\perl-xp\perl-5.40.3\lib\CORE\perlio.h
D:\perl-xp\perl-5.40.3\perliol.h -> D:\perl-xp\perl-5.40.3\lib\CORE\perliol.h
D:\perl-xp\perl-5.40.3\perlsdio.h -> D:\perl-xp\perl-5.40.3\lib\CORE\perlsdio.h
D:\perl-xp\perl-5.40.3\perlstatic.h -> D:\perl-xp\perl-5.40.3\lib\CORE\perlstatic.h
D:\perl-xp\perl-5.40.3\perlvars.h -> D:\perl-xp\perl-5.40.3\lib\CORE\perlvars.h
D:\perl-xp\perl-5.40.3\perly.h -> D:\perl-xp\perl-5.40.3\lib\CORE\perly.h
D:\perl-xp\perl-5.40.3\perl_inc_macro.h -> D:\perl-xp\perl-5.40.3\lib\CORE\perl_inc_macro.h
D:\perl-xp\perl-5.40.3\perl_langinfo.h -> D:\perl-xp\perl-5.40.3\lib\CORE\perl_langinfo.h
D:\perl-xp\perl-5.40.3\perl_siphash.h -> D:\perl-xp\perl-5.40.3\lib\CORE\perl_siphash.h
D:\perl-xp\perl-5.40.3\pp.h -> D:\perl-xp\perl-5.40.3\lib\CORE\pp.h
D:\perl-xp\perl-5.40.3\pp_proto.h -> D:\perl-xp\perl-5.40.3\lib\CORE\pp_proto.h
D:\perl-xp\perl-5.40.3\proto.h -> D:\perl-xp\perl-5.40.3\lib\CORE\proto.h
D:\perl-xp\perl-5.40.3\reentr.h -> D:\perl-xp\perl-5.40.3\lib\CORE\reentr.h
D:\perl-xp\perl-5.40.3\regcharclass.h -> D:\perl-xp\perl-5.40.3\lib\CORE\regcharclass.h
D:\perl-xp\perl-5.40.3\regcomp.h -> D:\perl-xp\perl-5.40.3\lib\CORE\regcomp.h
D:\perl-xp\perl-5.40.3\regcomp_internal.h -> D:\perl-xp\perl-5.40.3\lib\CORE\regcomp_internal.h
D:\perl-xp\perl-5.40.3\regexp.h -> D:\perl-xp\perl-5.40.3\lib\CORE\regexp.h
D:\perl-xp\perl-5.40.3\reginline.h -> D:\perl-xp\perl-5.40.3\lib\CORE\reginline.h
D:\perl-xp\perl-5.40.3\regnodes.h -> D:\perl-xp\perl-5.40.3\lib\CORE\regnodes.h
D:\perl-xp\perl-5.40.3\sbox32_hash.h -> D:\perl-xp\perl-5.40.3\lib\CORE\sbox32_hash.h
D:\perl-xp\perl-5.40.3\scope.h -> D:\perl-xp\perl-5.40.3\lib\CORE\scope.h
D:\perl-xp\perl-5.40.3\scope_types.h -> D:\perl-xp\perl-5.40.3\lib\CORE\scope_types.h
D:\perl-xp\perl-5.40.3\sv.h -> D:\perl-xp\perl-5.40.3\lib\CORE\sv.h
D:\perl-xp\perl-5.40.3\sv_inline.h -> D:\perl-xp\perl-5.40.3\lib\CORE\sv_inline.h
D:\perl-xp\perl-5.40.3\thread.h -> D:\perl-xp\perl-5.40.3\lib\CORE\thread.h
D:\perl-xp\perl-5.40.3\time64.h -> D:\perl-xp\perl-5.40.3\lib\CORE\time64.h
D:\perl-xp\perl-5.40.3\time64_config.h -> D:\perl-xp\perl-5.40.3\lib\CORE\time64_config.h
D:\perl-xp\perl-5.40.3\unicode_constants.h -> D:\perl-xp\perl-5.40.3\lib\CORE\unicode_constants.h
D:\perl-xp\perl-5.40.3\unixish.h -> D:\perl-xp\perl-5.40.3\lib\CORE\unixish.h
D:\perl-xp\perl-5.40.3\uni_keywords.h -> D:\perl-xp\perl-5.40.3\lib\CORE\uni_keywords.h
D:\perl-xp\perl-5.40.3\utf8.h -> D:\perl-xp\perl-5.40.3\lib\CORE\utf8.h
D:\perl-xp\perl-5.40.3\utfebcdic.h -> D:\perl-xp\perl-5.40.3\lib\CORE\utfebcdic.h
D:\perl-xp\perl-5.40.3\util.h -> D:\perl-xp\perl-5.40.3\lib\CORE\util.h
D:\perl-xp\perl-5.40.3\uudmap.h -> D:\perl-xp\perl-5.40.3\lib\CORE\uudmap.h
D:\perl-xp\perl-5.40.3\vutil.h -> D:\perl-xp\perl-5.40.3\lib\CORE\vutil.h
D:\perl-xp\perl-5.40.3\warnings.h -> D:\perl-xp\perl-5.40.3\lib\CORE\warnings.h
D:\perl-xp\perl-5.40.3\XSUB.h -> D:\perl-xp\perl-5.40.3\lib\CORE\XSUB.h
D:\perl-xp\perl-5.40.3\zaphod32_hash.h -> D:\perl-xp\perl-5.40.3\lib\CORE\zaphod32_hash.h
复制了 83 个文件
rem. > .coreheaders
..\miniperl.exe -I..\lib ..\make_ext.pl "MAKE=gmake" --dir=..\ext --dir=..\dist --dynaloader
Generating a gmake-style Makefile
Writing Makefile for DynaLoader
'gmake' 不是内部或外部命令，也不是可运行的程序
或批处理文件。
'gmake' 不是内部或外部命令，也不是可运行的程序
或批处理文件。
Unsuccessful make(ext/DynaLoader): code=256 at ..\make_ext.pl line 584.
make: *** [GNUmakefile:1586: ..\DynaLoader.o] Error 2
