=========================================
=== Step 0: Check config.h ===
=========================================
USE_ITHREADS: OK (undefined)
/* #define MULTIPLICITY */
*** WARNING: MULTIPLICITY still defined ***
PERL_IMPLICIT_SYS: OK (undefined)

=========================================
=== Step 1: Compile core .c files ===
=========================================
  Compiling av.c ...
In file included from perl.h:46,
                 from av.c:20:
D:/perl-xp/perl-5.40.3/lib/CORE/config.h:5409:9: warning: 'PERL_STATIC_SYMS' redefined
 5409 | #define PERL_STATIC_SYMS
      |         ^~~~~~~~~~~~~~~~
<command-line>: note: this is the location of the previous definition
  Compiling builtin.c ...
In file included from perl.h:46,
                 from builtin.c:16:
D:/perl-xp/perl-5.40.3/lib/CORE/config.h:5409:9: warning: 'PERL_STATIC_SYMS' redefined
 5409 | #define PERL_STATIC_SYMS
      |         ^~~~~~~~~~~~~~~~
<command-line>: note: this is the location of the previous definition
  Compiling caretx.c ...
In file included from perl.h:46,
                 from caretx.c:32:
D:/perl-xp/perl-5.40.3/lib/CORE/config.h:5409:9: warning: 'PERL_STATIC_SYMS' redefined
 5409 | #define PERL_STATIC_SYMS
      |         ^~~~~~~~~~~~~~~~
<command-line>: note: this is the location of the previous definition
  Compiling class.c ...
In file included from perl.h:46,
                 from class.c:16:
D:/perl-xp/perl-5.40.3/lib/CORE/config.h:5409:9: warning: 'PERL_STATIC_SYMS' redefined
 5409 | #define PERL_STATIC_SYMS
      |         ^~~~~~~~~~~~~~~~
<command-line>: note: this is the location of the previous definition
  Compiling deb.c ...
In file included from perl.h:46,
                 from deb.c:25:
D:/perl-xp/perl-5.40.3/lib/CORE/config.h:5409:9: warning: 'PERL_STATIC_SYMS' redefined
 5409 | #define PERL_STATIC_SYMS
      |         ^~~~~~~~~~~~~~~~
<command-line>: note: this is the location of the previous definition
  Compiling doio.c ...
In file included from perl.h:46,
                 from doio.c:27:
D:/perl-xp/perl-5.40.3/lib/CORE/config.h:5409:9: warning: 'PERL_STATIC_SYMS' redefined
 5409 | #define PERL_STATIC_SYMS
      |         ^~~~~~~~~~~~~~~~
<command-line>: note: this is the location of the previous definition
  Compiling doop.c ...
In file included from perl.h:46,
                 from doop.c:24:
D:/perl-xp/perl-5.40.3/lib/CORE/config.h:5409:9: warning: 'PERL_STATIC_SYMS' redefined
 5409 | #define PERL_STATIC_SYMS
      |         ^~~~~~~~~~~~~~~~
<command-line>: note: this is the location of the previous definition
  Compiling dquote.c ...
In file included from perl.h:46,
                 from dquote.c:10:
D:/perl-xp/perl-5.40.3/lib/CORE/config.h:5409:9: warning: 'PERL_STATIC_SYMS' redefined
 5409 | #define PERL_STATIC_SYMS
      |         ^~~~~~~~~~~~~~~~
<command-line>: note: this is the location of the previous definition
  Compiling dump.c ...
In file included from perl.h:46,
                 from dump.c:29:
D:/perl-xp/perl-5.40.3/lib/CORE/config.h:5409:9: warning: 'PERL_STATIC_SYMS' redefined
 5409 | #define PERL_STATIC_SYMS
      |         ^~~~~~~~~~~~~~~~
<command-line>: note: this is the location of the previous definition
  Compiling gv.c ...
In file included from perl.h:46,
                 from gv.c:41:
D:/perl-xp/perl-5.40.3/lib/CORE/config.h:5409:9: warning: 'PERL_STATIC_SYMS' redefined
 5409 | #define PERL_STATIC_SYMS
      |         ^~~~~~~~~~~~~~~~
<command-line>: note: this is the location of the previous definition
  Compiling hv.c ...
In file included from perl.h:46,
                 from hv.c:35:
D:/perl-xp/perl-5.40.3/lib/CORE/config.h:5409:9: warning: 'PERL_STATIC_SYMS' redefined
 5409 | #define PERL_STATIC_SYMS
      |         ^~~~~~~~~~~~~~~~
<command-line>: note: this is the location of the previous definition
  Compiling keywords.c ...
In file included from perl.h:46,
                 from keywords.c:9:
D:/perl-xp/perl-5.40.3/lib/CORE/config.h:5409:9: warning: 'PERL_STATIC_SYMS' redefined
 5409 | #define PERL_STATIC_SYMS
      |         ^~~~~~~~~~~~~~~~
<command-line>: note: this is the location of the previous definition
  Compiling locale.c ...
In file included from locale.c:320:
D:/perl-xp/perl-5.40.3/lib/CORE/config.h:5409:9: warning: 'PERL_STATIC_SYMS' redefined
 5409 | #define PERL_STATIC_SYMS
      |         ^~~~~~~~~~~~~~~~
<command-line>: note: this is the location of the previous definition
  Compiling mathoms.c ...
In file included from perl.h:46,
                 from mathoms.c:69:
D:/perl-xp/perl-5.40.3/lib/CORE/config.h:5409:9: warning: 'PERL_STATIC_SYMS' redefined
 5409 | #define PERL_STATIC_SYMS
      |         ^~~~~~~~~~~~~~~~
<command-line>: note: this is the location of the previous definition
  Compiling mg.c ...
In file included from perl.h:46,
                 from mg.c:45:
D:/perl-xp/perl-5.40.3/lib/CORE/config.h:5409:9: warning: 'PERL_STATIC_SYMS' redefined
 5409 | #define PERL_STATIC_SYMS
      |         ^~~~~~~~~~~~~~~~
<command-line>: note: this is the location of the previous definition
  Compiling mro_core.c ...
In file included from perl.h:46,
                 from mro_core.c:32:
D:/perl-xp/perl-5.40.3/lib/CORE/config.h:5409:9: warning: 'PERL_STATIC_SYMS' redefined
 5409 | #define PERL_STATIC_SYMS
      |         ^~~~~~~~~~~~~~~~
<command-line>: note: this is the location of the previous definition
  Compiling numeric.c ...
In file included from perl.h:46,
                 from numeric.c:27:
D:/perl-xp/perl-5.40.3/lib/CORE/config.h:5409:9: warning: 'PERL_STATIC_SYMS' redefined
 5409 | #define PERL_STATIC_SYMS
      |         ^~~~~~~~~~~~~~~~
<command-line>: note: this is the location of the previous definition
  Compiling op.c ...
In file included from perl.h:46,
                 from op.c:163:
D:/perl-xp/perl-5.40.3/lib/CORE/config.h:5409:9: warning: 'PERL_STATIC_SYMS' redefined
 5409 | #define PERL_STATIC_SYMS
      |         ^~~~~~~~~~~~~~~~
<command-line>: note: this is the location of the previous definition
  Compiling pad.c ...
In file included from perl.h:46,
                 from pad.c:150:
D:/perl-xp/perl-5.40.3/lib/CORE/config.h:5409:9: warning: 'PERL_STATIC_SYMS' redefined
 5409 | #define PERL_STATIC_SYMS
      |         ^~~~~~~~~~~~~~~~
<command-line>: note: this is the location of the previous definition
  Compiling perl.c ...
In file included from perl.h:46,
                 from perl.c:39:
D:/perl-xp/perl-5.40.3/lib/CORE/config.h:5409:9: warning: 'PERL_STATIC_SYMS' redefined
 5409 | #define PERL_STATIC_SYMS
      |         ^~~~~~~~~~~~~~~~
<command-line>: note: this is the location of the previous definition
  Compiling perly.c ...
In file included from perl.h:46,
                 from perly.c:26:
D:/perl-xp/perl-5.40.3/lib/CORE/config.h:5409:9: warning: 'PERL_STATIC_SYMS' redefined
 5409 | #define PERL_STATIC_SYMS
      |         ^~~~~~~~~~~~~~~~
<command-line>: note: this is the location of the previous definition
  Compiling pp.c ...
In file included from perl.h:46,
                 from pp.c:28:
D:/perl-xp/perl-5.40.3/lib/CORE/config.h:5409:9: warning: 'PERL_STATIC_SYMS' redefined
 5409 | #define PERL_STATIC_SYMS
      |         ^~~~~~~~~~~~~~~~
<command-line>: note: this is the location of the previous definition
  Compiling pp_ctl.c ...
In file included from perl.h:46,
                 from pp_ctl.c:35:
D:/perl-xp/perl-5.40.3/lib/CORE/config.h:5409:9: warning: 'PERL_STATIC_SYMS' redefined
 5409 | #define PERL_STATIC_SYMS
      |         ^~~~~~~~~~~~~~~~
<command-line>: note: this is the location of the previous definition
  Compiling pp_hot.c ...
In file included from perl.h:46,
                 from pp_hot.c:36:
D:/perl-xp/perl-5.40.3/lib/CORE/config.h:5409:9: warning: 'PERL_STATIC_SYMS' redefined
 5409 | #define PERL_STATIC_SYMS
      |         ^~~~~~~~~~~~~~~~
<command-line>: note: this is the location of the previous definition
  Compiling pp_pack.c ...
In file included from perl.h:46,
                 from pp_pack.c:33:
D:/perl-xp/perl-5.40.3/lib/CORE/config.h:5409:9: warning: 'PERL_STATIC_SYMS' redefined
 5409 | #define PERL_STATIC_SYMS
      |         ^~~~~~~~~~~~~~~~
<command-line>: note: this is the location of the previous definition
  Compiling pp_sort.c ...
In file included from perl.h:46,
                 from pp_sort.c:31:
D:/perl-xp/perl-5.40.3/lib/CORE/config.h:5409:9: warning: 'PERL_STATIC_SYMS' redefined
 5409 | #define PERL_STATIC_SYMS
      |         ^~~~~~~~~~~~~~~~
<command-line>: note: this is the location of the previous definition
  Compiling pp_sys.c ...
In file included from perl.h:46,
                 from pp_sys.c:31:
D:/perl-xp/perl-5.40.3/lib/CORE/config.h:5409:9: warning: 'PERL_STATIC_SYMS' redefined
 5409 | #define PERL_STATIC_SYMS
      |         ^~~~~~~~~~~~~~~~
<command-line>: note: this is the location of the previous definition
  Compiling reentr.c ...
In file included from perl.h:46,
                 from reentr.c:35:
D:/perl-xp/perl-5.40.3/lib/CORE/config.h:5409:9: warning: 'PERL_STATIC_SYMS' redefined
 5409 | #define PERL_STATIC_SYMS
      |         ^~~~~~~~~~~~~~~~
<command-line>: note: this is the location of the previous definition
  Compiling regcomp.c ...
In file included from perl.h:46,
                 from regcomp.c:134:
D:/perl-xp/perl-5.40.3/lib/CORE/config.h:5409:9: warning: 'PERL_STATIC_SYMS' redefined
 5409 | #define PERL_STATIC_SYMS
      |         ^~~~~~~~~~~~~~~~
<command-line>: note: this is the location of the previous definition
  Compiling regcomp_trie.c ...
In file included from perl.h:46,
                 from regcomp_trie.c:9:
D:/perl-xp/perl-5.40.3/lib/CORE/config.h:5409:9: warning: 'PERL_STATIC_SYMS' redefined
 5409 | #define PERL_STATIC_SYMS
      |         ^~~~~~~~~~~~~~~~
<command-line>: note: this is the location of the previous definition
  Compiling regexec.c ...
In file included from perl.h:46,
                 from regexec.c:76:
D:/perl-xp/perl-5.40.3/lib/CORE/config.h:5409:9: warning: 'PERL_STATIC_SYMS' redefined
 5409 | #define PERL_STATIC_SYMS
      |         ^~~~~~~~~~~~~~~~
<command-line>: note: this is the location of the previous definition
  Compiling run.c ...
In file included from perl.h:46,
                 from run.c:26:
D:/perl-xp/perl-5.40.3/lib/CORE/config.h:5409:9: warning: 'PERL_STATIC_SYMS' redefined
 5409 | #define PERL_STATIC_SYMS
      |         ^~~~~~~~~~~~~~~~
<command-line>: note: this is the location of the previous definition
  Compiling scope.c ...
In file included from perl.h:46,
                 from scope.c:27:
D:/perl-xp/perl-5.40.3/lib/CORE/config.h:5409:9: warning: 'PERL_STATIC_SYMS' redefined
 5409 | #define PERL_STATIC_SYMS
      |         ^~~~~~~~~~~~~~~~
<command-line>: note: this is the location of the previous definition
  Compiling sv.c ...
In file included from perl.h:46,
                 from sv.c:32:
D:/perl-xp/perl-5.40.3/lib/CORE/config.h:5409:9: warning: 'PERL_STATIC_SYMS' redefined
 5409 | #define PERL_STATIC_SYMS
      |         ^~~~~~~~~~~~~~~~
<command-line>: note: this is the location of the previous definition
  Compiling taint.c ...
In file included from perl.h:46,
                 from taint.c:24:
D:/perl-xp/perl-5.40.3/lib/CORE/config.h:5409:9: warning: 'PERL_STATIC_SYMS' redefined
 5409 | #define PERL_STATIC_SYMS
      |         ^~~~~~~~~~~~~~~~
<command-line>: note: this is the location of the previous definition
  Compiling toke.c ...
In file included from perl.h:46,
                 from toke.c:40:
D:/perl-xp/perl-5.40.3/lib/CORE/config.h:5409:9: warning: 'PERL_STATIC_SYMS' redefined
 5409 | #define PERL_STATIC_SYMS
      |         ^~~~~~~~~~~~~~~~
<command-line>: note: this is the location of the previous definition
  Compiling universal.c ...
In file included from perl.h:46,
                 from universal.c:31:
D:/perl-xp/perl-5.40.3/lib/CORE/config.h:5409:9: warning: 'PERL_STATIC_SYMS' redefined
 5409 | #define PERL_STATIC_SYMS
      |         ^~~~~~~~~~~~~~~~
<command-line>: note: this is the location of the previous definition
  Compiling utf8.c ...
In file included from perl.h:46,
                 from utf8.c:33:
D:/perl-xp/perl-5.40.3/lib/CORE/config.h:5409:9: warning: 'PERL_STATIC_SYMS' redefined
 5409 | #define PERL_STATIC_SYMS
      |         ^~~~~~~~~~~~~~~~
<command-line>: note: this is the location of the previous definition
  Compiling util.c ...
In file included from perl.h:46,
                 from util.c:26:
D:/perl-xp/perl-5.40.3/lib/CORE/config.h:5409:9: warning: 'PERL_STATIC_SYMS' redefined
 5409 | #define PERL_STATIC_SYMS
      |         ^~~~~~~~~~~~~~~~
<command-line>: note: this is the location of the previous definition
Core .o files done
47

=========================================
=== Step 2: Compile win32/*.c ===
=========================================
  Compiling win32/win32.c ...
In file included from D:/perl-xp/perl-5.40.3/lib/CORE/perl.h:46,
                 from win32.c:50:
D:/perl-xp/perl-5.40.3/lib/CORE/config.h:5409:9: warning: 'PERL_STATIC_SYMS' redefined
 5409 | #define PERL_STATIC_SYMS
      |         ^~~~~~~~~~~~~~~~
<command-line>: note: this is the location of the previous definition
win32.c:523:1: warning: 'Perl_my_popen' redeclared without dllimport attribute: previous dllimport ignored [-Wattributes]
  523 | Perl_my_popen(pTHX_ const char *cmd, const char *mode)
      | ^~~~~~~~~~~~~
win32.c:530:1: warning: 'Perl_my_pclose' redeclared without dllimport attribute: previous dllimport ignored [-Wattributes]
  530 | Perl_my_pclose(pTHX_ PerlIO *fp)
      | ^~~~~~~~~~~~~~
win32.c:673:1: warning: 'Perl_do_aspawn' redeclared without dllimport attribute: previous dllimport ignored [-Wattributes]
  673 | Perl_do_aspawn(pTHX_ SV *really, SV **mark, SV **sp)
      | ^~~~~~~~~~~~~~
win32.c:861:1: warning: 'Perl_do_spawn' redeclared without dllimport attribute: previous dllimport ignored [-Wattributes]
  861 | Perl_do_spawn(pTHX_ char *cmd)
      | ^~~~~~~~~~~~~
win32.c:869:1: warning: 'Perl_do_spawn_nowait' redeclared without dllimport attribute: previous dllimport ignored [-Wattributes]
  869 | Perl_do_spawn_nowait(pTHX_ char *cmd)
      | ^~~~~~~~~~~~~~~~~~~~
win32.c:877:1: warning: 'Perl_do_exec' redeclared without dllimport attribute: previous dllimport ignored [-Wattributes]
  877 | Perl_do_exec(pTHX_ const char *cmd)
      | ^~~~~~~~~~~~
win32.c:2241:1: warning: 'win32_croak_not_implemented' redeclared without dllimport attribute: previous dllimport ignored [-Wattributes]
 2241 | win32_croak_not_implemented(const char * fname)
      | ^~~~~~~~~~~~~~~~~~~~~~~~~~~
win32.c:5049:1: warning: 'Perl_init_os_extras' redeclared without dllimport attribute: previous dllimport ignored [-Wattributes]
 5049 | Perl_init_os_extras(void)
      | ^~~~~~~~~~~~~~~~~~~
win32.c:5077:1: warning: 'win32_signal_context' redeclared without dllimport attribute: previous dllimport ignored [-Wattributes]
 5077 | win32_signal_context(void)
      | ^~~~~~~~~~~~~~~~~~~~
win32.c:5433:1: warning: 'Perl_win32_init' redeclared without dllimport attribute: previous dllimport ignored [-Wattributes]
 5433 | Perl_win32_init(int *argcp, char ***argvp)
      | ^~~~~~~~~~~~~~~
win32.c:5503:1: warning: 'Perl_win32_term' redeclared without dllimport attribute: previous dllimport ignored [-Wattributes]
 5503 | Perl_win32_term(void)
      | ^~~~~~~~~~~~~~~
win32.c:5522:1: warning: 'win32_get_child_IO' redeclared without dllimport attribute after being referenced with dll linkage
 5522 | win32_get_child_IO(child_IO_table* ptbl)
      | ^~~~~~~~~~~~~~~~~~
win32.c:5530:1: warning: 'win32_signal' redeclared without dllimport attribute: previous dllimport ignored [-Wattributes]
 5530 | win32_signal(int sig, Sighandler_t subcode)
      | ^~~~~~~~~~~~
win32.c:5657:1: warning: 'win32_create_message_window' redeclared without dllimport attribute after being referenced with dll linkage
 5657 | win32_create_message_window(void)
      | ^~~~~~~~~~~~~~~~~~~~~~~~~~~
win32.c:5684:1: warning: 'Perl_sys_intern_init' redeclared without dllimport attribute: previous dllimport ignored [-Wattributes]
 5684 | Perl_sys_intern_init(pTHX)
      | ^~~~~~~~~~~~~~~~~~~~
win32.c:5728:1: warning: 'Perl_sys_intern_clear' redeclared without dllimport attribute: previous dllimport ignored [-Wattributes]
 5728 | Perl_sys_intern_clear(pTHX)
      | ^~~~~~~~~~~~~~~~~~~~~
  Compiling win32/perllib.c ...
In file included from D:/perl-xp/perl-5.40.3/lib/CORE/perl.h:46,
                 from perllib.c:4:
D:/perl-xp/perl-5.40.3/lib/CORE/config.h:5409:9: warning: 'PERL_STATIC_SYMS' redefined
 5409 | #define PERL_STATIC_SYMS
      |         ^~~~~~~~~~~~~~~~
<command-line>: note: this is the location of the previous definition
perllib.c:13:5: warning: 'RunPerl' redeclared without dllimport attribute: previous dllimport ignored [-Wattributes]
   13 | int RunPerl(int argc, char **argv, char **env);
      |     ^~~~~~~
In file included from D:/perl-xp/perl-5.40.3/lib/CORE/perl.h:6182:
perllib.c: In function 'main':
D:/perl-xp/perl-5.40.3/lib/CORE/win32iop.h:207:43: warning: 'win32_environ' redeclared without dllimport attribute: previous dllimport ignored [-Wattributes]
  207 | #define environ                         (*win32_environ())
      |                                           ^~~~~~~~~~~~~
perllib.c:52:19: note: in expansion of macro 'environ'
   52 |     extern char **environ;
      |                   ^~~~~~~
  SKIP win32/DynaLoader.c (not found)
  SKIP win32/Win32CORE.c (not found)
  Compiling win32/fcrypt.c ...
  Compiling win32/perlglob.c ...
  Compiling win32/runperl.c ...
In file included from D:/perl-xp/perl-5.40.3/lib/CORE/perl.h:46,
                 from D:/perl-xp/perl-5.40.3/win32/runperl.c:6:
D:/perl-xp/perl-5.40.3/lib/CORE/config.h:5409:9: warning: 'PERL_STATIC_SYMS' redefined
 5409 | #define PERL_STATIC_SYMS
      |         ^~~~~~~~~~~~~~~~
<command-line>: note: this is the location of the previous definition
  Compiling win32/staticlinkmodules.c ...
  Compiling win32/win32sck.c ...
In file included from D:/perl-xp/perl-5.40.3/lib/CORE/perl.h:46,
                 from D:/perl-xp/perl-5.40.3/win32/win32sck.c:23:
D:/perl-xp/perl-5.40.3/lib/CORE/config.h:5409:9: warning: 'PERL_STATIC_SYMS' redefined
 5409 | #define PERL_STATIC_SYMS
      |         ^~~~~~~~~~~~~~~~
<command-line>: note: this is the location of the previous definition
D:/perl-xp/perl-5.40.3/win32/win32sck.c:709:1: warning: 'win32_ioctl' redeclared without dllimport attribute: previous dllimport ignored [-Wattributes]
  709 | win32_ioctl(int i, unsigned int u, char *data)
      | ^~~~~~~~~~~
  Compiling win32/win32thread.c ...
In file included from D:/perl-xp/perl-5.40.3/lib/CORE/perl.h:46,
                 from D:/perl-xp/perl-5.40.3/win32/win32thread.c:2:
D:/perl-xp/perl-5.40.3/lib/CORE/config.h:5409:9: warning: 'PERL_STATIC_SYMS' redefined
 5409 | #define PERL_STATIC_SYMS
      |         ^~~~~~~~~~~~~~~~
<command-line>: note: this is the location of the previous definition
D:/perl-xp/perl-5.40.3/win32/win32thread.c:9:1: warning: 'Perl_set_context' redeclared without dllimport attribute: previous dllimport ignored [-Wattributes]
    9 | Perl_set_context(void *t)
      | ^~~~~~~~~~~~~~~~
D:/perl-xp/perl-5.40.3/win32/win32thread.c:24:1: warning: 'Perl_get_context' redeclared without dllimport attribute: previous dllimport ignored [-Wattributes]
   24 | Perl_get_context(void)
      | ^~~~~~~~~~~~~~~~
  Compiling win32/xs_init.c ...
In file included from D:/perl-xp/perl-5.40.3/lib/CORE/perl.h:46,
                 from D:/perl-xp/perl-5.40.3/win32/xs_init.c:2:
D:/perl-xp/perl-5.40.3/lib/CORE/config.h:5409:9: warning: 'PERL_STATIC_SYMS' redefined
 5409 | #define PERL_STATIC_SYMS
      |         ^~~~~~~~~~~~~~~~
<command-line>: note: this is the location of the previous definition
win32 .o files done

=========================================
=== Step 3: Regenerate & compile XS extensions ===
=========================================
--- Building ext/Fcntl ---
In file included from D:/perl-xp/perl-5.40.3/lib/CORE/perl.h:46,
                 from Fcntl.xs:3:
D:/perl-xp/perl-5.40.3/lib/CORE/config.h:5409:9: warning: 'PERL_STATIC_SYMS' redefined
 5409 | #define PERL_STATIC_SYMS
      |         ^~~~~~~~~~~~~~~~
<command-line>: note: this is the location of the previous definition
  Fcntl.o done
--- Building dist/PathTools ---
In file included from D:/perl-xp/perl-5.40.3/lib/CORE/perl.h:46,
                 from Cwd.xs:9:
D:/perl-xp/perl-5.40.3/lib/CORE/config.h:5409:9: warning: 'PERL_STATIC_SYMS' redefined
 5409 | #define PERL_STATIC_SYMS
      |         ^~~~~~~~~~~~~~~~
<command-line>: note: this is the location of the previous definition
  Cwd.o done
--- Building ext/POSIX ---
In file included from D:/perl-xp/perl-5.40.3/lib/CORE/perl.h:46,
                 from POSIX.xs:23:
D:/perl-xp/perl-5.40.3/lib/CORE/config.h:5409:9: warning: 'PERL_STATIC_SYMS' redefined
 5409 | #define PERL_STATIC_SYMS
      |         ^~~~~~~~~~~~~~~~
<command-line>: note: this is the location of the previous definition
  POSIX.o done
--- Building dist/IO ---
In file included from D:/perl-xp/perl-5.40.3/lib/CORE/perl.h:46,
                 from IO.xs:12:
D:/perl-xp/perl-5.40.3/lib/CORE/config.h:5409:9: warning: 'PERL_STATIC_SYMS' redefined
 5409 | #define PERL_STATIC_SYMS
      |         ^~~~~~~~~~~~~~~~
<command-line>: note: this is the location of the previous definition
  IO.o done
--- Building cpan/Socket ---
  const files: 2 files present
Please specify prototyping behavior for Socket.xs (see perlxs manual)
In file included from D:/perl-xp/perl-5.40.3/lib/CORE/perl.h:46,
                 from Socket.xs:3:
D:/perl-xp/perl-5.40.3/lib/CORE/config.h:5409:9: warning: 'PERL_STATIC_SYMS' redefined
 5409 | #define PERL_STATIC_SYMS
      |         ^~~~~~~~~~~~~~~~
<command-line>: note: this is the location of the previous definition
  Socket.o done
In file included from D:/perl-xp/perl-5.40.3/lib/CORE/perl.h:46,
                 from poll.c:14:
D:/perl-xp/perl-5.40.3/lib/CORE/config.h:5409:9: warning: 'PERL_STATIC_SYMS' redefined
 5409 | #define PERL_STATIC_SYMS
      |         ^~~~~~~~~~~~~~~~
<command-line>: note: this is the location of the previous definition
poll.o done

=========================================
=== Step 4: Copy .o files to win32/ ===
=========================================
Copied.

=========================================
=== Step 5: xs_init.c + staticlinkmodules.c ===
=========================================
In file included from D:/perl-xp/perl-5.40.3/lib/CORE/perl.h:46,
                 from D:/perl-xp/perl-5.40.3/win32/xs_init.c:2:
D:/perl-xp/perl-5.40.3/lib/CORE/config.h:5409:9: warning: 'PERL_STATIC_SYMS' redefined
 5409 | #define PERL_STATIC_SYMS
      |         ^~~~~~~~~~~~~~~~
<command-line>: note: this is the location of the previous definition
xs_init.o and staticlinkmodules.o done

=========================================
=== Step 6: Link perl.exe ===
=========================================
C:\toolchains\w64devkit\bin/ld.exe: perllib.o:perllib.c:(.text+0xd3): multiple definition of `main'; perlglob.o:perlglob.c:(.text+0x0): first defined here
C:\toolchains\w64devkit\bin/ld.exe: runperl.o:runperl.c:(.text+0x1c): multiple definition of `main'; perlglob.o:perlglob.c:(.text+0x0): first defined here
C:\toolchains\w64devkit\bin/ld.exe: runperl.o:runperl.c:(.bss+0x0): multiple definition of `_dowildcard'; perlglob.o:perlglob.c:(.data+0x0): first defined here
C:\toolchains\w64devkit\bin/ld.exe: win32.o:win32.c:(.bss+0x0): multiple definition of `_dowildcard'; perlglob.o:perlglob.c:(.data+0x0): first defined here
C:\toolchains\w64devkit\bin/ld.exe: Cwd.o:Cwd.c:(.text+0x16): undefined reference to `_imp__Perl_croak'
C:\toolchains\w64devkit\bin/ld.exe: Cwd.o:Cwd.c:(.text+0x20): undefined reference to `PL_markstack_ptr'
C:\toolchains\w64devkit\bin/ld.exe: Cwd.o:Cwd.c:(.text+0x29): undefined reference to `PL_markstack_ptr'
C:\toolchains\w64devkit\bin/ld.exe: Cwd.o:Cwd.c:(.text+0x137): undefined reference to `_imp__Perl_mg_get'
C:\toolchains\w64devkit\bin/ld.exe: Cwd.o:Cwd.c:(.text+0x2a1): undefined reference to `_imp__win32_errno'
C:\toolchains\w64devkit\bin/ld.exe: Cwd.o:Cwd.c:(.text+0x3b0): undefined reference to `_imp__win32_errno'
C:\toolchains\w64devkit\bin/ld.exe: Cwd.o:Cwd.c:(.text+0x42f): undefined reference to `_imp__win32_errno'
C:\toolchains\w64devkit\bin/ld.exe: Cwd.o:Cwd.c:(.text+0x515): undefined reference to `_imp__win32_errno'
C:\toolchains\w64devkit\bin/ld.exe: Cwd.o:Cwd.c:(.text+0x62f): undefined reference to `_imp__win32_errno'
C:\toolchains\w64devkit\bin/ld.exe: Cwd.o:Cwd.c:(.text+0x654): undefined reference to `_imp__win32_lstat'
C:\toolchains\w64devkit\bin/ld.exe: Cwd.o:Cwd.c:(.text+0x65f): undefined reference to `_imp__win32_errno'
C:\toolchains\w64devkit\bin/ld.exe: Cwd.o:Cwd.c:(.text+0x677): undefined reference to `_imp__win32_errno'
C:\toolchains\w64devkit\bin/ld.exe: Cwd.o:Cwd.c:(.text+0x6c7): undefined reference to `_imp__win32_errno'
C:\toolchains\w64devkit\bin/ld.exe: Cwd.o:Cwd.c:(.text+0x6f4): undefined reference to `_imp__win32_readlink'
C:\toolchains\w64devkit\bin/ld.exe: Cwd.o:Cwd.c:(.text+0x7cb): undefined reference to `_imp__win32_errno'
C:\toolchains\w64devkit\bin/ld.exe: Cwd.o:Cwd.c:(.text+0x834): undefined reference to `_imp__win32_errno'
C:\toolchains\w64devkit\bin/ld.exe: Cwd.o:Cwd.c:(.text+0x92b): undefined reference to `_imp__Perl_mg_get'
C:\toolchains\w64devkit\bin/ld.exe: Cwd.o:Cwd.c:(.text+0x943): undefined reference to `PL_sv_immortals'
C:\toolchains\w64devkit\bin/ld.exe: Cwd.o:Cwd.c:(.text+0x95d): undefined reference to `_imp__Perl_sv_2pv_flags'
C:\toolchains\w64devkit\bin/ld.exe: Cwd.o:Cwd.c:(.text+0x9a1): undefined reference to `_imp__Perl_newSVpvn'
C:\toolchains\w64devkit\bin/ld.exe: Cwd.o:Cwd.c:(.text+0x9be): undefined reference to `_imp__Perl_newSV'
C:\toolchains\w64devkit\bin/ld.exe: Cwd.o:Cwd.c:(.text+0xbbb): undefined reference to `PL_tainted'
C:\toolchains\w64devkit\bin/ld.exe: Cwd.o:Cwd.c:(.text+0xbc6): undefined reference to `PL_tainting'
C:\toolchains\w64devkit\bin/ld.exe: Cwd.o:Cwd.c:(.text+0xbf5): undefined reference to `_imp__Perl_sv_magic'
C:\toolchains\w64devkit\bin/ld.exe: Cwd.o:Cwd.c:(.text+0xc09): undefined reference to `PL_stack_sp'
C:\toolchains\w64devkit\bin/ld.exe: Cwd.o:Cwd.c:(.text+0xc1a): undefined reference to `PL_stack_base'
C:\toolchains\w64devkit\bin/ld.exe: Cwd.o:Cwd.c:(.text+0xc4c): undefined reference to `_imp__Perl_newSVpvn'
C:\toolchains\w64devkit\bin/ld.exe: Cwd.o:Cwd.c:(.text+0xc67): undefined reference to `_imp__Perl_newSVpvn'
C:\toolchains\w64devkit\bin/ld.exe: Cwd.o:Cwd.c:(.text+0xc7b): undefined reference to `PL_stack_base'
C:\toolchains\w64devkit\bin/ld.exe: Cwd.o:Cwd.c:(.text+0xc91): undefined reference to `PL_stack_sp'
C:\toolchains\w64devkit\bin/ld.exe: Cwd.o:Cwd.c:(.text+0xca0): undefined reference to `PL_stack_sp'
C:\toolchains\w64devkit\bin/ld.exe: Cwd.o:Cwd.c:(.text+0xcb1): undefined reference to `PL_stack_base'
C:\toolchains\w64devkit\bin/ld.exe: Cwd.o:Cwd.c:(.text+0xcf1): undefined reference to `PL_op'
C:\toolchains\w64devkit\bin/ld.exe: Cwd.o:Cwd.c:(.text+0xd05): undefined reference to `PL_curpad'
C:\toolchains\w64devkit\bin/ld.exe: Cwd.o:Cwd.c:(.text+0xd0a): undefined reference to `PL_op'
C:\toolchains\w64devkit\bin/ld.exe: Cwd.o:Cwd.c:(.text+0xd1f): undefined reference to `_imp__Perl_sv_newmortal'
C:\toolchains\w64devkit\bin/ld.exe: Cwd.o:Cwd.c:(.text+0xd43): undefined reference to `_imp__Perl_croak_xs_usage'
C:\toolchains\w64devkit\bin/ld.exe: Cwd.o:Cwd.c:(.text+0xd50): undefined reference to `_imp__Perl_getcwd_sv'
C:\toolchains\w64devkit\bin/ld.exe: Cwd.o:Cwd.c:(.text+0xd58): undefined reference to `PL_stack_base'
C:\toolchains\w64devkit\bin/ld.exe: Cwd.o:Cwd.c:(.text+0xd83): undefined reference to `_imp__Perl_mg_set'
C:\toolchains\w64devkit\bin/ld.exe: Cwd.o:Cwd.c:(.text+0xd98): undefined reference to `PL_tainting'
C:\toolchains\w64devkit\bin/ld.exe: Cwd.o:Cwd.c:(.text+0xdc7): undefined reference to `_imp__Perl_sv_magic'
C:\toolchains\w64devkit\bin/ld.exe: Cwd.o:Cwd.c:(.text+0xdd1): undefined reference to `PL_stack_sp'
C:\toolchains\w64devkit\bin/ld.exe: Cwd.o:Cwd.c:(.text+0xde4): undefined reference to `PL_stack_sp'
C:\toolchains\w64devkit\bin/ld.exe: Cwd.o:Cwd.c:(.text+0xdf5): undefined reference to `PL_stack_base'
C:\toolchains\w64devkit\bin/ld.exe: Cwd.o:Cwd.c:(.text+0xe32): undefined reference to `_imp__Perl_croak_xs_usage'
C:\toolchains\w64devkit\bin/ld.exe: Cwd.o:Cwd.c:(.text+0xe55): undefined reference to `PL_stack_base'
C:\toolchains\w64devkit\bin/ld.exe: Cwd.o:Cwd.c:(.text+0xe68): undefined reference to `PL_op'
C:\toolchains\w64devkit\bin/ld.exe: Cwd.o:Cwd.c:(.text+0xe7c): undefined reference to `PL_curpad'
C:\toolchains\w64devkit\bin/ld.exe: Cwd.o:Cwd.c:(.text+0xe81): undefined reference to `PL_op'
C:\toolchains\w64devkit\bin/ld.exe: Cwd.o:Cwd.c:(.text+0xe96): undefined reference to `_imp__Perl_sv_newmortal'
C:\toolchains\w64devkit\bin/ld.exe: Cwd.o:Cwd.c:(.text+0xeb6): undefined reference to `_imp__Perl_sv_2pv_flags'
C:\toolchains\w64devkit\bin/ld.exe: Cwd.o:Cwd.c:(.text+0xf17): undefined reference to `_imp__Perl_sv_setpv_mg'
C:\toolchains\w64devkit\bin/ld.exe: Cwd.o:Cwd.c:(.text+0xf44): undefined reference to `PL_tainting'
C:\toolchains\w64devkit\bin/ld.exe: Cwd.o:Cwd.c:(.text+0xf73): undefined reference to `_imp__Perl_sv_magic'
C:\toolchains\w64devkit\bin/ld.exe: Cwd.o:Cwd.c:(.text+0xf87): undefined reference to `PL_sv_immortals'
C:\toolchains\w64devkit\bin/ld.exe: Cwd.o:Cwd.c:(.text+0xf92): undefined reference to `_imp__Perl_sv_setsv_flags'
C:\toolchains\w64devkit\bin/ld.exe: Cwd.o:Cwd.c:(.text+0xf9a): undefined reference to `PL_stack_base'
C:\toolchains\w64devkit\bin/ld.exe: Cwd.o:Cwd.c:(.text+0xfbe): undefined reference to `PL_tainting'
C:\toolchains\w64devkit\bin/ld.exe: Cwd.o:Cwd.c:(.text+0xfed): undefined reference to `_imp__Perl_sv_magic'
C:\toolchains\w64devkit\bin/ld.exe: Cwd.o:Cwd.c:(.text+0xff7): undefined reference to `PL_stack_sp'
C:\toolchains\w64devkit\bin/ld.exe: Cwd.o:Cwd.c:(.text+0x1008): undefined reference to `PL_stack_sp'
C:\toolchains\w64devkit\bin/ld.exe: Cwd.o:Cwd.c:(.text+0x1019): undefined reference to `PL_stack_base'
C:\toolchains\w64devkit\bin/ld.exe: Cwd.o:Cwd.c:(.text+0x1048): undefined reference to `PL_op'
C:\toolchains\w64devkit\bin/ld.exe: Cwd.o:Cwd.c:(.text+0x105c): undefined reference to `PL_curpad'
C:\toolchains\w64devkit\bin/ld.exe: Cwd.o:Cwd.c:(.text+0x1061): undefined reference to `PL_op'
C:\toolchains\w64devkit\bin/ld.exe: Cwd.o:Cwd.c:(.text+0x1076): undefined reference to `_imp__Perl_sv_newmortal'
C:\toolchains\w64devkit\bin/ld.exe: Cwd.o:Cwd.c:(.text+0x108d): undefined reference to `PL_stack_base'
C:\toolchains\w64devkit\bin/ld.exe: Cwd.o:Cwd.c:(.text+0x10aa): undefined reference to `PL_stack_base'
C:\toolchains\w64devkit\bin/ld.exe: Cwd.o:Cwd.c:(.text+0x10c7): undefined reference to `PL_stack_base'
C:\toolchains\w64devkit\bin/ld.exe: Cwd.o:Cwd.c:(.text+0x10f7): undefined reference to `PL_stack_base'
C:\toolchains\w64devkit\bin/ld.exe: Cwd.o:Cwd.c:(.text+0x1118): undefined reference to `PL_stack_base'
C:\toolchains\w64devkit\bin/ld.exe: Cwd.o:Cwd.c:(.text+0x1136): more undefined references to `PL_stack_base' follow
C:\toolchains\w64devkit\bin/ld.exe: Cwd.o:Cwd.c:(.text+0x11f2): undefined reference to `_imp__Perl_croak'
C:\toolchains\w64devkit\bin/ld.exe: Cwd.o:Cwd.c:(.text+0x1200): undefined reference to `_imp__Perl_safesysmalloc'
C:\toolchains\w64devkit\bin/ld.exe: Cwd.o:Cwd.c:(.text+0x1237): undefined reference to `_imp__Perl_sv_setpv_mg'
C:\toolchains\w64devkit\bin/ld.exe: Cwd.o:Cwd.c:(.text+0x126f): undefined reference to `PL_sv_immortals'
C:\toolchains\w64devkit\bin/ld.exe: Cwd.o:Cwd.c:(.text+0x127a): undefined reference to `_imp__Perl_sv_setsv_flags'
C:\toolchains\w64devkit\bin/ld.exe: Cwd.o:Cwd.c:(.text+0x1287): undefined reference to `_imp__Perl_safesysfree'
C:\toolchains\w64devkit\bin/ld.exe: Cwd.o:Cwd.c:(.text+0x128f): undefined reference to `PL_stack_base'
C:\toolchains\w64devkit\bin/ld.exe: Cwd.o:Cwd.c:(.text+0x12b3): undefined reference to `PL_tainting'
C:\toolchains\w64devkit\bin/ld.exe: Cwd.o:Cwd.c:(.text+0x12e2): undefined reference to `_imp__Perl_sv_magic'
C:\toolchains\w64devkit\bin/ld.exe: Cwd.o:Cwd.c:(.text+0x12ec): undefined reference to `PL_stack_sp'
C:\toolchains\w64devkit\bin/ld.exe: Cwd.o:Cwd.c:(.text+0x12fe): undefined reference to `PL_stack_sp'
C:\toolchains\w64devkit\bin/ld.exe: Cwd.o:Cwd.c:(.text+0x130f): undefined reference to `PL_stack_base'
C:\toolchains\w64devkit\bin/ld.exe: Cwd.o:Cwd.c:(.text+0x1346): undefined reference to `_imp__Perl_croak_xs_usage'
C:\toolchains\w64devkit\bin/ld.exe: Cwd.o:Cwd.c:(.text+0x134e): undefined reference to `PL_stack_base'
C:\toolchains\w64devkit\bin/ld.exe: Cwd.o:Cwd.c:(.text+0x1369): undefined reference to `PL_sv_immortals'
C:\toolchains\w64devkit\bin/ld.exe: Cwd.o:Cwd.c:(.text+0x1371): undefined reference to `PL_stack_base'
C:\toolchains\w64devkit\bin/ld.exe: Cwd.o:Cwd.c:(.text+0x139b): undefined reference to `_imp__Perl_sv_2mortal'
C:\toolchains\w64devkit\bin/ld.exe: Cwd.o:Cwd.c:(.text+0x13a6): undefined reference to `PL_stack_base'
C:\toolchains\w64devkit\bin/ld.exe: Cwd.o:Cwd.c:(.text+0x13c1): undefined reference to `PL_stack_base'
C:\toolchains\w64devkit\bin/ld.exe: Cwd.o:Cwd.c:(.text+0x13d7): undefined reference to `PL_stack_sp'
C:\toolchains\w64devkit\bin/ld.exe: Cwd.o:Cwd.c:(.text+0x13e6): undefined reference to `PL_stack_sp'
C:\toolchains\w64devkit\bin/ld.exe: Cwd.o:Cwd.c:(.text+0x13f7): undefined reference to `PL_stack_base'
C:\toolchains\w64devkit\bin/ld.exe: Cwd.o:Cwd.c:(.text+0x1422): undefined reference to `PL_sv_immortals'
C:\toolchains\w64devkit\bin/ld.exe: Cwd.o:Cwd.c:(.text+0x142a): undefined reference to `PL_stack_base'
C:\toolchains\w64devkit\bin/ld.exe: Cwd.o:Cwd.c:(.text+0x1451): undefined reference to `_imp__Perl_sv_2mortal'
C:\toolchains\w64devkit\bin/ld.exe: Cwd.o:Cwd.c:(.text+0x145c): undefined reference to `PL_stack_base'
C:\toolchains\w64devkit\bin/ld.exe: Cwd.o:Cwd.c:(.text+0x1477): undefined reference to `PL_stack_base'
C:\toolchains\w64devkit\bin/ld.exe: Cwd.o:Cwd.c:(.text+0x148d): undefined reference to `PL_stack_sp'
C:\toolchains\w64devkit\bin/ld.exe: Cwd.o:Cwd.c:(.text+0x149c): undefined reference to `PL_stack_sp'
C:\toolchains\w64devkit\bin/ld.exe: Cwd.o:Cwd.c:(.text+0x14ad): undefined reference to `PL_stack_base'
C:\toolchains\w64devkit\bin/ld.exe: Cwd.o:Cwd.c:(.text+0x14e4): undefined reference to `_imp__Perl_croak_xs_usage'
C:\toolchains\w64devkit\bin/ld.exe: Cwd.o:Cwd.c:(.text+0x14ec): undefined reference to `PL_stack_base'
C:\toolchains\w64devkit\bin/ld.exe: Cwd.o:Cwd.c:(.text+0x1509): undefined reference to `PL_stack_max'
C:\toolchains\w64devkit\bin/ld.exe: Cwd.o:Cwd.c:(.text+0x154a): undefined reference to `_imp__Perl_stack_grow'
C:\toolchains\w64devkit\bin/ld.exe: Cwd.o:Cwd.c:(.text+0x1555): undefined reference to `PL_stack_base'
C:\toolchains\w64devkit\bin/ld.exe: Cwd.o:Cwd.c:(.text+0x156f): undefined reference to `_imp__Perl_sv_newmortal'
C:\toolchains\w64devkit\bin/ld.exe: Cwd.o:Cwd.c:(.text+0x157a): undefined reference to `PL_stack_base'
C:\toolchains\w64devkit\bin/ld.exe: Cwd.o:Cwd.c:(.text+0x158f): undefined reference to `PL_stack_base'
C:\toolchains\w64devkit\bin/ld.exe: Cwd.o:Cwd.c:(.text+0x15b4): undefined reference to `_imp__Perl_do_join'
C:\toolchains\w64devkit\bin/ld.exe: Cwd.o:Cwd.c:(.text+0x15dd): undefined reference to `_imp__Perl_push_scope'
C:\toolchains\w64devkit\bin/ld.exe: Cwd.o:Cwd.c:(.text+0x15e4): undefined reference to `PL_markstack_ptr'
C:\toolchains\w64devkit\bin/ld.exe: Cwd.o:Cwd.c:(.text+0x15ec): undefined reference to `PL_markstack_ptr'
C:\toolchains\w64devkit\bin/ld.exe: Cwd.o:Cwd.c:(.text+0x15f1): undefined reference to `PL_markstack_ptr'
C:\toolchains\w64devkit\bin/ld.exe: Cwd.o:Cwd.c:(.text+0x15f9): undefined reference to `PL_markstack_max'
C:\toolchains\w64devkit\bin/ld.exe: Cwd.o:Cwd.c:(.text+0x1603): undefined reference to `_imp__Perl_markstack_grow'
C:\toolchains\w64devkit\bin/ld.exe: Cwd.o:Cwd.c:(.text+0x160d): undefined reference to `PL_stack_base'
C:\toolchains\w64devkit\bin/ld.exe: Cwd.o:Cwd.c:(.text+0x1623): undefined reference to `PL_stack_max'
C:\toolchains\w64devkit\bin/ld.exe: Cwd.o:Cwd.c:(.text+0x1645): undefined reference to `_imp__Perl_stack_grow'
C:\toolchains\w64devkit\bin/ld.exe: Cwd.o:Cwd.c:(.text+0x166a): undefined reference to `PL_stack_sp'
C:\toolchains\w64devkit\bin/ld.exe: Cwd.o:Cwd.c:(.text+0x167e): undefined reference to `_imp__Perl_call_method'
C:\toolchains\w64devkit\bin/ld.exe: Cwd.o:Cwd.c:(.text+0x1685): undefined reference to `PL_stack_sp'
C:\toolchains\w64devkit\bin/ld.exe: Cwd.o:Cwd.c:(.text+0x169b): undefined reference to `_imp__Perl_pop_scope'
C:\toolchains\w64devkit\bin/ld.exe: Cwd.o:Cwd.c:(.text+0x16b9): undefined reference to `_imp__Perl_sv_2mortal'
C:\toolchains\w64devkit\bin/ld.exe: Cwd.o:Cwd.c:(.text+0x16c4): undefined reference to `PL_stack_base'
C:\toolchains\w64devkit\bin/ld.exe: Cwd.o:Cwd.c:(.text+0x16df): undefined reference to `PL_stack_base'
C:\toolchains\w64devkit\bin/ld.exe: Cwd.o:Cwd.c:(.text+0x16f5): undefined reference to `PL_stack_sp'
C:\toolchains\w64devkit\bin/ld.exe: Cwd.o:Cwd.c:(.text+0x1704): undefined reference to `PL_stack_sp'
C:\toolchains\w64devkit\bin/ld.exe: Cwd.o:Cwd.c:(.text+0x1715): undefined reference to `PL_stack_base'
C:\toolchains\w64devkit\bin/ld.exe: Cwd.o:Cwd.c:(.text+0x1742): undefined reference to `PL_stack_max'
C:\toolchains\w64devkit\bin/ld.exe: Cwd.o:Cwd.c:(.text+0x1783): undefined reference to `_imp__Perl_stack_grow'
C:\toolchains\w64devkit\bin/ld.exe: Cwd.o:Cwd.c:(.text+0x178e): undefined reference to `PL_stack_base'
C:\toolchains\w64devkit\bin/ld.exe: Cwd.o:Cwd.c:(.text+0x17a8): undefined reference to `_imp__Perl_sv_newmortal'
C:\toolchains\w64devkit\bin/ld.exe: Cwd.o:Cwd.c:(.text+0x17b3): undefined reference to `PL_stack_base'
C:\toolchains\w64devkit\bin/ld.exe: Cwd.o:Cwd.c:(.text+0x17c8): undefined reference to `PL_stack_base'
C:\toolchains\w64devkit\bin/ld.exe: Cwd.o:Cwd.c:(.text+0x17f2): undefined reference to `_imp__Perl_do_join'
C:\toolchains\w64devkit\bin/ld.exe: Cwd.o:Cwd.c:(.text+0x180d): undefined reference to `_imp__Perl_sv_2mortal'
C:\toolchains\w64devkit\bin/ld.exe: Cwd.o:Cwd.c:(.text+0x1818): undefined reference to `PL_stack_base'
C:\toolchains\w64devkit\bin/ld.exe: Cwd.o:Cwd.c:(.text+0x1833): undefined reference to `PL_stack_base'
C:\toolchains\w64devkit\bin/ld.exe: Cwd.o:Cwd.c:(.text+0x1849): undefined reference to `PL_stack_sp'
C:\toolchains\w64devkit\bin/ld.exe: Cwd.o:Cwd.c:(.text+0x1858): undefined reference to `PL_stack_sp'
C:\toolchains\w64devkit\bin/ld.exe: Cwd.o:Cwd.c:(.text+0x1869): undefined reference to `PL_stack_base'
C:\toolchains\w64devkit\bin/ld.exe: Cwd.o:Cwd.c:(.text+0x18a0): undefined reference to `_imp__Perl_croak_xs_usage'
C:\toolchains\w64devkit\bin/ld.exe: Cwd.o:Cwd.c:(.text+0x18a8): undefined reference to `PL_stack_base'
C:\toolchains\w64devkit\bin/ld.exe: Cwd.o:Cwd.c:(.text+0x18d6): undefined reference to `PL_sv_immortals'
C:\toolchains\w64devkit\bin/ld.exe: Cwd.o:Cwd.c:(.text+0x18e1): undefined reference to `PL_stack_base'
C:\toolchains\w64devkit\bin/ld.exe: Cwd.o:Cwd.c:(.text+0x1915): undefined reference to `_imp__Perl_sv_newmortal'
C:\toolchains\w64devkit\bin/ld.exe: Cwd.o:Cwd.c:(.text+0x1925): undefined reference to `_imp__Perl_sv_2mortal'
C:\toolchains\w64devkit\bin/ld.exe: Cwd.o:Cwd.c:(.text+0x192d): undefined reference to `PL_stack_base'
C:\toolchains\w64devkit\bin/ld.exe: Cwd.o:Cwd.c:(.text+0x194b): undefined reference to `PL_stack_base'
C:\toolchains\w64devkit\bin/ld.exe: Cwd.o:Cwd.c:(.text+0x1963): undefined reference to `PL_stack_base'
C:\toolchains\w64devkit\bin/ld.exe: Cwd.o:Cwd.c:(.text+0x1988): undefined reference to `_imp__Perl_do_join'
C:\toolchains\w64devkit\bin/ld.exe: Cwd.o:Cwd.c:(.text+0x19da): undefined reference to `_imp__Perl_sv_catsv_flags'
C:\toolchains\w64devkit\bin/ld.exe: Cwd.o:Cwd.c:(.text+0x19f6): undefined reference to `_imp__Perl_sv_catsv_flags'
C:\toolchains\w64devkit\bin/ld.exe: Cwd.o:Cwd.c:(.text+0x1a02): undefined reference to `_imp__Perl_push_scope'
C:\toolchains\w64devkit\bin/ld.exe: Cwd.o:Cwd.c:(.text+0x1a09): undefined reference to `PL_markstack_ptr'
C:\toolchains\w64devkit\bin/ld.exe: Cwd.o:Cwd.c:(.text+0x1a11): undefined reference to `PL_markstack_ptr'
C:\toolchains\w64devkit\bin/ld.exe: Cwd.o:Cwd.c:(.text+0x1a16): undefined reference to `PL_markstack_ptr'
C:\toolchains\w64devkit\bin/ld.exe: Cwd.o:Cwd.c:(.text+0x1a1e): undefined reference to `PL_markstack_max'
C:\toolchains\w64devkit\bin/ld.exe: Cwd.o:Cwd.c:(.text+0x1a28): undefined reference to `_imp__Perl_markstack_grow'
C:\toolchains\w64devkit\bin/ld.exe: Cwd.o:Cwd.c:(.text+0x1a32): undefined reference to `PL_stack_base'
C:\toolchains\w64devkit\bin/ld.exe: Cwd.o:Cwd.c:(.text+0x1a48): undefined reference to `PL_stack_max'
C:\toolchains\w64devkit\bin/ld.exe: Cwd.o:Cwd.c:(.text+0x1a6a): undefined reference to `_imp__Perl_stack_grow'
C:\toolchains\w64devkit\bin/ld.exe: Cwd.o:Cwd.c:(.text+0x1a87): undefined reference to `PL_stack_base'
C:\toolchains\w64devkit\bin/ld.exe: Cwd.o:Cwd.c:(.text+0x1aa1): undefined reference to `PL_sv_immortals'
C:\toolchains\w64devkit\bin/ld.exe: Cwd.o:Cwd.c:(.text+0x1ab2): undefined reference to `PL_stack_sp'
C:\toolchains\w64devkit\bin/ld.exe: Cwd.o:Cwd.c:(.text+0x1ac6): undefined reference to `_imp__Perl_call_method'
C:\toolchains\w64devkit\bin/ld.exe: Cwd.o:Cwd.c:(.text+0x1acd): undefined reference to `PL_stack_sp'
C:\toolchains\w64devkit\bin/ld.exe: Cwd.o:Cwd.c:(.text+0x1ae3): undefined reference to `_imp__Perl_pop_scope'
C:\toolchains\w64devkit\bin/ld.exe: Cwd.o:Cwd.c:(.text+0x1b0d): undefined reference to `_imp__Perl_push_scope'
C:\toolchains\w64devkit\bin/ld.exe: Cwd.o:Cwd.c:(.text+0x1b14): undefined reference to `PL_markstack_ptr'
C:\toolchains\w64devkit\bin/ld.exe: Cwd.o:Cwd.c:(.text+0x1b1c): undefined reference to `PL_markstack_ptr'
C:\toolchains\w64devkit\bin/ld.exe: Cwd.o:Cwd.c:(.text+0x1b21): undefined reference to `PL_markstack_ptr'
C:\toolchains\w64devkit\bin/ld.exe: Cwd.o:Cwd.c:(.text+0x1b29): undefined reference to `PL_markstack_max'
C:\toolchains\w64devkit\bin/ld.exe: Cwd.o:Cwd.c:(.text+0x1b33): undefined reference to `_imp__Perl_markstack_grow'
C:\toolchains\w64devkit\bin/ld.exe: Cwd.o:Cwd.c:(.text+0x1b56): undefined reference to `PL_stack_sp'
C:\toolchains\w64devkit\bin/ld.exe: Cwd.o:Cwd.c:(.text+0x1b6a): undefined reference to `_imp__Perl_call_method'
C:\toolchains\w64devkit\bin/ld.exe: Cwd.o:Cwd.c:(.text+0x1b71): undefined reference to `PL_stack_sp'
C:\toolchains\w64devkit\bin/ld.exe: Cwd.o:Cwd.c:(.text+0x1b87): undefined reference to `_imp__Perl_pop_scope'
C:\toolchains\w64devkit\bin/ld.exe: Cwd.o:Cwd.c:(.text+0x1b9e): undefined reference to `_imp__Perl_sv_2pv_flags'
C:\toolchains\w64devkit\bin/ld.exe: Cwd.o:Cwd.c:(.text+0x1c06): undefined reference to `_imp__Perl_newSVsv_flags'
C:\toolchains\w64devkit\bin/ld.exe: Cwd.o:Cwd.c:(.text+0x1c2d): undefined reference to `_imp__Perl_sv_catsv_flags'
C:\toolchains\w64devkit\bin/ld.exe: Cwd.o:Cwd.c:(.text+0x1c49): undefined reference to `_imp__Perl_sv_catsv_flags'
C:\toolchains\w64devkit\bin/ld.exe: Cwd.o:Cwd.c:(.text+0x1c56): undefined reference to `_imp__Perl_sv_2mortal'
C:\toolchains\w64devkit\bin/ld.exe: Cwd.o:Cwd.c:(.text+0x1c61): undefined reference to `PL_stack_base'
C:\toolchains\w64devkit\bin/ld.exe: Cwd.o:Cwd.c:(.text+0x1c7c): undefined reference to `PL_stack_base'
C:\toolchains\w64devkit\bin/ld.exe: Cwd.o:Cwd.c:(.text+0x1c92): undefined reference to `PL_stack_sp'
C:\toolchains\w64devkit\bin/ld.exe: Cwd.o:Cwd.c:(.text+0x1ca1): undefined reference to `PL_stack_sp'
C:\toolchains\w64devkit\bin/ld.exe: Cwd.o:Cwd.c:(.text+0x1cb2): undefined reference to `PL_stack_base'
C:\toolchains\w64devkit\bin/ld.exe: Cwd.o:Cwd.c:(.text+0x1cdd): undefined reference to `PL_sv_immortals'
C:\toolchains\w64devkit\bin/ld.exe: Cwd.o:Cwd.c:(.text+0x1ce8): undefined reference to `PL_stack_base'
C:\toolchains\w64devkit\bin/ld.exe: Cwd.o:Cwd.c:(.text+0x1d1c): undefined reference to `_imp__Perl_sv_newmortal'
C:\toolchains\w64devkit\bin/ld.exe: Cwd.o:Cwd.c:(.text+0x1d2c): undefined reference to `_imp__Perl_sv_2mortal'
C:\toolchains\w64devkit\bin/ld.exe: Cwd.o:Cwd.c:(.text+0x1d34): undefined reference to `PL_stack_base'
C:\toolchains\w64devkit\bin/ld.exe: Cwd.o:Cwd.c:(.text+0x1d52): undefined reference to `PL_stack_base'
C:\toolchains\w64devkit\bin/ld.exe: Cwd.o:Cwd.c:(.text+0x1d6a): undefined reference to `PL_stack_base'
C:\toolchains\w64devkit\bin/ld.exe: Cwd.o:Cwd.c:(.text+0x1d94): undefined reference to `_imp__Perl_do_join'
C:\toolchains\w64devkit\bin/ld.exe: Cwd.o:Cwd.c:(.text+0x1de6): undefined reference to `_imp__Perl_sv_catsv_flags'
C:\toolchains\w64devkit\bin/ld.exe: Cwd.o:Cwd.c:(.text+0x1e02): undefined reference to `_imp__Perl_sv_catsv_flags'
C:\toolchains\w64devkit\bin/ld.exe: Cwd.o:Cwd.c:(.text+0x1e0f): undefined reference to `_imp__Perl_sv_2mortal'
C:\toolchains\w64devkit\bin/ld.exe: Cwd.o:Cwd.c:(.text+0x1e1a): undefined reference to `PL_stack_base'
C:\toolchains\w64devkit\bin/ld.exe: Cwd.o:Cwd.c:(.text+0x1e35): undefined reference to `PL_stack_base'
C:\toolchains\w64devkit\bin/ld.exe: Cwd.o:Cwd.c:(.text+0x1e4b): undefined reference to `PL_stack_sp'
C:\toolchains\w64devkit\bin/ld.exe: Cwd.o:Cwd.c:(.text+0x1e78): undefined reference to `_imp__Perl_xs_handshake'
C:\toolchains\w64devkit\bin/ld.exe: Cwd.o:Cwd.c:(.text+0x1e83): undefined reference to `PL_stack_base'
C:\toolchains\w64devkit\bin/ld.exe: Cwd.o:Cwd.c:(.text+0x1e99): undefined reference to `PL_stack_sp'
C:\toolchains\w64devkit\bin/ld.exe: Cwd.o:Cwd.c:(.text+0x1ec3): undefined reference to `_imp__Perl_newXS_deffile'
C:\toolchains\w64devkit\bin/ld.exe: Cwd.o:Cwd.c:(.text+0x1ed9): undefined reference to `_imp__Perl_newXS_deffile'
C:\toolchains\w64devkit\bin/ld.exe: Cwd.o:Cwd.c:(.text+0x1f04): undefined reference to `_imp__Perl_newXS_deffile'
C:\toolchains\w64devkit\bin/ld.exe: Cwd.o:Cwd.c:(.text+0x1f2f): undefined reference to `_imp__Perl_newXS_deffile'
C:\toolchains\w64devkit\bin/ld.exe: Cwd.o:Cwd.c:(.text+0x1f5c): undefined reference to `_imp__Perl_newXS_flags'
C:\toolchains\w64devkit\bin/ld.exe: Cwd.o:Cwd.c:(.text+0x1f72): undefined reference to `_imp__Perl_newXS_deffile'
C:\toolchains\w64devkit\bin/ld.exe: Cwd.o:Cwd.c:(.text+0x1f88): undefined reference to `_imp__Perl_newXS_deffile'
C:\toolchains\w64devkit\bin/ld.exe: Cwd.o:Cwd.c:(.text+0x1f9e): undefined reference to `_imp__Perl_newXS_deffile'
C:\toolchains\w64devkit\bin/ld.exe: Cwd.o:Cwd.c:(.text+0x1fb4): undefined reference to `_imp__Perl_newXS_deffile'
C:\toolchains\w64devkit\bin/ld.exe: Cwd.o:Cwd.c:(.text+0x1fca): undefined reference to `_imp__Perl_newXS_deffile'
C:\toolchains\w64devkit\bin/ld.exe: Cwd.o:Cwd.c:(.text+0x1fe0): more undefined references to `_imp__Perl_newXS_deffile' follow
C:\toolchains\w64devkit\bin/ld.exe: Cwd.o:Cwd.c:(.text+0x1ff6): undefined reference to `_imp__Perl_newSVpvn'
C:\toolchains\w64devkit\bin/ld.exe: Cwd.o:Cwd.c:(.text+0x2011): undefined reference to `_imp__Perl_newSVpvn'
C:\toolchains\w64devkit\bin/ld.exe: Cwd.o:Cwd.c:(.text+0x2023): undefined reference to `_imp__Perl_xs_boot_epilog'
C:\toolchains\w64devkit\bin/ld.exe: Fcntl.o:Fcntl.c:(.text+0x16): undefined reference to `_imp__Perl_croak'
C:\toolchains\w64devkit\bin/ld.exe: Fcntl.o:Fcntl.c:(.text+0x20): undefined reference to `PL_markstack_ptr'
C:\toolchains\w64devkit\bin/ld.exe: Fcntl.o:Fcntl.c:(.text+0x29): undefined reference to `PL_markstack_ptr'
C:\toolchains\w64devkit\bin/ld.exe: Fcntl.o:Fcntl.c:(.text+0x3f): undefined reference to `PL_body_roots'
C:\toolchains\w64devkit\bin/ld.exe: Fcntl.o:Fcntl.c:(.text+0x80): undefined reference to `_imp__Perl_more_bodies'
C:\toolchains\w64devkit\bin/ld.exe: Fcntl.o:Fcntl.c:(.text+0xa1): undefined reference to `PL_sv_root'
C:\toolchains\w64devkit\bin/ld.exe: Fcntl.o:Fcntl.c:(.text+0xaa): undefined reference to `PL_sv_root'
C:\toolchains\w64devkit\bin/ld.exe: Fcntl.o:Fcntl.c:(.text+0xc1): undefined reference to `PL_sv_root'
C:\toolchains\w64devkit\bin/ld.exe: Fcntl.o:Fcntl.c:(.text+0xc6): undefined reference to `PL_sv_count'
C:\toolchains\w64devkit\bin/ld.exe: Fcntl.o:Fcntl.c:(.text+0xce): undefined reference to `PL_sv_count'
C:\toolchains\w64devkit\bin/ld.exe: Fcntl.o:Fcntl.c:(.text+0x344): undefined reference to `_imp__Perl_sv_backoff'
C:\toolchains\w64devkit\bin/ld.exe: Fcntl.o:Fcntl.c:(.text+0x41d): undefined reference to `_imp__Perl_safesyscalloc'
C:\toolchains\w64devkit\bin/ld.exe: Fcntl.o:Fcntl.c:(.text+0x46b): undefined reference to `_imp__Perl_gv_fetchpvn_flags'
C:\toolchains\w64devkit\bin/ld.exe: Fcntl.o:Fcntl.c:(.text+0x48b): undefined reference to `PL_stashcache'
C:\toolchains\w64devkit\bin/ld.exe: Fcntl.o:Fcntl.c:(.text+0x493): undefined reference to `_imp__Perl_hv_clear'
C:\toolchains\w64devkit\bin/ld.exe: Fcntl.o:Fcntl.c:(.text+0x4ec): undefined reference to `_imp__Perl_croak'
C:\toolchains\w64devkit\bin/ld.exe: Fcntl.o:Fcntl.c:(.text+0x54f): undefined reference to `_imp__Perl_sv_free2'
C:\toolchains\w64devkit\bin/ld.exe: Fcntl.o:Fcntl.c:(.text+0x58b): undefined reference to `_imp__Perl_sv_2uv_flags'
C:\toolchains\w64devkit\bin/ld.exe: Fcntl.o:Fcntl.c:(.text+0x59c): undefined reference to `PL_stack_sp'
C:\toolchains\w64devkit\bin/ld.exe: Fcntl.o:Fcntl.c:(.text+0x5ad): undefined reference to `PL_stack_base'
C:\toolchains\w64devkit\bin/ld.exe: Fcntl.o:Fcntl.c:(.text+0x5f4): undefined reference to `PL_stack_base'
C:\toolchains\w64devkit\bin/ld.exe: Fcntl.o:Fcntl.c:(.text+0x60b): undefined reference to `PL_sv_immortals'
C:\toolchains\w64devkit\bin/ld.exe: Fcntl.o:Fcntl.c:(.text+0x610): undefined reference to `PL_stack_max'
C:\toolchains\w64devkit\bin/ld.exe: Fcntl.o:Fcntl.c:(.text+0x631): undefined reference to `_imp__Perl_stack_grow'
C:\toolchains\w64devkit\bin/ld.exe: Fcntl.o:Fcntl.c:(.text+0x654): undefined reference to `PL_sv_immortals'
C:\toolchains\w64devkit\bin/ld.exe: Fcntl.o:Fcntl.c:(.text+0x65b): undefined reference to `PL_sv_immortals'
C:\toolchains\w64devkit\bin/ld.exe: Fcntl.o:Fcntl.c:(.text+0x66c): undefined reference to `PL_stack_sp'
C:\toolchains\w64devkit\bin/ld.exe: Fcntl.o:Fcntl.c:(.text+0x6a8): undefined reference to `_imp__Perl_hv_common_key_len'
C:\toolchains\w64devkit\bin/ld.exe: Fcntl.o:Fcntl.c:(.text+0x6c6): undefined reference to `_imp__Perl_croak'
C:\toolchains\w64devkit\bin/ld.exe: Fcntl.o:Fcntl.c:(.text+0x707): undefined reference to `_imp__Perl_newCONSTSUB'
C:\toolchains\w64devkit\bin/ld.exe: Fcntl.o:Fcntl.c:(.text+0x72b): undefined reference to `_imp__Perl_sv_upgrade'
C:\toolchains\w64devkit\bin/ld.exe: Fcntl.o:Fcntl.c:(.text+0x786): undefined reference to `_imp__Perl_get_hv'
C:\toolchains\w64devkit\bin/ld.exe: Fcntl.o:Fcntl.c:(.text+0x7be): undefined reference to `_imp__Perl_hv_common_key_len'
C:\toolchains\w64devkit\bin/ld.exe: Fcntl.o:Fcntl.c:(.text+0x827): undefined reference to `_imp__Perl_sv_upgrade'
C:\toolchains\w64devkit\bin/ld.exe: Fcntl.o:Fcntl.c:(.text+0x865): undefined reference to `PL_stack_sp'
C:\toolchains\w64devkit\bin/ld.exe: Fcntl.o:Fcntl.c:(.text+0x876): undefined reference to `PL_stack_base'
C:\toolchains\w64devkit\bin/ld.exe: Fcntl.o:Fcntl.c:(.text+0x8ad): undefined reference to `_imp__Perl_croak_xs_usage'
C:\toolchains\w64devkit\bin/ld.exe: Fcntl.o:Fcntl.c:(.text+0x8eb): undefined reference to `_imp__Perl_newSVpvn_flags'
C:\toolchains\w64devkit\bin/ld.exe: Fcntl.o:Fcntl.c:(.text+0x8f5): undefined reference to `PL_curcop'
C:\toolchains\w64devkit\bin/ld.exe: Fcntl.o:Fcntl.c:(.text+0x942): undefined reference to `_imp__Perl_hv_common'
C:\toolchains\w64devkit\bin/ld.exe: Fcntl.o:Fcntl.c:(.text+0x985): undefined reference to `_imp__Perl_newSVpvf'
C:\toolchains\w64devkit\bin/ld.exe: Fcntl.o:Fcntl.c:(.text+0x9c9): undefined reference to `_imp__Perl_newSVpvf'
C:\toolchains\w64devkit\bin/ld.exe: Fcntl.o:Fcntl.c:(.text+0x9d9): undefined reference to `_imp__Perl_sv_2mortal'
C:\toolchains\w64devkit\bin/ld.exe: Fcntl.o:Fcntl.c:(.text+0x9e3): undefined reference to `_imp__Perl_croak_sv'
C:\toolchains\w64devkit\bin/ld.exe: Fcntl.o:Fcntl.c:(.text+0x9f0): undefined reference to `PL_stack_sp'
C:\toolchains\w64devkit\bin/ld.exe: Fcntl.o:Fcntl.c:(.text+0xa01): undefined reference to `PL_stack_base'
C:\toolchains\w64devkit\bin/ld.exe: Fcntl.o:Fcntl.c:(.text+0xa30): undefined reference to `PL_op'
C:\toolchains\w64devkit\bin/ld.exe: Fcntl.o:Fcntl.c:(.text+0xa44): undefined reference to `PL_curpad'
C:\toolchains\w64devkit\bin/ld.exe: Fcntl.o:Fcntl.c:(.text+0xa49): undefined reference to `PL_op'
C:\toolchains\w64devkit\bin/ld.exe: Fcntl.o:Fcntl.c:(.text+0xa5e): undefined reference to `_imp__Perl_sv_newmortal'
C:\toolchains\w64devkit\bin/ld.exe: Fcntl.o:Fcntl.c:(.text+0xa6f): undefined reference to `PL_stack_base'
C:\toolchains\w64devkit\bin/ld.exe: Fcntl.o:Fcntl.c:(.text+0xa86): undefined reference to `PL_sv_immortals'
C:\toolchains\w64devkit\bin/ld.exe: Fcntl.o:Fcntl.c:(.text+0xa8b): undefined reference to `PL_stack_max'
C:\toolchains\w64devkit\bin/ld.exe: Fcntl.o:Fcntl.c:(.text+0xaac): undefined reference to `_imp__Perl_stack_grow'
C:\toolchains\w64devkit\bin/ld.exe: Fcntl.o:Fcntl.c:(.text+0xadf): undefined reference to `PL_tainted'
C:\toolchains\w64devkit\bin/ld.exe: Fcntl.o:Fcntl.c:(.text+0xb26): undefined reference to `_imp__Perl_sv_setuv_mg'
C:\toolchains\w64devkit\bin/ld.exe: Fcntl.o:Fcntl.c:(.text+0xb3c): undefined reference to `PL_stack_sp'
C:\toolchains\w64devkit\bin/ld.exe: Fcntl.o:Fcntl.c:(.text+0xb4c): undefined reference to `PL_stack_sp'
C:\toolchains\w64devkit\bin/ld.exe: Fcntl.o:Fcntl.c:(.text+0xb5d): undefined reference to `PL_stack_base'
C:\toolchains\w64devkit\bin/ld.exe: Fcntl.o:Fcntl.c:(.text+0xb8c): undefined reference to `PL_op'
C:\toolchains\w64devkit\bin/ld.exe: Fcntl.o:Fcntl.c:(.text+0xba0): undefined reference to `PL_curpad'
C:\toolchains\w64devkit\bin/ld.exe: Fcntl.o:Fcntl.c:(.text+0xba5): undefined reference to `PL_op'
C:\toolchains\w64devkit\bin/ld.exe: Fcntl.o:Fcntl.c:(.text+0xbba): undefined reference to `_imp__Perl_sv_newmortal'
C:\toolchains\w64devkit\bin/ld.exe: Fcntl.o:Fcntl.c:(.text+0xbcb): undefined reference to `PL_stack_base'
C:\toolchains\w64devkit\bin/ld.exe: Fcntl.o:Fcntl.c:(.text+0xc0a): undefined reference to `PL_tainted'
C:\toolchains\w64devkit\bin/ld.exe: Fcntl.o:Fcntl.c:(.text+0xc51): undefined reference to `_imp__Perl_sv_setuv_mg'
C:\toolchains\w64devkit\bin/ld.exe: Fcntl.o:Fcntl.c:(.text+0xc67): undefined reference to `PL_stack_sp'
C:\toolchains\w64devkit\bin/ld.exe: Fcntl.o:Fcntl.c:(.text+0xc99): undefined reference to `_imp__Perl_xs_handshake'
C:\toolchains\w64devkit\bin/ld.exe: Fcntl.o:Fcntl.c:(.text+0xca4): undefined reference to `PL_stack_base'
C:\toolchains\w64devkit\bin/ld.exe: Fcntl.o:Fcntl.c:(.text+0xcba): undefined reference to `PL_stack_sp'
C:\toolchains\w64devkit\bin/ld.exe: Fcntl.o:Fcntl.c:(.text+0xce4): undefined reference to `_imp__Perl_newXS_deffile'
C:\toolchains\w64devkit\bin/ld.exe: Fcntl.o:Fcntl.c:(.text+0xcfa): undefined reference to `_imp__Perl_newXS_deffile'
C:\toolchains\w64devkit\bin/ld.exe: Fcntl.o:Fcntl.c:(.text+0xd10): undefined reference to `_imp__Perl_newXS_deffile'
C:\toolchains\w64devkit\bin/ld.exe: Fcntl.o:Fcntl.c:(.text+0xd26): undefined reference to `_imp__Perl_get_hv'
C:\toolchains\w64devkit\bin/ld.exe: Fcntl.o:Fcntl.c:(.text+0xd49): undefined reference to `_imp__Perl_newSViv'
C:\toolchains\w64devkit\bin/ld.exe: Fcntl.o:Fcntl.c:(.text+0xd8a): undefined reference to `_imp__Perl_newSVuv'
C:\toolchains\w64devkit\bin/ld.exe: Fcntl.o:Fcntl.c:(.text+0xe00): undefined reference to `_imp__Perl_hv_common_key_len'
C:\toolchains\w64devkit\bin/ld.exe: Fcntl.o:Fcntl.c:(.text+0xe20): undefined reference to `_imp__Perl_croak'
C:\toolchains\w64devkit\bin/ld.exe: Fcntl.o:Fcntl.c:(.text+0xe63): undefined reference to `_imp__Perl_sv_setpvn'
C:\toolchains\w64devkit\bin/ld.exe: Fcntl.o:Fcntl.c:(.text+0xe92): undefined reference to `PL_sv_immortals'
C:\toolchains\w64devkit\bin/ld.exe: Fcntl.o:Fcntl.c:(.text+0xea1): undefined reference to `_imp__Perl_newCONSTSUB'
C:\toolchains\w64devkit\bin/ld.exe: Fcntl.o:Fcntl.c:(.text+0xf39): undefined reference to `PL_sv_immortals'
C:\toolchains\w64devkit\bin/ld.exe: Fcntl.o:Fcntl.c:(.text+0xf60): undefined reference to `_imp__Perl_hv_common'
C:\toolchains\w64devkit\bin/ld.exe: Fcntl.o:Fcntl.c:(.text+0xf7b): undefined reference to `_imp__Perl_croak'
C:\toolchains\w64devkit\bin/ld.exe: Fcntl.o:Fcntl.c:(.text+0xf99): undefined reference to `_imp__Perl_mro_method_changed_in'
C:\toolchains\w64devkit\bin/ld.exe: Fcntl.o:Fcntl.c:(.text+0xfb6): undefined reference to `_imp__Perl_newXS'
C:\toolchains\w64devkit\bin/ld.exe: Fcntl.o:Fcntl.c:(.text+0xfe8): undefined reference to `_imp__Perl_newXS'
C:\toolchains\w64devkit\bin/ld.exe: Fcntl.o:Fcntl.c:(.text+0x101a): undefined reference to `_imp__Perl_newXS'
C:\toolchains\w64devkit\bin/ld.exe: Fcntl.o:Fcntl.c:(.text+0x104c): undefined reference to `_imp__Perl_newXS'
C:\toolchains\w64devkit\bin/ld.exe: Fcntl.o:Fcntl.c:(.text+0x107e): undefined reference to `_imp__Perl_newXS'
C:\toolchains\w64devkit\bin/ld.exe: Fcntl.o:Fcntl.c:(.text+0x10a0): undefined reference to `_imp__Perl_xs_boot_epilog'
C:\toolchains\w64devkit\bin/ld.exe: IO.o:IO.c:(.text+0x16): undefined reference to `_imp__Perl_croak'
C:\toolchains\w64devkit\bin/ld.exe: IO.o:IO.c:(.text+0x20): undefined reference to `PL_markstack_ptr'
C:\toolchains\w64devkit\bin/ld.exe: IO.o:IO.c:(.text+0x29): undefined reference to `PL_markstack_ptr'
C:\toolchains\w64devkit\bin/ld.exe: IO.o:IO.c:(.text+0x38): undefined reference to `PL_op'
C:\toolchains\w64devkit\bin/ld.exe: IO.o:IO.c:(.text+0x53): undefined reference to `PL_curstackinfo'
C:\toolchains\w64devkit\bin/ld.exe: IO.o:IO.c:(.text+0x64): undefined reference to `PL_curstackinfo'
C:\toolchains\w64devkit\bin/ld.exe: IO.o:IO.c:(.text+0x7f): undefined reference to `PL_curstackinfo'
C:\toolchains\w64devkit\bin/ld.exe: IO.o:IO.c:(.text+0xbd): undefined reference to `_imp__Perl_mg_get'
C:\toolchains\w64devkit\bin/ld.exe: IO.o:IO.c:(.text+0x11c): undefined reference to `_imp__Perl_sv_free2'
C:\toolchains\w64devkit\bin/ld.exe: IO.o:IO.c:(.text+0x158): undefined reference to `_imp__Perl_sv_2iv_flags'
C:\toolchains\w64devkit\bin/ld.exe: IO.o:IO.c:(.text+0x193): undefined reference to `_imp__Perl_sv_2uv_flags'
C:\toolchains\w64devkit\bin/ld.exe: IO.o:IO.c:(.text+0x1d1): undefined reference to `_imp__Perl_sv_2nv_flags'
C:\toolchains\w64devkit\bin/ld.exe: IO.o:IO.c:(.text+0x325): undefined reference to `_imp__Perl_croak'
C:\toolchains\w64devkit\bin/ld.exe: IO.o:IO.c:(.text+0x33f): undefined reference to `_imp__win32_errno'
C:\toolchains\w64devkit\bin/ld.exe: IO.o:IO.c:(.text+0x359): undefined reference to `_imp__Perl_PerlIO_fileno'
C:\toolchains\w64devkit\bin/ld.exe: IO.o:IO.c:(.text+0x369): undefined reference to `_imp__win32_errno'
C:\toolchains\w64devkit\bin/ld.exe: IO.o:IO.c:(.text+0x3a5): undefined reference to `_imp__win32_ioctl'
C:\toolchains\w64devkit\bin/ld.exe: IO.o:IO.c:(.text+0x3cc): undefined reference to `PL_stack_sp'
C:\toolchains\w64devkit\bin/ld.exe: IO.o:IO.c:(.text+0x3dd): undefined reference to `PL_stack_base'
C:\toolchains\w64devkit\bin/ld.exe: IO.o:IO.c:(.text+0x414): undefined reference to `_imp__Perl_croak_xs_usage'
C:\toolchains\w64devkit\bin/ld.exe: IO.o:IO.c:(.text+0x41c): undefined reference to `PL_stack_base'
C:\toolchains\w64devkit\bin/ld.exe: IO.o:IO.c:(.text+0x42f): undefined reference to `_imp__Perl_sv_2io'
C:\toolchains\w64devkit\bin/ld.exe: IO.o:IO.c:(.text+0x443): undefined reference to `PL_stack_base'
C:\toolchains\w64devkit\bin/ld.exe: IO.o:IO.c:(.text+0x452): undefined reference to `_imp__Perl_sv_newmortal'
C:\toolchains\w64devkit\bin/ld.exe: IO.o:IO.c:(.text+0x45c): undefined reference to `PL_stack_base'
C:\toolchains\w64devkit\bin/ld.exe: IO.o:IO.c:(.text+0x476): undefined reference to `_imp__PerlIO_getpos'
C:\toolchains\w64devkit\bin/ld.exe: IO.o:IO.c:(.text+0x482): undefined reference to `PL_stack_base'
C:\toolchains\w64devkit\bin/ld.exe: IO.o:IO.c:(.text+0x491): undefined reference to `PL_sv_immortals'
C:\toolchains\w64devkit\bin/ld.exe: IO.o:IO.c:(.text+0x498): undefined reference to `_imp__win32_errno'
C:\toolchains\w64devkit\bin/ld.exe: IO.o:IO.c:(.text+0x4a6): undefined reference to `PL_stack_base'
C:\toolchains\w64devkit\bin/ld.exe: IO.o:IO.c:(.text+0x4b5): undefined reference to `PL_sv_immortals'
C:\toolchains\w64devkit\bin/ld.exe: IO.o:IO.c:(.text+0x4c2): undefined reference to `PL_stack_base'
C:\toolchains\w64devkit\bin/ld.exe: IO.o:IO.c:(.text+0x4d8): undefined reference to `PL_stack_sp'
C:\toolchains\w64devkit\bin/ld.exe: IO.o:IO.c:(.text+0x4e9): undefined reference to `PL_stack_sp'
C:\toolchains\w64devkit\bin/ld.exe: IO.o:IO.c:(.text+0x4fa): undefined reference to `PL_stack_base'
C:\toolchains\w64devkit\bin/ld.exe: IO.o:IO.c:(.text+0x531): undefined reference to `_imp__Perl_croak_xs_usage'
C:\toolchains\w64devkit\bin/ld.exe: IO.o:IO.c:(.text+0x539): undefined reference to `PL_stack_base'
C:\toolchains\w64devkit\bin/ld.exe: IO.o:IO.c:(.text+0x54c): undefined reference to `_imp__Perl_sv_2io'
C:\toolchains\w64devkit\bin/ld.exe: IO.o:IO.c:(.text+0x55a): undefined reference to `PL_stack_base'
C:\toolchains\w64devkit\bin/ld.exe: IO.o:IO.c:(.text+0x583): undefined reference to `_imp__PerlIO_setpos'
C:\toolchains\w64devkit\bin/ld.exe: IO.o:IO.c:(.text+0x596): undefined reference to `_imp__win32_errno'
C:\toolchains\w64devkit\bin/ld.exe: IO.o:IO.c:(.text+0x5a3): undefined reference to `_imp__Perl_sv_newmortal'
C:\toolchains\w64devkit\bin/ld.exe: IO.o:IO.c:(.text+0x5cf): undefined reference to `_imp__Perl_sv_setpvn'
C:\toolchains\w64devkit\bin/ld.exe: IO.o:IO.c:(.text+0x5e5): undefined reference to `_imp__Perl_sv_setiv'
C:\toolchains\w64devkit\bin/ld.exe: IO.o:IO.c:(.text+0x5ed): undefined reference to `PL_stack_base'
C:\toolchains\w64devkit\bin/ld.exe: IO.o:IO.c:(.text+0x608): undefined reference to `PL_stack_base'
C:\toolchains\w64devkit\bin/ld.exe: IO.o:IO.c:(.text+0x61e): undefined reference to `PL_stack_sp'
C:\toolchains\w64devkit\bin/ld.exe: IO.o:IO.c:(.text+0x62e): undefined reference to `PL_stack_sp'
C:\toolchains\w64devkit\bin/ld.exe: IO.o:IO.c:(.text+0x63f): undefined reference to `PL_stack_base'
C:\toolchains\w64devkit\bin/ld.exe: IO.o:IO.c:(.text+0x67c): undefined reference to `_imp__Perl_croak_xs_usage'
C:\toolchains\w64devkit\bin/ld.exe: IO.o:IO.c:(.text+0x693): undefined reference to `PL_stack_base'
C:\toolchains\w64devkit\bin/ld.exe: IO.o:IO.c:(.text+0x6b4): undefined reference to `_imp__Perl_sv_2pv_flags'
C:\toolchains\w64devkit\bin/ld.exe: IO.o:IO.c:(.text+0x6e0): undefined reference to `_imp__PerlIO_tmpfile'
C:\toolchains\w64devkit\bin/ld.exe: IO.o:IO.c:(.text+0x6f8): undefined reference to `_imp__Perl_newGVgen_flags'
C:\toolchains\w64devkit\bin/ld.exe: IO.o:IO.c:(.text+0x757): undefined reference to `_imp__Perl_hv_common_key_len'
C:\toolchains\w64devkit\bin/ld.exe: IO.o:IO.c:(.text+0x7b0): undefined reference to `_imp__Perl_do_openn'
C:\toolchains\w64devkit\bin/ld.exe: IO.o:IO.c:(.text+0x7c1): undefined reference to `_imp__Perl_newRV'
C:\toolchains\w64devkit\bin/ld.exe: IO.o:IO.c:(.text+0x7cb): undefined reference to `PL_stack_base'
C:\toolchains\w64devkit\bin/ld.exe: IO.o:IO.c:(.text+0x7dd): undefined reference to `_imp__Perl_sv_2mortal'
C:\toolchains\w64devkit\bin/ld.exe: IO.o:IO.c:(.text+0x7f4): undefined reference to `_imp__Perl_gv_stashpv'
C:\toolchains\w64devkit\bin/ld.exe: IO.o:IO.c:(.text+0x7fe): undefined reference to `PL_stack_base'
C:\toolchains\w64devkit\bin/ld.exe: IO.o:IO.c:(.text+0x815): undefined reference to `_imp__Perl_sv_bless'
C:\toolchains\w64devkit\bin/ld.exe: IO.o:IO.c:(.text+0x830): undefined reference to `PL_stack_base'
C:\toolchains\w64devkit\bin/ld.exe: IO.o:IO.c:(.text+0x83f): undefined reference to `PL_sv_immortals'
C:\toolchains\w64devkit\bin/ld.exe: IO.o:IO.c:(.text+0x85d): undefined reference to `PL_stack_base'
C:\toolchains\w64devkit\bin/ld.exe: IO.o:IO.c:(.text+0x873): undefined reference to `PL_stack_sp'
C:\toolchains\w64devkit\bin/ld.exe: IO.o:IO.c:(.text+0x885): undefined reference to `PL_stack_sp'
C:\toolchains\w64devkit\bin/ld.exe: IO.o:IO.c:(.text+0x896): undefined reference to `PL_stack_base'
C:\toolchains\w64devkit\bin/ld.exe: IO.o:IO.c:(.text+0x8cd): undefined reference to `_imp__Perl_croak_xs_usage'
C:\toolchains\w64devkit\bin/ld.exe: IO.o:IO.c:(.text+0x8e1): undefined reference to `PL_stack_base'
C:\toolchains\w64devkit\bin/ld.exe: IO.o:IO.c:(.text+0x91a): undefined reference to `_imp__Perl_newSV'
C:\toolchains\w64devkit\bin/ld.exe: IO.o:IO.c:(.text+0x924): undefined reference to `_imp__Perl_sv_2mortal'
C:\toolchains\w64devkit\bin/ld.exe: IO.o:IO.c:(.text+0x959): undefined reference to `PL_stack_base'
C:\toolchains\w64devkit\bin/ld.exe: IO.o:IO.c:(.text+0x98e): undefined reference to `PL_stack_base'
C:\toolchains\w64devkit\bin/ld.exe: IO.o:IO.c:(.text+0xa34): undefined reference to `PL_stack_base'
C:\toolchains\w64devkit\bin/ld.exe: IO.o:IO.c:(.text+0xa50): undefined reference to `_imp__Perl_sv_setiv'
C:\toolchains\w64devkit\bin/ld.exe: IO.o:IO.c:(.text+0xa73): undefined reference to `PL_stack_base'
C:\toolchains\w64devkit\bin/ld.exe: IO.o:IO.c:(.text+0xa8f): undefined reference to `_imp__Perl_sv_setiv'
C:\toolchains\w64devkit\bin/ld.exe: IO.o:IO.c:(.text+0xab0): undefined reference to `_imp__Perl_newSViv'
C:\toolchains\w64devkit\bin/ld.exe: IO.o:IO.c:(.text+0xaba): undefined reference to `PL_stack_base'
C:\toolchains\w64devkit\bin/ld.exe: IO.o:IO.c:(.text+0xacc): undefined reference to `_imp__Perl_sv_2mortal'
C:\toolchains\w64devkit\bin/ld.exe: IO.o:IO.c:(.text+0xadd): undefined reference to `PL_stack_base'
C:\toolchains\w64devkit\bin/ld.exe: IO.o:IO.c:(.text+0xaf3): undefined reference to `PL_stack_sp'
C:\toolchains\w64devkit\bin/ld.exe: IO.o:IO.c:(.text+0xb05): undefined reference to `PL_stack_sp'
C:\toolchains\w64devkit\bin/ld.exe: IO.o:IO.c:(.text+0xb16): undefined reference to `PL_stack_base'
C:\toolchains\w64devkit\bin/ld.exe: IO.o:IO.c:(.text+0xb53): undefined reference to `_imp__Perl_croak_xs_usage'
C:\toolchains\w64devkit\bin/ld.exe: IO.o:IO.c:(.text+0xb5b): undefined reference to `PL_stack_base'
C:\toolchains\w64devkit\bin/ld.exe: IO.o:IO.c:(.text+0xb6e): undefined reference to `_imp__Perl_sv_2io'
C:\toolchains\w64devkit\bin/ld.exe: IO.o:IO.c:(.text+0xb8b): undefined reference to `PL_stack_base'
C:\toolchains\w64devkit\bin/ld.exe: IO.o:IO.c:(.text+0xbde): undefined reference to `_imp__Perl_newSViv'
C:\toolchains\w64devkit\bin/ld.exe: IO.o:IO.c:(.text+0xbe8): undefined reference to `PL_stack_base'
C:\toolchains\w64devkit\bin/ld.exe: IO.o:IO.c:(.text+0xbfa): undefined reference to `_imp__Perl_sv_2mortal'
C:\toolchains\w64devkit\bin/ld.exe: IO.o:IO.c:(.text+0xc0b): undefined reference to `PL_stack_base'
C:\toolchains\w64devkit\bin/ld.exe: IO.o:IO.c:(.text+0xc21): undefined reference to `PL_stack_sp'
C:\toolchains\w64devkit\bin/ld.exe: IO.o:IO.c:(.text+0xc29): undefined reference to `PL_stack_base'
C:\toolchains\w64devkit\bin/ld.exe: IO.o:IO.c:(.text+0xc38): undefined reference to `PL_sv_immortals'
C:\toolchains\w64devkit\bin/ld.exe: IO.o:IO.c:(.text+0xc45): undefined reference to `PL_stack_base'
C:\toolchains\w64devkit\bin/ld.exe: IO.o:IO.c:(.text+0xc5b): undefined reference to `PL_stack_sp'
C:\toolchains\w64devkit\bin/ld.exe: IO.o:IO.c:(.text+0xc70): undefined reference to `PL_stack_sp'
C:\toolchains\w64devkit\bin/ld.exe: IO.o:IO.c:(.text+0xc83): undefined reference to `PL_stack_base'
C:\toolchains\w64devkit\bin/ld.exe: IO.o:IO.c:(.text+0xcc1): undefined reference to `_imp__Perl_croak_xs_usage'
C:\toolchains\w64devkit\bin/ld.exe: IO.o:IO.c:(.text+0xcc9): undefined reference to `PL_stack_base'
C:\toolchains\w64devkit\bin/ld.exe: IO.o:IO.c:(.text+0xcdd): undefined reference to `_imp__Perl_sv_2io'
C:\toolchains\w64devkit\bin/ld.exe: IO.o:IO.c:(.text+0xcec): undefined reference to `PL_stack_base'
C:\toolchains\w64devkit\bin/ld.exe: IO.o:IO.c:(.text+0xd04): undefined reference to `PL_op'
C:\toolchains\w64devkit\bin/ld.exe: IO.o:IO.c:(.text+0xd18): undefined reference to `PL_curpad'
C:\toolchains\w64devkit\bin/ld.exe: IO.o:IO.c:(.text+0xd1d): undefined reference to `PL_op'
C:\toolchains\w64devkit\bin/ld.exe: IO.o:IO.c:(.text+0xd33): undefined reference to `_imp__Perl_sv_newmortal'
C:\toolchains\w64devkit\bin/ld.exe: IO.o:IO.c:(.text+0xd97): undefined reference to `_imp__Perl_croak'
C:\toolchains\w64devkit\bin/ld.exe: IO.o:IO.c:(.text+0xdc6): undefined reference to `_imp__PerlIO_isutf8'
C:\toolchains\w64devkit\bin/ld.exe: IO.o:IO.c:(.text+0xde0): undefined reference to `_imp__PerlIO_ungetc'
C:\toolchains\w64devkit\bin/ld.exe: IO.o:IO.c:(.text+0xdf7): undefined reference to `_imp__PerlIO_isutf8'
C:\toolchains\w64devkit\bin/ld.exe: IO.o:IO.c:(.text+0xe09): undefined reference to `_imp__Perl_croak'
C:\toolchains\w64devkit\bin/ld.exe: IO.o:IO.c:(.text+0xe2f): undefined reference to `_imp__Perl_uvoffuni_to_utf8_flags_msgs'
C:\toolchains\w64devkit\bin/ld.exe: IO.o:IO.c:(.text+0xe5f): undefined reference to `_imp__Perl_PerlIO_unread'
C:\toolchains\w64devkit\bin/ld.exe: IO.o:IO.c:(.text+0xe77): undefined reference to `_imp__Perl_newSVuv'
C:\toolchains\w64devkit\bin/ld.exe: IO.o:IO.c:(.text+0xe81): undefined reference to `PL_stack_base'
C:\toolchains\w64devkit\bin/ld.exe: IO.o:IO.c:(.text+0xe94): undefined reference to `_imp__Perl_sv_2mortal'
C:\toolchains\w64devkit\bin/ld.exe: IO.o:IO.c:(.text+0xea6): undefined reference to `PL_stack_base'
C:\toolchains\w64devkit\bin/ld.exe: IO.o:IO.c:(.text+0xebe): undefined reference to `PL_stack_sp'
C:\toolchains\w64devkit\bin/ld.exe: IO.o:IO.c:(.text+0xeda): undefined reference to `_imp__win32_errno'
C:\toolchains\w64devkit\bin/ld.exe: IO.o:IO.c:(.text+0xee8): undefined reference to `PL_stack_base'
C:\toolchains\w64devkit\bin/ld.exe: IO.o:IO.c:(.text+0xf1f): undefined reference to `PL_tainted'
C:\toolchains\w64devkit\bin/ld.exe: IO.o:IO.c:(.text+0xf5f): undefined reference to `_imp__Perl_sv_setiv_mg'
C:\toolchains\w64devkit\bin/ld.exe: IO.o:IO.c:(.text+0xf7e): undefined reference to `PL_stack_base'
C:\toolchains\w64devkit\bin/ld.exe: IO.o:IO.c:(.text+0xf96): undefined reference to `PL_stack_sp'
C:\toolchains\w64devkit\bin/ld.exe: IO.o:IO.c:(.text+0xfa8): undefined reference to `PL_stack_sp'
C:\toolchains\w64devkit\bin/ld.exe: IO.o:IO.c:(.text+0xfb9): undefined reference to `PL_stack_base'
C:\toolchains\w64devkit\bin/ld.exe: IO.o:IO.c:(.text+0xff0): undefined reference to `_imp__Perl_croak_xs_usage'
C:\toolchains\w64devkit\bin/ld.exe: IO.o:IO.c:(.text+0xff8): undefined reference to `PL_stack_base'
C:\toolchains\w64devkit\bin/ld.exe: IO.o:IO.c:(.text+0x1011): undefined reference to `_imp__Perl_sv_2io'
C:\toolchains\w64devkit\bin/ld.exe: IO.o:IO.c:(.text+0x102f): undefined reference to `PL_op'
C:\toolchains\w64devkit\bin/ld.exe: IO.o:IO.c:(.text+0x1043): undefined reference to `PL_curpad'
C:\toolchains\w64devkit\bin/ld.exe: IO.o:IO.c:(.text+0x1048): undefined reference to `PL_op'
C:\toolchains\w64devkit\bin/ld.exe: IO.o:IO.c:(.text+0x105d): undefined reference to `_imp__Perl_sv_newmortal'
C:\toolchains\w64devkit\bin/ld.exe: IO.o:IO.c:(.text+0x1073): undefined reference to `_imp__Perl_PerlIO_error'
C:\toolchains\w64devkit\bin/ld.exe: IO.o:IO.c:(.text+0x1092): undefined reference to `_imp__Perl_PerlIO_error'
C:\toolchains\w64devkit\bin/ld.exe: IO.o:IO.c:(.text+0x10b5): undefined reference to `_imp__win32_errno'
C:\toolchains\w64devkit\bin/ld.exe: IO.o:IO.c:(.text+0x10c3): undefined reference to `PL_stack_base'
C:\toolchains\w64devkit\bin/ld.exe: IO.o:IO.c:(.text+0x10f5): undefined reference to `PL_tainted'
C:\toolchains\w64devkit\bin/ld.exe: IO.o:IO.c:(.text+0x112f): undefined reference to `_imp__Perl_sv_setiv_mg'
C:\toolchains\w64devkit\bin/ld.exe: IO.o:IO.c:(.text+0x114a): undefined reference to `PL_stack_base'
C:\toolchains\w64devkit\bin/ld.exe: IO.o:IO.c:(.text+0x1160): undefined reference to `PL_stack_sp'
C:\toolchains\w64devkit\bin/ld.exe: IO.o:IO.c:(.text+0x116f): undefined reference to `PL_stack_sp'
C:\toolchains\w64devkit\bin/ld.exe: IO.o:IO.c:(.text+0x1180): undefined reference to `PL_stack_base'
C:\toolchains\w64devkit\bin/ld.exe: IO.o:IO.c:(.text+0x11b7): undefined reference to `_imp__Perl_croak_xs_usage'
C:\toolchains\w64devkit\bin/ld.exe: IO.o:IO.c:(.text+0x11bf): undefined reference to `PL_stack_base'
C:\toolchains\w64devkit\bin/ld.exe: IO.o:IO.c:(.text+0x11d8): undefined reference to `_imp__Perl_sv_2io'
C:\toolchains\w64devkit\bin/ld.exe: IO.o:IO.c:(.text+0x11f6): undefined reference to `PL_op'
C:\toolchains\w64devkit\bin/ld.exe: IO.o:IO.c:(.text+0x120a): undefined reference to `PL_curpad'
C:\toolchains\w64devkit\bin/ld.exe: IO.o:IO.c:(.text+0x120f): undefined reference to `PL_op'
C:\toolchains\w64devkit\bin/ld.exe: IO.o:IO.c:(.text+0x1224): undefined reference to `_imp__Perl_sv_newmortal'
C:\toolchains\w64devkit\bin/ld.exe: IO.o:IO.c:(.text+0x123a): undefined reference to `_imp__Perl_PerlIO_clearerr'
C:\toolchains\w64devkit\bin/ld.exe: IO.o:IO.c:(.text+0x124f): undefined reference to `_imp__Perl_PerlIO_clearerr'
C:\toolchains\w64devkit\bin/ld.exe: IO.o:IO.c:(.text+0x1266): undefined reference to `_imp__win32_errno'
C:\toolchains\w64devkit\bin/ld.exe: IO.o:IO.c:(.text+0x1274): undefined reference to `PL_stack_base'
C:\toolchains\w64devkit\bin/ld.exe: IO.o:IO.c:(.text+0x12a6): undefined reference to `PL_tainted'
C:\toolchains\w64devkit\bin/ld.exe: IO.o:IO.c:(.text+0x12e0): undefined reference to `_imp__Perl_sv_setiv_mg'
C:\toolchains\w64devkit\bin/ld.exe: IO.o:IO.c:(.text+0x12fb): undefined reference to `PL_stack_base'
C:\toolchains\w64devkit\bin/ld.exe: IO.o:IO.c:(.text+0x1311): undefined reference to `PL_stack_sp'
C:\toolchains\w64devkit\bin/ld.exe: IO.o:IO.c:(.text+0x1320): undefined reference to `PL_stack_sp'
C:\toolchains\w64devkit\bin/ld.exe: IO.o:IO.c:(.text+0x1331): undefined reference to `PL_stack_base'
C:\toolchains\w64devkit\bin/ld.exe: IO.o:IO.c:(.text+0x1368): undefined reference to `_imp__Perl_croak_xs_usage'
C:\toolchains\w64devkit\bin/ld.exe: IO.o:IO.c:(.text+0x1370): undefined reference to `PL_stack_base'
C:\toolchains\w64devkit\bin/ld.exe: IO.o:IO.c:(.text+0x1383): undefined reference to `PL_op'
C:\toolchains\w64devkit\bin/ld.exe: IO.o:IO.c:(.text+0x1397): undefined reference to `PL_curpad'
C:\toolchains\w64devkit\bin/ld.exe: IO.o:IO.c:(.text+0x139c): undefined reference to `PL_op'
C:\toolchains\w64devkit\bin/ld.exe: IO.o:IO.c:(.text+0x13b1): undefined reference to `_imp__Perl_sv_newmortal'
C:\toolchains\w64devkit\bin/ld.exe: IO.o:IO.c:(.text+0x13c1): undefined reference to `_imp__Perl_sv_2io'
C:\toolchains\w64devkit\bin/ld.exe: IO.o:IO.c:(.text+0x13f5): undefined reference to `_imp__win32_errno'
C:\toolchains\w64devkit\bin/ld.exe: IO.o:IO.c:(.text+0x1403): undefined reference to `PL_stack_base'
C:\toolchains\w64devkit\bin/ld.exe: IO.o:IO.c:(.text+0x1435): undefined reference to `PL_tainted'
C:\toolchains\w64devkit\bin/ld.exe: IO.o:IO.c:(.text+0x146f): undefined reference to `_imp__Perl_sv_setiv_mg'
C:\toolchains\w64devkit\bin/ld.exe: IO.o:IO.c:(.text+0x148a): undefined reference to `PL_stack_base'
C:\toolchains\w64devkit\bin/ld.exe: IO.o:IO.c:(.text+0x14a0): undefined reference to `PL_stack_sp'
C:\toolchains\w64devkit\bin/ld.exe: IO.o:IO.c:(.text+0x14af): undefined reference to `PL_stack_sp'
C:\toolchains\w64devkit\bin/ld.exe: IO.o:IO.c:(.text+0x14c0): undefined reference to `PL_stack_base'
C:\toolchains\w64devkit\bin/ld.exe: IO.o:IO.c:(.text+0x14f7): undefined reference to `_imp__Perl_croak_xs_usage'
C:\toolchains\w64devkit\bin/ld.exe: IO.o:IO.c:(.text+0x14ff): undefined reference to `PL_stack_base'
C:\toolchains\w64devkit\bin/ld.exe: IO.o:IO.c:(.text+0x1512): undefined reference to `_imp__Perl_sv_2io'
C:\toolchains\w64devkit\bin/ld.exe: IO.o:IO.c:(.text+0x152d): undefined reference to `_imp__Perl_PerlIO_flush'
C:\toolchains\w64devkit\bin/ld.exe: IO.o:IO.c:(.text+0x1540): undefined reference to `_imp__win32_errno'
C:\toolchains\w64devkit\bin/ld.exe: IO.o:IO.c:(.text+0x154d): undefined reference to `_imp__Perl_sv_newmortal'
C:\toolchains\w64devkit\bin/ld.exe: IO.o:IO.c:(.text+0x1579): undefined reference to `_imp__Perl_sv_setpvn'
C:\toolchains\w64devkit\bin/ld.exe: IO.o:IO.c:(.text+0x158f): undefined reference to `_imp__Perl_sv_setiv'
C:\toolchains\w64devkit\bin/ld.exe: IO.o:IO.c:(.text+0x1597): undefined reference to `PL_stack_base'
C:\toolchains\w64devkit\bin/ld.exe: IO.o:IO.c:(.text+0x15b2): undefined reference to `PL_stack_base'
C:\toolchains\w64devkit\bin/ld.exe: IO.o:IO.c:(.text+0x15c8): undefined reference to `PL_stack_sp'
C:\toolchains\w64devkit\bin/ld.exe: IO.o:IO.c:(.text+0x15d7): undefined reference to `PL_stack_sp'
C:\toolchains\w64devkit\bin/ld.exe: IO.o:IO.c:(.text+0x15e8): undefined reference to `PL_stack_base'
C:\toolchains\w64devkit\bin/ld.exe: IO.o:IO.c:(.text+0x161f): undefined reference to `_imp__Perl_croak_xs_usage'
C:\toolchains\w64devkit\bin/ld.exe: IO.o:IO.c:(.text+0x1627): undefined reference to `PL_stack_base'
C:\toolchains\w64devkit\bin/ld.exe: IO.o:IO.c:(.text+0x163a): undefined reference to `_imp__Perl_sv_2io'
C:\toolchains\w64devkit\bin/ld.exe: IO.o:IO.c:(.text+0x1663): undefined reference to `PL_stack_base'
C:\toolchains\w64devkit\bin/ld.exe: IO.o:IO.c:(.text+0x1679): undefined reference to `PL_stack_sp'
C:\toolchains\w64devkit\bin/ld.exe: IO.o:IO.c:(.text+0x1688): undefined reference to `PL_stack_sp'
C:\toolchains\w64devkit\bin/ld.exe: IO.o:IO.c:(.text+0x1699): undefined reference to `PL_stack_base'
C:\toolchains\w64devkit\bin/ld.exe: IO.o:IO.c:(.text+0x16c9): undefined reference to `_imp__Perl_croak'
C:\toolchains\w64devkit\bin/ld.exe: IO.o:IO.c:(.text+0x16e2): undefined reference to `PL_stack_sp'
C:\toolchains\w64devkit\bin/ld.exe: IO.o:IO.c:(.text+0x16f3): undefined reference to `PL_stack_base'
C:\toolchains\w64devkit\bin/ld.exe: IO.o:IO.c:(.text+0x172a): undefined reference to `_imp__Perl_croak_xs_usage'
C:\toolchains\w64devkit\bin/ld.exe: IO.o:IO.c:(.text+0x1732): undefined reference to `PL_stack_base'
C:\toolchains\w64devkit\bin/ld.exe: IO.o:IO.c:(.text+0x1752): undefined reference to `_imp__Perl_sv_2io'
C:\toolchains\w64devkit\bin/ld.exe: IO.o:IO.c:(.text+0x176d): undefined reference to `_imp__Perl_sv_2io'
C:\toolchains\w64devkit\bin/ld.exe: IO.o:IO.c:(.text+0x1786): undefined reference to `_imp__Perl_PerlIO_fileno'
C:\toolchains\w64devkit\bin/ld.exe: IO.o:IO.c:(.text+0x17af): undefined reference to `_imp__win32_errno'
C:\toolchains\w64devkit\bin/ld.exe: IO.o:IO.c:(.text+0x17c5): undefined reference to `_imp__win32_errno'
C:\toolchains\w64devkit\bin/ld.exe: IO.o:IO.c:(.text+0x17d2): undefined reference to `_imp__Perl_sv_newmortal'
C:\toolchains\w64devkit\bin/ld.exe: IO.o:IO.c:(.text+0x17fe): undefined reference to `_imp__Perl_sv_setpvn'
C:\toolchains\w64devkit\bin/ld.exe: IO.o:IO.c:(.text+0x1814): undefined reference to `_imp__Perl_sv_setiv'
C:\toolchains\w64devkit\bin/ld.exe: IO.o:IO.c:(.text+0x181c): undefined reference to `PL_stack_base'
C:\toolchains\w64devkit\bin/ld.exe: IO.o:IO.c:(.text+0x1837): undefined reference to `PL_stack_base'
C:\toolchains\w64devkit\bin/ld.exe: IO.o:IO.c:(.text+0x184d): undefined reference to `PL_stack_sp'
C:\toolchains\w64devkit\bin/ld.exe: IO.o:IO.c:(.text+0x185c): undefined reference to `PL_stack_sp'
C:\toolchains\w64devkit\bin/ld.exe: IO.o:IO.c:(.text+0x186d): undefined reference to `PL_stack_base'
C:\toolchains\w64devkit\bin/ld.exe: IO.o:IO.c:(.text+0x18ad): undefined reference to `PL_op'
C:\toolchains\w64devkit\bin/ld.exe: IO.o:IO.c:(.text+0x18d8): undefined reference to `_imp__Perl_croak'
C:\toolchains\w64devkit\bin/ld.exe: IO.o:IO.c:(.text+0x18f5): undefined reference to `_imp__Perl_croak'
C:\toolchains\w64devkit\bin/ld.exe: IO.o:IO.c:(.text+0x194d): undefined reference to `PL_op'
C:\toolchains\w64devkit\bin/ld.exe: IO.o:IO.c:(.text+0x1953): undefined reference to `PL_stack_base'
C:\toolchains\w64devkit\bin/ld.exe: IO.o:IO.c:(.text+0x1970): undefined reference to `_imp__Perl_sv_newmortal'
C:\toolchains\w64devkit\bin/ld.exe: IO.o:IO.c:(.text+0x197c): undefined reference to `PL_stack_max'
C:\toolchains\w64devkit\bin/ld.exe: IO.o:IO.c:(.text+0x199d): undefined reference to `_imp__Perl_stack_grow'
C:\toolchains\w64devkit\bin/ld.exe: IO.o:IO.c:(.text+0x19b6): undefined reference to `PL_stack_sp'
C:\toolchains\w64devkit\bin/ld.exe: IO.o:IO.c:(.text+0x19bb): undefined reference to `PL_runops'
C:\toolchains\w64devkit\bin/ld.exe: IO.o:IO.c:(.text+0x19c5): undefined reference to `PL_op'
C:\toolchains\w64devkit\bin/ld.exe: IO.o:IO.c:(.text+0x19d5): undefined reference to `PL_stack_sp'
C:\toolchains\w64devkit\bin/ld.exe: IO.o:IO.c:(.text+0x19e6): undefined reference to `PL_stack_base'
C:\toolchains\w64devkit\bin/ld.exe: IO.o:IO.c:(.text+0x1a1d): undefined reference to `_imp__Perl_croak_xs_usage'
C:\toolchains\w64devkit\bin/ld.exe: IO.o:IO.c:(.text+0x1a25): undefined reference to `PL_stack_base'
C:\toolchains\w64devkit\bin/ld.exe: IO.o:IO.c:(.text+0x1a38): undefined reference to `_imp__Perl_sv_2io'
C:\toolchains\w64devkit\bin/ld.exe: IO.o:IO.c:(.text+0x1a4b): undefined reference to `_imp__Perl_PerlIO_fileno'
C:\toolchains\w64devkit\bin/ld.exe: IO.o:IO.c:(.text+0x1a5b): undefined reference to `_imp__win32_errno'
C:\toolchains\w64devkit\bin/ld.exe: IO.o:IO.c:(.text+0x1a8d): undefined reference to `_imp__win32_ioctl'
C:\toolchains\w64devkit\bin/ld.exe: IO.o:IO.c:(.text+0x1a99): undefined reference to `PL_stack_base'
C:\toolchains\w64devkit\bin/ld.exe: IO.o:IO.c:(.text+0x1aa8): undefined reference to `PL_sv_immortals'
C:\toolchains\w64devkit\bin/ld.exe: IO.o:IO.c:(.text+0x1ab5): undefined reference to `PL_stack_base'
C:\toolchains\w64devkit\bin/ld.exe: IO.o:IO.c:(.text+0x1acb): undefined reference to `PL_stack_sp'
C:\toolchains\w64devkit\bin/ld.exe: IO.o:IO.c:(.text+0x1adb): undefined reference to `_imp__Perl_sv_newmortal'
C:\toolchains\w64devkit\bin/ld.exe: IO.o:IO.c:(.text+0x1b07): undefined reference to `_imp__Perl_sv_setpvn'
C:\toolchains\w64devkit\bin/ld.exe: IO.o:IO.c:(.text+0x1b1d): undefined reference to `_imp__Perl_sv_setiv'
C:\toolchains\w64devkit\bin/ld.exe: IO.o:IO.c:(.text+0x1b25): undefined reference to `PL_stack_base'
C:\toolchains\w64devkit\bin/ld.exe: IO.o:IO.c:(.text+0x1b40): undefined reference to `PL_stack_base'
C:\toolchains\w64devkit\bin/ld.exe: IO.o:IO.c:(.text+0x1b56): undefined reference to `PL_stack_sp'
C:\toolchains\w64devkit\bin/ld.exe: IO.o:IO.c:(.text+0x1b83): undefined reference to `_imp__Perl_xs_handshake'
C:\toolchains\w64devkit\bin/ld.exe: IO.o:IO.c:(.text+0x1b8e): undefined reference to `PL_stack_base'
C:\toolchains\w64devkit\bin/ld.exe: IO.o:IO.c:(.text+0x1ba4): undefined reference to `PL_stack_sp'
C:\toolchains\w64devkit\bin/ld.exe: IO.o:IO.c:(.text+0x1bce): undefined reference to `_imp__Perl_newXS_deffile'
C:\toolchains\w64devkit\bin/ld.exe: IO.o:IO.c:(.text+0x1be4): undefined reference to `_imp__Perl_newXS_deffile'
C:\toolchains\w64devkit\bin/ld.exe: IO.o:IO.c:(.text+0x1bfa): undefined reference to `_imp__Perl_newXS_deffile'
C:\toolchains\w64devkit\bin/ld.exe: IO.o:IO.c:(.text+0x1c10): undefined reference to `_imp__Perl_newXS_deffile'
C:\toolchains\w64devkit\bin/ld.exe: IO.o:IO.c:(.text+0x1c3d): undefined reference to `_imp__Perl_newXS_flags'
C:\toolchains\w64devkit\bin/ld.exe: IO.o:IO.c:(.text+0x1c53): undefined reference to `_imp__Perl_newXS_deffile'
C:\toolchains\w64devkit\bin/ld.exe: IO.o:IO.c:(.text+0x1c69): undefined reference to `_imp__Perl_newXS_deffile'
C:\toolchains\w64devkit\bin/ld.exe: IO.o:IO.c:(.text+0x1c7f): undefined reference to `_imp__Perl_newXS_deffile'
C:\toolchains\w64devkit\bin/ld.exe: IO.o:IO.c:(.text+0x1c95): undefined reference to `_imp__Perl_newXS_deffile'
C:\toolchains\w64devkit\bin/ld.exe: IO.o:IO.c:(.text+0x1cab): undefined reference to `_imp__Perl_newXS_deffile'
C:\toolchains\w64devkit\bin/ld.exe: IO.o:IO.c:(.text+0x1cc1): more undefined references to `_imp__Perl_newXS_deffile' follow
C:\toolchains\w64devkit\bin/ld.exe: IO.o:IO.c:(.text+0x1d9b): undefined reference to `_imp__Perl_newXS_flags'
C:\toolchains\w64devkit\bin/ld.exe: IO.o:IO.c:(.text+0x1db9): undefined reference to `_imp__Perl_gv_stashpvn'
C:\toolchains\w64devkit\bin/ld.exe: IO.o:IO.c:(.text+0x1dca): undefined reference to `_imp__Perl_newSViv'
C:\toolchains\w64devkit\bin/ld.exe: IO.o:IO.c:(.text+0x1de3): undefined reference to `_imp__Perl_newCONSTSUB'
C:\toolchains\w64devkit\bin/ld.exe: IO.o:IO.c:(.text+0x1df1): undefined reference to `_imp__Perl_newSViv'
C:\toolchains\w64devkit\bin/ld.exe: IO.o:IO.c:(.text+0x1e0a): undefined reference to `_imp__Perl_newCONSTSUB'
C:\toolchains\w64devkit\bin/ld.exe: IO.o:IO.c:(.text+0x1e18): undefined reference to `_imp__Perl_newSViv'
C:\toolchains\w64devkit\bin/ld.exe: IO.o:IO.c:(.text+0x1e31): undefined reference to `_imp__Perl_newCONSTSUB'
C:\toolchains\w64devkit\bin/ld.exe: IO.o:IO.c:(.text+0x1e3f): undefined reference to `_imp__Perl_newSViv'
C:\toolchains\w64devkit\bin/ld.exe: IO.o:IO.c:(.text+0x1e58): undefined reference to `_imp__Perl_newCONSTSUB'
C:\toolchains\w64devkit\bin/ld.exe: IO.o:IO.c:(.text+0x1e66): undefined reference to `_imp__Perl_newSViv'
C:\toolchains\w64devkit\bin/ld.exe: IO.o:IO.c:(.text+0x1e7f): undefined reference to `_imp__Perl_newCONSTSUB'
C:\toolchains\w64devkit\bin/ld.exe: IO.o:IO.c:(.text+0x1e8d): undefined reference to `_imp__Perl_newSViv'
C:\toolchains\w64devkit\bin/ld.exe: IO.o:IO.c:(.text+0x1ea6): undefined reference to `_imp__Perl_newCONSTSUB'
C:\toolchains\w64devkit\bin/ld.exe: IO.o:IO.c:(.text+0x1eb4): undefined reference to `_imp__Perl_newSViv'
C:\toolchains\w64devkit\bin/ld.exe: IO.o:IO.c:(.text+0x1ecd): undefined reference to `_imp__Perl_newCONSTSUB'
C:\toolchains\w64devkit\bin/ld.exe: IO.o:IO.c:(.text+0x1edb): undefined reference to `_imp__Perl_newSViv'
C:\toolchains\w64devkit\bin/ld.exe: IO.o:IO.c:(.text+0x1ef4): undefined reference to `_imp__Perl_newCONSTSUB'
C:\toolchains\w64devkit\bin/ld.exe: IO.o:IO.c:(.text+0x1f02): undefined reference to `_imp__Perl_newSViv'
C:\toolchains\w64devkit\bin/ld.exe: IO.o:IO.c:(.text+0x1f1b): undefined reference to `_imp__Perl_newCONSTSUB'
C:\toolchains\w64devkit\bin/ld.exe: IO.o:IO.c:(.text+0x1f29): undefined reference to `_imp__Perl_newSViv'
C:\toolchains\w64devkit\bin/ld.exe: IO.o:IO.c:(.text+0x1f42): undefined reference to `_imp__Perl_newCONSTSUB'
C:\toolchains\w64devkit\bin/ld.exe: IO.o:IO.c:(.text+0x1f50): undefined reference to `_imp__Perl_newSViv'
C:\toolchains\w64devkit\bin/ld.exe: IO.o:IO.c:(.text+0x1f69): undefined reference to `_imp__Perl_newCONSTSUB'
C:\toolchains\w64devkit\bin/ld.exe: IO.o:IO.c:(.text+0x1f87): undefined reference to `_imp__Perl_gv_stashpvn'
C:\toolchains\w64devkit\bin/ld.exe: IO.o:IO.c:(.text+0x1f98): undefined reference to `_imp__Perl_newSViv'
C:\toolchains\w64devkit\bin/ld.exe: IO.o:IO.c:(.text+0x1fb1): undefined reference to `_imp__Perl_newCONSTSUB'
C:\toolchains\w64devkit\bin/ld.exe: IO.o:IO.c:(.text+0x1fbf): undefined reference to `_imp__Perl_newSViv'
C:\toolchains\w64devkit\bin/ld.exe: IO.o:IO.c:(.text+0x1fd8): undefined reference to `_imp__Perl_newCONSTSUB'
C:\toolchains\w64devkit\bin/ld.exe: IO.o:IO.c:(.text+0x1fe6): undefined reference to `_imp__Perl_newSViv'
C:\toolchains\w64devkit\bin/ld.exe: IO.o:IO.c:(.text+0x1fff): undefined reference to `_imp__Perl_newCONSTSUB'
C:\toolchains\w64devkit\bin/ld.exe: IO.o:IO.c:(.text+0x200d): undefined reference to `_imp__Perl_newSViv'
C:\toolchains\w64devkit\bin/ld.exe: IO.o:IO.c:(.text+0x2026): undefined reference to `_imp__Perl_newCONSTSUB'
C:\toolchains\w64devkit\bin/ld.exe: IO.o:IO.c:(.text+0x2034): undefined reference to `_imp__Perl_newSViv'
C:\toolchains\w64devkit\bin/ld.exe: IO.o:IO.c:(.text+0x204d): undefined reference to `_imp__Perl_newCONSTSUB'
C:\toolchains\w64devkit\bin/ld.exe: IO.o:IO.c:(.text+0x205b): undefined reference to `_imp__Perl_newSViv'
C:\toolchains\w64devkit\bin/ld.exe: IO.o:IO.c:(.text+0x2074): undefined reference to `_imp__Perl_newCONSTSUB'
C:\toolchains\w64devkit\bin/ld.exe: IO.o:IO.c:(.text+0x2081): undefined reference to `_imp__Perl_xs_boot_epilog'
C:\toolchains\w64devkit\bin/ld.exe: POSIX.o:POSIX.c:(.text+0x35): undefined reference to `_imp__Perl_croak'
C:\toolchains\w64devkit\bin/ld.exe: POSIX.o:POSIX.c:(.text+0x5f): undefined reference to `_imp__Perl_cvgv_from_hek'
C:\toolchains\w64devkit\bin/ld.exe: POSIX.o:POSIX.c:(.text+0x7d): undefined reference to `PL_markstack_ptr'
C:\toolchains\w64devkit\bin/ld.exe: POSIX.o:POSIX.c:(.text+0x86): undefined reference to `PL_markstack_ptr'
C:\toolchains\w64devkit\bin/ld.exe: POSIX.o:POSIX.c:(.text+0x95): undefined reference to `PL_op'
C:\toolchains\w64devkit\bin/ld.exe: POSIX.o:POSIX.c:(.text+0xb0): undefined reference to `PL_curstackinfo'
C:\toolchains\w64devkit\bin/ld.exe: POSIX.o:POSIX.c:(.text+0xc1): undefined reference to `PL_curstackinfo'
C:\toolchains\w64devkit\bin/ld.exe: POSIX.o:POSIX.c:(.text+0xdc): undefined reference to `PL_curstackinfo'
C:\toolchains\w64devkit\bin/ld.exe: POSIX.o:POSIX.c:(.text+0x10c): undefined reference to `PL_body_roots'
C:\toolchains\w64devkit\bin/ld.exe: POSIX.o:POSIX.c:(.text+0x14d): undefined reference to `_imp__Perl_more_bodies'
C:\toolchains\w64devkit\bin/ld.exe: POSIX.o:POSIX.c:(.text+0x16e): undefined reference to `PL_sv_root'
C:\toolchains\w64devkit\bin/ld.exe: POSIX.o:POSIX.c:(.text+0x177): undefined reference to `PL_sv_root'
C:\toolchains\w64devkit\bin/ld.exe: POSIX.o:POSIX.c:(.text+0x18e): undefined reference to `PL_sv_root'
C:\toolchains\w64devkit\bin/ld.exe: POSIX.o:POSIX.c:(.text+0x193): undefined reference to `PL_sv_count'
C:\toolchains\w64devkit\bin/ld.exe: POSIX.o:POSIX.c:(.text+0x19b): undefined reference to `PL_sv_count'
C:\toolchains\w64devkit\bin/ld.exe: POSIX.o:POSIX.c:(.text+0x411): undefined reference to `_imp__Perl_sv_backoff'
C:\toolchains\w64devkit\bin/ld.exe: POSIX.o:POSIX.c:(.text+0x4ea): undefined reference to `_imp__Perl_safesyscalloc'
C:\toolchains\w64devkit\bin/ld.exe: POSIX.o:POSIX.c:(.text+0x538): undefined reference to `_imp__Perl_gv_fetchpvn_flags'
C:\toolchains\w64devkit\bin/ld.exe: POSIX.o:POSIX.c:(.text+0x558): undefined reference to `PL_stashcache'
C:\toolchains\w64devkit\bin/ld.exe: POSIX.o:POSIX.c:(.text+0x560): undefined reference to `_imp__Perl_hv_clear'
C:\toolchains\w64devkit\bin/ld.exe: POSIX.o:POSIX.c:(.text+0x5b9): undefined reference to `_imp__Perl_croak'
C:\toolchains\w64devkit\bin/ld.exe: POSIX.o:POSIX.c:(.text+0x5e4): undefined reference to `_imp__Perl_mg_get'
C:\toolchains\w64devkit\bin/ld.exe: POSIX.o:POSIX.c:(.text+0x643): undefined reference to `_imp__Perl_sv_free2'
C:\toolchains\w64devkit\bin/ld.exe: POSIX.o:POSIX.c:(.text+0x67f): undefined reference to `_imp__Perl_sv_2iv_flags'
C:\toolchains\w64devkit\bin/ld.exe: POSIX.o:POSIX.c:(.text+0x6ba): undefined reference to `_imp__Perl_sv_2uv_flags'
C:\toolchains\w64devkit\bin/ld.exe: POSIX.o:POSIX.c:(.text+0x6f8): undefined reference to `_imp__Perl_sv_2nv_flags'
C:\toolchains\w64devkit\bin/ld.exe: POSIX.o:POSIX.c:(.text+0xbf1): undefined reference to `_imp__Perl_warn'
C:\toolchains\w64devkit\bin/ld.exe: POSIX.o:POSIX.c:(.text+0xd52): undefined reference to `_imp__Perl_croak'
C:\toolchains\w64devkit\bin/ld.exe: POSIX.o:POSIX.c:(.text+0xd8b): undefined reference to `_imp__Perl_hv_common_key_len'
C:\toolchains\w64devkit\bin/ld.exe: POSIX.o:POSIX.c:(.text+0xda9): undefined reference to `_imp__Perl_croak'
C:\toolchains\w64devkit\bin/ld.exe: POSIX.o:POSIX.c:(.text+0xdea): undefined reference to `_imp__Perl_newCONSTSUB'
C:\toolchains\w64devkit\bin/ld.exe: POSIX.o:POSIX.c:(.text+0xe0e): undefined reference to `_imp__Perl_sv_upgrade'
C:\toolchains\w64devkit\bin/ld.exe: POSIX.o:POSIX.c:(.text+0xe69): undefined reference to `_imp__Perl_get_hv'
C:\toolchains\w64devkit\bin/ld.exe: POSIX.o:POSIX.c:(.text+0xea1): undefined reference to `_imp__Perl_hv_common_key_len'
C:\toolchains\w64devkit\bin/ld.exe: POSIX.o:POSIX.c:(.text+0xf0a): undefined reference to `_imp__Perl_sv_upgrade'
C:\toolchains\w64devkit\bin/ld.exe: POSIX.o:POSIX.c:(.text+0xf58): undefined reference to `_imp__Perl_sv_2pv_flags'
C:\toolchains\w64devkit\bin/ld.exe: POSIX.o:POSIX.c:(.text+0xfab): undefined reference to `_imp__Perl_newSVrv'
C:\toolchains\w64devkit\bin/ld.exe: POSIX.o:POSIX.c:(.text+0xfc5): undefined reference to `_imp__Perl_sv_grow'
C:\toolchains\w64devkit\bin/ld.exe: POSIX.o:POSIX.c:(.text+0xfff): undefined reference to `_imp__win32_getenv'
C:\toolchains\w64devkit\bin/ld.exe: POSIX.o:POSIX.c:(.text+0x10d4): undefined reference to `PL_stack_sp'
C:\toolchains\w64devkit\bin/ld.exe: POSIX.o:POSIX.c:(.text+0x10e5): undefined reference to `PL_stack_base'
C:\toolchains\w64devkit\bin/ld.exe: POSIX.o:POSIX.c:(.text+0x1118): undefined reference to `PL_stack_base'
C:\toolchains\w64devkit\bin/ld.exe: POSIX.o:POSIX.c:(.text+0x1139): undefined reference to `_imp__Perl_sv_2pv_flags'
C:\toolchains\w64devkit\bin/ld.exe: POSIX.o:POSIX.c:(.text+0x1166): undefined reference to `PL_stack_base'
C:\toolchains\w64devkit\bin/ld.exe: POSIX.o:POSIX.c:(.text+0x1175): undefined reference to `_imp__Perl_sv_newmortal'
C:\toolchains\w64devkit\bin/ld.exe: POSIX.o:POSIX.c:(.text+0x11b0): undefined reference to `PL_stack_base'
C:\toolchains\w64devkit\bin/ld.exe: POSIX.o:POSIX.c:(.text+0x11ee): undefined reference to `_imp__Perl_croak'
C:\toolchains\w64devkit\bin/ld.exe: POSIX.o:POSIX.c:(.text+0x1209): undefined reference to `PL_stack_base'
C:\toolchains\w64devkit\bin/ld.exe: POSIX.o:POSIX.c:(.text+0x121f): undefined reference to `PL_stack_sp'
C:\toolchains\w64devkit\bin/ld.exe: POSIX.o:POSIX.c:(.text+0x1230): undefined reference to `PL_stack_sp'
C:\toolchains\w64devkit\bin/ld.exe: POSIX.o:POSIX.c:(.text+0x1241): undefined reference to `PL_stack_base'
C:\toolchains\w64devkit\bin/ld.exe: POSIX.o:POSIX.c:(.text+0x1289): undefined reference to `_imp__Perl_croak_xs_usage'
C:\toolchains\w64devkit\bin/ld.exe: POSIX.o:POSIX.c:(.text+0x1291): undefined reference to `PL_stack_base'
C:\toolchains\w64devkit\bin/ld.exe: POSIX.o:POSIX.c:(.text+0x12c5): undefined reference to `_imp__Perl_sv_derived_from'
C:\toolchains\w64devkit\bin/ld.exe: POSIX.o:POSIX.c:(.text+0x12e7): undefined reference to `_imp__Perl_sv_2pv_flags'
C:\toolchains\w64devkit\bin/ld.exe: POSIX.o:POSIX.c:(.text+0x1315): undefined reference to `PL_stack_base'
C:\toolchains\w64devkit\bin/ld.exe: POSIX.o:POSIX.c:(.text+0x1369): undefined reference to `_imp__Perl_croak'
C:\toolchains\w64devkit\bin/ld.exe: POSIX.o:POSIX.c:(.text+0x1395): undefined reference to `_imp__Perl_croak'
C:\toolchains\w64devkit\bin/ld.exe: POSIX.o:POSIX.c:(.text+0x13c2): undefined reference to `_imp__Perl_sv_newmortal'
C:\toolchains\w64devkit\bin/ld.exe: POSIX.o:POSIX.c:(.text+0x13ee): undefined reference to `_imp__Perl_sv_setpvn'
C:\toolchains\w64devkit\bin/ld.exe: POSIX.o:POSIX.c:(.text+0x1404): undefined reference to `_imp__Perl_sv_setiv'
C:\toolchains\w64devkit\bin/ld.exe: POSIX.o:POSIX.c:(.text+0x140c): undefined reference to `PL_stack_base'
C:\toolchains\w64devkit\bin/ld.exe: POSIX.o:POSIX.c:(.text+0x1427): undefined reference to `PL_stack_base'
C:\toolchains\w64devkit\bin/ld.exe: POSIX.o:POSIX.c:(.text+0x143d): undefined reference to `PL_stack_sp'
C:\toolchains\w64devkit\bin/ld.exe: POSIX.o:POSIX.c:(.text+0x144c): undefined reference to `PL_stack_sp'
C:\toolchains\w64devkit\bin/ld.exe: POSIX.o:POSIX.c:(.text+0x145d): undefined reference to `PL_stack_base'
C:\toolchains\w64devkit\bin/ld.exe: POSIX.o:POSIX.c:(.text+0x14a5): undefined reference to `_imp__Perl_croak_xs_usage'
C:\toolchains\w64devkit\bin/ld.exe: POSIX.o:POSIX.c:(.text+0x14ad): undefined reference to `PL_stack_base'
C:\toolchains\w64devkit\bin/ld.exe: POSIX.o:POSIX.c:(.text+0x14dd): undefined reference to `_imp__Perl_sv_derived_from'
C:\toolchains\w64devkit\bin/ld.exe: POSIX.o:POSIX.c:(.text+0x14ff): undefined reference to `_imp__Perl_sv_2pv_flags'
C:\toolchains\w64devkit\bin/ld.exe: POSIX.o:POSIX.c:(.text+0x1562): undefined reference to `_imp__Perl_croak'
C:\toolchains\w64devkit\bin/ld.exe: POSIX.o:POSIX.c:(.text+0x1589): undefined reference to `_imp__Perl_sv_newmortal'
C:\toolchains\w64devkit\bin/ld.exe: POSIX.o:POSIX.c:(.text+0x15b5): undefined reference to `_imp__Perl_sv_setpvn'
C:\toolchains\w64devkit\bin/ld.exe: POSIX.o:POSIX.c:(.text+0x15cb): undefined reference to `_imp__Perl_sv_setiv'
C:\toolchains\w64devkit\bin/ld.exe: POSIX.o:POSIX.c:(.text+0x15d3): undefined reference to `PL_stack_base'
C:\toolchains\w64devkit\bin/ld.exe: POSIX.o:POSIX.c:(.text+0x15ee): undefined reference to `PL_stack_base'
C:\toolchains\w64devkit\bin/ld.exe: POSIX.o:POSIX.c:(.text+0x1604): undefined reference to `PL_stack_sp'
C:\toolchains\w64devkit\bin/ld.exe: POSIX.o:POSIX.c:(.text+0x1613): undefined reference to `PL_stack_sp'
C:\toolchains\w64devkit\bin/ld.exe: POSIX.o:POSIX.c:(.text+0x1624): undefined reference to `PL_stack_base'
C:\toolchains\w64devkit\bin/ld.exe: POSIX.o:POSIX.c:(.text+0x165b): undefined reference to `_imp__Perl_croak_xs_usage'
C:\toolchains\w64devkit\bin/ld.exe: POSIX.o:POSIX.c:(.text+0x1662): undefined reference to `PL_op'
C:\toolchains\w64devkit\bin/ld.exe: POSIX.o:POSIX.c:(.text+0x1676): undefined reference to `PL_curpad'
C:\toolchains\w64devkit\bin/ld.exe: POSIX.o:POSIX.c:(.text+0x167b): undefined reference to `PL_op'
C:\toolchains\w64devkit\bin/ld.exe: POSIX.o:POSIX.c:(.text+0x1690): undefined reference to `_imp__Perl_sv_newmortal'
C:\toolchains\w64devkit\bin/ld.exe: POSIX.o:POSIX.c:(.text+0x169b): undefined reference to `PL_stack_base'
C:\toolchains\w64devkit\bin/ld.exe: POSIX.o:POSIX.c:(.text+0x16cf): undefined reference to `_imp__Perl_sv_derived_from'
C:\toolchains\w64devkit\bin/ld.exe: POSIX.o:POSIX.c:(.text+0x16f1): undefined reference to `_imp__Perl_sv_2pv_flags'
C:\toolchains\w64devkit\bin/ld.exe: POSIX.o:POSIX.c:(.text+0x171f): undefined reference to `PL_stack_base'
C:\toolchains\w64devkit\bin/ld.exe: POSIX.o:POSIX.c:(.text+0x1764): undefined reference to `_imp__Perl_croak'
C:\toolchains\w64devkit\bin/ld.exe: POSIX.o:POSIX.c:(.text+0x1781): undefined reference to `_imp__Perl_croak'
C:\toolchains\w64devkit\bin/ld.exe: POSIX.o:POSIX.c:(.text+0x1798): undefined reference to `PL_stack_base'
C:\toolchains\w64devkit\bin/ld.exe: POSIX.o:POSIX.c:(.text+0x17ca): undefined reference to `PL_tainted'
C:\toolchains\w64devkit\bin/ld.exe: POSIX.o:POSIX.c:(.text+0x1804): undefined reference to `_imp__Perl_sv_setiv_mg'
C:\toolchains\w64devkit\bin/ld.exe: POSIX.o:POSIX.c:(.text+0x181f): undefined reference to `PL_stack_base'
C:\toolchains\w64devkit\bin/ld.exe: POSIX.o:POSIX.c:(.text+0x1835): undefined reference to `PL_stack_sp'
C:\toolchains\w64devkit\bin/ld.exe: POSIX.o:POSIX.c:(.text+0x1844): undefined reference to `PL_stack_sp'
C:\toolchains\w64devkit\bin/ld.exe: POSIX.o:POSIX.c:(.text+0x1855): undefined reference to `PL_stack_base'
C:\toolchains\w64devkit\bin/ld.exe: POSIX.o:POSIX.c:(.text+0x1888): undefined reference to `PL_stack_base'
C:\toolchains\w64devkit\bin/ld.exe: POSIX.o:POSIX.c:(.text+0x18a9): undefined reference to `_imp__Perl_sv_2pv_flags'
C:\toolchains\w64devkit\bin/ld.exe: POSIX.o:POSIX.c:(.text+0x18e9): undefined reference to `PL_stack_base'
C:\toolchains\w64devkit\bin/ld.exe: POSIX.o:POSIX.c:(.text+0x18ff): undefined reference to `PL_stack_sp'
C:\toolchains\w64devkit\bin/ld.exe: POSIX.o:POSIX.c:(.text+0x190f): undefined reference to `PL_stack_sp'
C:\toolchains\w64devkit\bin/ld.exe: POSIX.o:POSIX.c:(.text+0x1920): undefined reference to `PL_stack_base'
C:\toolchains\w64devkit\bin/ld.exe: POSIX.o:POSIX.c:(.text+0x195d): undefined reference to `_imp__Perl_croak_xs_usage'
C:\toolchains\w64devkit\bin/ld.exe: POSIX.o:POSIX.c:(.text+0x1965): undefined reference to `PL_stack_base'
C:\toolchains\w64devkit\bin/ld.exe: POSIX.o:POSIX.c:(.text+0x1995): undefined reference to `_imp__Perl_sv_derived_from'
C:\toolchains\w64devkit\bin/ld.exe: POSIX.o:POSIX.c:(.text+0x19b7): undefined reference to `_imp__Perl_sv_2pv_flags'
C:\toolchains\w64devkit\bin/ld.exe: POSIX.o:POSIX.c:(.text+0x1a0b): undefined reference to `_imp__Perl_croak'
C:\toolchains\w64devkit\bin/ld.exe: POSIX.o:POSIX.c:(.text+0x1a1f): undefined reference to `PL_stack_base'
C:\toolchains\w64devkit\bin/ld.exe: POSIX.o:POSIX.c:(.text+0x1a43): undefined reference to `_imp__win32_errno'
C:\toolchains\w64devkit\bin/ld.exe: POSIX.o:POSIX.c:(.text+0x1a57): undefined reference to `_imp__Perl_newSViv'
C:\toolchains\w64devkit\bin/ld.exe: POSIX.o:POSIX.c:(.text+0x1a61): undefined reference to `PL_stack_base'
C:\toolchains\w64devkit\bin/ld.exe: POSIX.o:POSIX.c:(.text+0x1a73): undefined reference to `_imp__Perl_sv_2mortal'
C:\toolchains\w64devkit\bin/ld.exe: POSIX.o:POSIX.c:(.text+0x1a84): undefined reference to `PL_stack_base'
C:\toolchains\w64devkit\bin/ld.exe: POSIX.o:POSIX.c:(.text+0x1a9a): undefined reference to `PL_stack_sp'
C:\toolchains\w64devkit\bin/ld.exe: POSIX.o:POSIX.c:(.text+0x1ab3): undefined reference to `_imp__Perl_sv_newmortal'
C:\toolchains\w64devkit\bin/ld.exe: POSIX.o:POSIX.c:(.text+0x1adf): undefined reference to `_imp__Perl_sv_setpvn'
C:\toolchains\w64devkit\bin/ld.exe: POSIX.o:POSIX.c:(.text+0x1af5): undefined reference to `_imp__Perl_sv_setiv'
C:\toolchains\w64devkit\bin/ld.exe: POSIX.o:POSIX.c:(.text+0x1afd): undefined reference to `PL_stack_base'
C:\toolchains\w64devkit\bin/ld.exe: POSIX.o:POSIX.c:(.text+0x1b18): undefined reference to `PL_stack_base'
C:\toolchains\w64devkit\bin/ld.exe: POSIX.o:POSIX.c:(.text+0x1b2e): undefined reference to `PL_stack_sp'
C:\toolchains\w64devkit\bin/ld.exe: POSIX.o:POSIX.c:(.text+0x1b40): undefined reference to `PL_stack_sp'
C:\toolchains\w64devkit\bin/ld.exe: POSIX.o:POSIX.c:(.text+0x1b51): undefined reference to `PL_stack_base'
C:\toolchains\w64devkit\bin/ld.exe: POSIX.o:POSIX.c:(.text+0x1b8e): undefined reference to `_imp__Perl_croak_xs_usage'
C:\toolchains\w64devkit\bin/ld.exe: POSIX.o:POSIX.c:(.text+0x1b96): undefined reference to `PL_stack_base'
C:\toolchains\w64devkit\bin/ld.exe: POSIX.o:POSIX.c:(.text+0x1bc6): undefined reference to `_imp__Perl_sv_derived_from'
C:\toolchains\w64devkit\bin/ld.exe: POSIX.o:POSIX.c:(.text+0x1be8): undefined reference to `_imp__Perl_sv_2pv_flags'
C:\toolchains\w64devkit\bin/ld.exe: POSIX.o:POSIX.c:(.text+0x1c3c): undefined reference to `_imp__Perl_croak'
C:\toolchains\w64devkit\bin/ld.exe: POSIX.o:POSIX.c:(.text+0x1c50): undefined reference to `PL_stack_base'
C:\toolchains\w64devkit\bin/ld.exe: POSIX.o:POSIX.c:(.text+0x1c74): undefined reference to `_imp__win32_errno'
C:\toolchains\w64devkit\bin/ld.exe: POSIX.o:POSIX.c:(.text+0x1c88): undefined reference to `_imp__Perl_newSViv'
C:\toolchains\w64devkit\bin/ld.exe: POSIX.o:POSIX.c:(.text+0x1c92): undefined reference to `PL_stack_base'
C:\toolchains\w64devkit\bin/ld.exe: POSIX.o:POSIX.c:(.text+0x1ca4): undefined reference to `_imp__Perl_sv_2mortal'
C:\toolchains\w64devkit\bin/ld.exe: POSIX.o:POSIX.c:(.text+0x1cb5): undefined reference to `PL_stack_base'
C:\toolchains\w64devkit\bin/ld.exe: POSIX.o:POSIX.c:(.text+0x1ccb): undefined reference to `PL_stack_sp'
C:\toolchains\w64devkit\bin/ld.exe: POSIX.o:POSIX.c:(.text+0x1ce5): undefined reference to `PL_stack_base'
C:\toolchains\w64devkit\bin/ld.exe: POSIX.o:POSIX.c:(.text+0x1d09): undefined reference to `_imp__win32_errno'
C:\toolchains\w64devkit\bin/ld.exe: POSIX.o:POSIX.c:(.text+0x1d2e): undefined reference to `_imp__Perl_sv_newmortal'
C:\toolchains\w64devkit\bin/ld.exe: POSIX.o:POSIX.c:(.text+0x1d5a): undefined reference to `_imp__Perl_sv_setpvn'
C:\toolchains\w64devkit\bin/ld.exe: POSIX.o:POSIX.c:(.text+0x1d70): undefined reference to `_imp__Perl_sv_setiv'
C:\toolchains\w64devkit\bin/ld.exe: POSIX.o:POSIX.c:(.text+0x1d78): undefined reference to `PL_stack_base'
C:\toolchains\w64devkit\bin/ld.exe: POSIX.o:POSIX.c:(.text+0x1d93): undefined reference to `PL_stack_base'
C:\toolchains\w64devkit\bin/ld.exe: POSIX.o:POSIX.c:(.text+0x1da9): undefined reference to `PL_stack_sp'
C:\toolchains\w64devkit\bin/ld.exe: POSIX.o:POSIX.c:(.text+0x1dba): undefined reference to `PL_stack_sp'
C:\toolchains\w64devkit\bin/ld.exe: POSIX.o:POSIX.c:(.text+0x1dcb): undefined reference to `PL_stack_base'
C:\toolchains\w64devkit\bin/ld.exe: POSIX.o:POSIX.c:(.text+0x1e13): undefined reference to `_imp__Perl_croak_xs_usage'
C:\toolchains\w64devkit\bin/ld.exe: POSIX.o:POSIX.c:(.text+0x1e1a): undefined reference to `PL_op'
C:\toolchains\w64devkit\bin/ld.exe: POSIX.o:POSIX.c:(.text+0x1e2e): undefined reference to `PL_curpad'
C:\toolchains\w64devkit\bin/ld.exe: POSIX.o:POSIX.c:(.text+0x1e33): undefined reference to `PL_op'
C:\toolchains\w64devkit\bin/ld.exe: POSIX.o:POSIX.c:(.text+0x1e48): undefined reference to `_imp__Perl_sv_newmortal'
C:\toolchains\w64devkit\bin/ld.exe: POSIX.o:POSIX.c:(.text+0x1e53): undefined reference to `PL_stack_base'
C:\toolchains\w64devkit\bin/ld.exe: POSIX.o:POSIX.c:(.text+0x1e83): undefined reference to `_imp__Perl_sv_derived_from'
C:\toolchains\w64devkit\bin/ld.exe: POSIX.o:POSIX.c:(.text+0x1ea5): undefined reference to `_imp__Perl_sv_2pv_flags'
C:\toolchains\w64devkit\bin/ld.exe: POSIX.o:POSIX.c:(.text+0x1f08): undefined reference to `_imp__Perl_croak'
C:\toolchains\w64devkit\bin/ld.exe: POSIX.o:POSIX.c:(.text+0x1f30): undefined reference to `PL_stack_base'
C:\toolchains\w64devkit\bin/ld.exe: POSIX.o:POSIX.c:(.text+0x1f62): undefined reference to `PL_tainted'
C:\toolchains\w64devkit\bin/ld.exe: POSIX.o:POSIX.c:(.text+0x1f9c): undefined reference to `_imp__Perl_sv_setiv_mg'
C:\toolchains\w64devkit\bin/ld.exe: POSIX.o:POSIX.c:(.text+0x1fb7): undefined reference to `PL_stack_base'
C:\toolchains\w64devkit\bin/ld.exe: POSIX.o:POSIX.c:(.text+0x1fcd): undefined reference to `PL_stack_sp'
C:\toolchains\w64devkit\bin/ld.exe: POSIX.o:POSIX.c:(.text+0x1fdc): undefined reference to `PL_stack_sp'
C:\toolchains\w64devkit\bin/ld.exe: POSIX.o:POSIX.c:(.text+0x1fed): undefined reference to `PL_stack_base'
C:\toolchains\w64devkit\bin/ld.exe: POSIX.o:POSIX.c:(.text+0x2035): undefined reference to `_imp__Perl_croak_xs_usage'
C:\toolchains\w64devkit\bin/ld.exe: POSIX.o:POSIX.c:(.text+0x203c): undefined reference to `PL_op'
C:\toolchains\w64devkit\bin/ld.exe: POSIX.o:POSIX.c:(.text+0x2050): undefined reference to `PL_curpad'
C:\toolchains\w64devkit\bin/ld.exe: POSIX.o:POSIX.c:(.text+0x2055): undefined reference to `PL_op'
C:\toolchains\w64devkit\bin/ld.exe: POSIX.o:POSIX.c:(.text+0x206a): undefined reference to `_imp__Perl_sv_newmortal'
C:\toolchains\w64devkit\bin/ld.exe: POSIX.o:POSIX.c:(.text+0x2075): undefined reference to `PL_stack_base'
C:\toolchains\w64devkit\bin/ld.exe: POSIX.o:POSIX.c:(.text+0x20a9): undefined reference to `_imp__Perl_sv_derived_from'
C:\toolchains\w64devkit\bin/ld.exe: POSIX.o:POSIX.c:(.text+0x20cf): undefined reference to `_imp__Perl_sv_2pv_flags'
C:\toolchains\w64devkit\bin/ld.exe: POSIX.o:POSIX.c:(.text+0x211f): undefined reference to `PL_stack_base'
C:\toolchains\w64devkit\bin/ld.exe: POSIX.o:POSIX.c:(.text+0x2151): undefined reference to `PL_tainted'
C:\toolchains\w64devkit\bin/ld.exe: POSIX.o:POSIX.c:(.text+0x2192): undefined reference to `_imp__Perl_croak'
C:\toolchains\w64devkit\bin/ld.exe: POSIX.o:POSIX.c:(.text+0x21c2): undefined reference to `_imp__Perl_sv_setiv_mg'
C:\toolchains\w64devkit\bin/ld.exe: POSIX.o:POSIX.c:(.text+0x21dd): undefined reference to `PL_stack_base'
C:\toolchains\w64devkit\bin/ld.exe: POSIX.o:POSIX.c:(.text+0x21f3): undefined reference to `PL_stack_sp'
C:\toolchains\w64devkit\bin/ld.exe: POSIX.o:POSIX.c:(.text+0x2202): undefined reference to `PL_stack_sp'
C:\toolchains\w64devkit\bin/ld.exe: POSIX.o:POSIX.c:(.text+0x2213): undefined reference to `PL_stack_base'
C:\toolchains\w64devkit\bin/ld.exe: POSIX.o:POSIX.c:(.text+0x224a): undefined reference to `_imp__Perl_croak_xs_usage'
C:\toolchains\w64devkit\bin/ld.exe: POSIX.o:POSIX.c:(.text+0x2252): undefined reference to `PL_stack_base'
C:\toolchains\w64devkit\bin/ld.exe: POSIX.o:POSIX.c:(.text+0x2270): undefined reference to `PL_op'
C:\toolchains\w64devkit\bin/ld.exe: POSIX.o:POSIX.c:(.text+0x2284): undefined reference to `PL_curpad'
C:\toolchains\w64devkit\bin/ld.exe: POSIX.o:POSIX.c:(.text+0x2289): undefined reference to `PL_op'
C:\toolchains\w64devkit\bin/ld.exe: POSIX.o:POSIX.c:(.text+0x229e): undefined reference to `_imp__Perl_sv_newmortal'
C:\toolchains\w64devkit\bin/ld.exe: POSIX.o:POSIX.c:(.text+0x22a9): undefined reference to `PL_stack_base'
C:\toolchains\w64devkit\bin/ld.exe: POSIX.o:POSIX.c:(.text+0x22dd): undefined reference to `_imp__Perl_sv_derived_from'
C:\toolchains\w64devkit\bin/ld.exe: POSIX.o:POSIX.c:(.text+0x2303): undefined reference to `_imp__Perl_sv_2pv_flags'
C:\toolchains\w64devkit\bin/ld.exe: POSIX.o:POSIX.c:(.text+0x2344): undefined reference to `PL_stack_base'
C:\toolchains\w64devkit\bin/ld.exe: POSIX.o:POSIX.c:(.text+0x2376): undefined reference to `PL_tainted'
C:\toolchains\w64devkit\bin/ld.exe: POSIX.o:POSIX.c:(.text+0x23a8): undefined reference to `_imp__Perl_croak'
C:\toolchains\w64devkit\bin/ld.exe: POSIX.o:POSIX.c:(.text+0x23d8): undefined reference to `_imp__Perl_sv_setiv_mg'
C:\toolchains\w64devkit\bin/ld.exe: POSIX.o:POSIX.c:(.text+0x23f3): undefined reference to `PL_stack_base'
C:\toolchains\w64devkit\bin/ld.exe: POSIX.o:POSIX.c:(.text+0x2409): undefined reference to `PL_stack_sp'
C:\toolchains\w64devkit\bin/ld.exe: POSIX.o:POSIX.c:(.text+0x2418): undefined reference to `PL_stack_sp'
C:\toolchains\w64devkit\bin/ld.exe: POSIX.o:POSIX.c:(.text+0x2429): undefined reference to `PL_stack_base'
C:\toolchains\w64devkit\bin/ld.exe: POSIX.o:POSIX.c:(.text+0x2471): undefined reference to `_imp__Perl_croak_xs_usage'
C:\toolchains\w64devkit\bin/ld.exe: POSIX.o:POSIX.c:(.text+0x2479): undefined reference to `PL_stack_base'
C:\toolchains\w64devkit\bin/ld.exe: POSIX.o:POSIX.c:(.text+0x2498): undefined reference to `PL_stack_base'
C:\toolchains\w64devkit\bin/ld.exe: POSIX.o:POSIX.c:(.text+0x24c8): undefined reference to `_imp__Perl_sv_derived_from'
C:\toolchains\w64devkit\bin/ld.exe: POSIX.o:POSIX.c:(.text+0x24ea): undefined reference to `_imp__Perl_sv_2pv_flags'
C:\toolchains\w64devkit\bin/ld.exe: POSIX.o:POSIX.c:(.text+0x254d): undefined reference to `_imp__Perl_croak'
C:\toolchains\w64devkit\bin/ld.exe: POSIX.o:POSIX.c:(.text+0x2574): undefined reference to `_imp__Perl_sv_newmortal'
C:\toolchains\w64devkit\bin/ld.exe: POSIX.o:POSIX.c:(.text+0x25a0): undefined reference to `_imp__Perl_sv_setpvn'
C:\toolchains\w64devkit\bin/ld.exe: POSIX.o:POSIX.c:(.text+0x25b6): undefined reference to `_imp__Perl_sv_setiv'
C:\toolchains\w64devkit\bin/ld.exe: POSIX.o:POSIX.c:(.text+0x25be): undefined reference to `PL_stack_base'
C:\toolchains\w64devkit\bin/ld.exe: POSIX.o:POSIX.c:(.text+0x25d9): undefined reference to `PL_stack_base'
C:\toolchains\w64devkit\bin/ld.exe: POSIX.o:POSIX.c:(.text+0x25ef): undefined reference to `PL_stack_sp'
C:\toolchains\w64devkit\bin/ld.exe: POSIX.o:POSIX.c:(.text+0x25fe): undefined reference to `PL_stack_sp'
C:\toolchains\w64devkit\bin/ld.exe: POSIX.o:POSIX.c:(.text+0x260f): undefined reference to `PL_stack_base'
C:\toolchains\w64devkit\bin/ld.exe: POSIX.o:POSIX.c:(.text+0x2657): undefined reference to `_imp__Perl_croak_xs_usage'
C:\toolchains\w64devkit\bin/ld.exe: POSIX.o:POSIX.c:(.text+0x265f): undefined reference to `PL_stack_base'
C:\toolchains\w64devkit\bin/ld.exe: POSIX.o:POSIX.c:(.text+0x267e): undefined reference to `PL_stack_base'
C:\toolchains\w64devkit\bin/ld.exe: POSIX.o:POSIX.c:(.text+0x26ae): undefined reference to `_imp__Perl_sv_derived_from'
C:\toolchains\w64devkit\bin/ld.exe: POSIX.o:POSIX.c:(.text+0x26d0): undefined reference to `_imp__Perl_sv_2pv_flags'
C:\toolchains\w64devkit\bin/ld.exe: POSIX.o:POSIX.c:(.text+0x272c): undefined reference to `_imp__Perl_croak'
C:\toolchains\w64devkit\bin/ld.exe: POSIX.o:POSIX.c:(.text+0x2756): undefined reference to `PL_stack_base'
C:\toolchains\w64devkit\bin/ld.exe: POSIX.o:POSIX.c:(.text+0x276c): undefined reference to `PL_stack_sp'
C:\toolchains\w64devkit\bin/ld.exe: POSIX.o:POSIX.c:(.text+0x277b): undefined reference to `PL_stack_sp'
C:\toolchains\w64devkit\bin/ld.exe: POSIX.o:POSIX.c:(.text+0x278c): undefined reference to `PL_stack_base'
C:\toolchains\w64devkit\bin/ld.exe: POSIX.o:POSIX.c:(.text+0x27c3): undefined reference to `_imp__Perl_croak_xs_usage'
C:\toolchains\w64devkit\bin/ld.exe: POSIX.o:POSIX.c:(.text+0x27cb): undefined reference to `PL_stack_base'
C:\toolchains\w64devkit\bin/ld.exe: POSIX.o:POSIX.c:(.text+0x27ea): undefined reference to `PL_stack_base'
C:\toolchains\w64devkit\bin/ld.exe: POSIX.o:POSIX.c:(.text+0x2809): undefined reference to `PL_stack_base'
C:\toolchains\w64devkit\bin/ld.exe: POSIX.o:POSIX.c:(.text+0x2839): undefined reference to `_imp__Perl_sv_derived_from'
C:\toolchains\w64devkit\bin/ld.exe: POSIX.o:POSIX.c:(.text+0x285b): undefined reference to `_imp__Perl_sv_2pv_flags'
C:\toolchains\w64devkit\bin/ld.exe: POSIX.o:POSIX.c:(.text+0x28a8): undefined reference to `_imp__Perl_croak'
C:\toolchains\w64devkit\bin/ld.exe: POSIX.o:POSIX.c:(.text+0x28c3): undefined reference to `PL_stack_base'
C:\toolchains\w64devkit\bin/ld.exe: POSIX.o:POSIX.c:(.text+0x28d9): undefined reference to `PL_stack_sp'
C:\toolchains\w64devkit\bin/ld.exe: POSIX.o:POSIX.c:(.text+0x28e8): undefined reference to `PL_stack_sp'
C:\toolchains\w64devkit\bin/ld.exe: POSIX.o:POSIX.c:(.text+0x28f9): undefined reference to `PL_stack_base'
C:\toolchains\w64devkit\bin/ld.exe: POSIX.o:POSIX.c:(.text+0x2930): undefined reference to `_imp__Perl_croak_xs_usage'
C:\toolchains\w64devkit\bin/ld.exe: POSIX.o:POSIX.c:(.text+0x2944): undefined reference to `PL_stack_base'
C:\toolchains\w64devkit\bin/ld.exe: POSIX.o:POSIX.c:(.text+0x2966): undefined reference to `_imp__Perl_caller_cx'
C:\toolchains\w64devkit\bin/ld.exe: POSIX.o:POSIX.c:(.text+0x2981): undefined reference to `PL_curcop'
C:\toolchains\w64devkit\bin/ld.exe: POSIX.o:POSIX.c:(.text+0x29ce): undefined reference to `_imp__Perl_hv_common'
C:\toolchains\w64devkit\bin/ld.exe: POSIX.o:POSIX.c:(.text+0x2a11): undefined reference to `_imp__Perl_newSVpvf'
C:\toolchains\w64devkit\bin/ld.exe: POSIX.o:POSIX.c:(.text+0x2a55): undefined reference to `_imp__Perl_newSVpvf'
C:\toolchains\w64devkit\bin/ld.exe: POSIX.o:POSIX.c:(.text+0x2a65): undefined reference to `_imp__Perl_sv_2mortal'
C:\toolchains\w64devkit\bin/ld.exe: POSIX.o:POSIX.c:(.text+0x2a6f): undefined reference to `_imp__Perl_croak_sv'
C:\toolchains\w64devkit\bin/ld.exe: POSIX.o:POSIX.c:(.text+0x2a7c): undefined reference to `PL_stack_sp'
C:\toolchains\w64devkit\bin/ld.exe: POSIX.o:POSIX.c:(.text+0x2a8d): undefined reference to `PL_stack_base'
C:\toolchains\w64devkit\bin/ld.exe: POSIX.o:POSIX.c:(.text+0x2ad5): undefined reference to `_imp__Perl_croak_xs_usage'
C:\toolchains\w64devkit\bin/ld.exe: POSIX.o:POSIX.c:(.text+0x2add): undefined reference to `PL_stack_base'
C:\toolchains\w64devkit\bin/ld.exe: POSIX.o:POSIX.c:(.text+0x2af8): undefined reference to `PL_op'
C:\toolchains\w64devkit\bin/ld.exe: POSIX.o:POSIX.c:(.text+0x2b0c): undefined reference to `PL_curpad'
C:\toolchains\w64devkit\bin/ld.exe: POSIX.o:POSIX.c:(.text+0x2b11): undefined reference to `PL_op'
C:\toolchains\w64devkit\bin/ld.exe: POSIX.o:POSIX.c:(.text+0x2b26): undefined reference to `_imp__Perl_sv_newmortal'
C:\toolchains\w64devkit\bin/ld.exe: POSIX.o:POSIX.c:(.text+0x2bdf): undefined reference to `_imp__Perl_croak'
C:\toolchains\w64devkit\bin/ld.exe: POSIX.o:POSIX.c:(.text+0x2be7): undefined reference to `PL_stack_base'
C:\toolchains\w64devkit\bin/ld.exe: POSIX.o:POSIX.c:(.text+0x2c19): undefined reference to `PL_tainted'
C:\toolchains\w64devkit\bin/ld.exe: POSIX.o:POSIX.c:(.text+0x2c53): undefined reference to `_imp__Perl_sv_setiv_mg'
C:\toolchains\w64devkit\bin/ld.exe: POSIX.o:POSIX.c:(.text+0x2c6e): undefined reference to `PL_stack_base'
C:\toolchains\w64devkit\bin/ld.exe: POSIX.o:POSIX.c:(.text+0x2c84): undefined reference to `PL_stack_sp'
C:\toolchains\w64devkit\bin/ld.exe: POSIX.o:POSIX.c:(.text+0x2c93): undefined reference to `PL_stack_sp'
C:\toolchains\w64devkit\bin/ld.exe: POSIX.o:POSIX.c:(.text+0x2ca4): undefined reference to `PL_stack_base'
C:\toolchains\w64devkit\bin/ld.exe: POSIX.o:POSIX.c:(.text+0x2ce1): undefined reference to `_imp__Perl_croak_xs_usage'
C:\toolchains\w64devkit\bin/ld.exe: POSIX.o:POSIX.c:(.text+0x2ce9): undefined reference to `PL_stack_base'
C:\toolchains\w64devkit\bin/ld.exe: POSIX.o:POSIX.c:(.text+0x2d0a): undefined reference to `_imp__Perl_sv_2pv_flags'
C:\toolchains\w64devkit\bin/ld.exe: POSIX.o:POSIX.c:(.text+0x2d46): undefined reference to `PL_stack_base'
C:\toolchains\w64devkit\bin/ld.exe: POSIX.o:POSIX.c:(.text+0x2d73): undefined reference to `PL_stack_base'
C:\toolchains\w64devkit\bin/ld.exe: POSIX.o:POSIX.c:(.text+0x2da0): undefined reference to `PL_tainting'
C:\toolchains\w64devkit\bin/ld.exe: POSIX.o:POSIX.c:(.text+0x2db8): undefined reference to `_imp__Perl_taint_proper'
C:\toolchains\w64devkit\bin/ld.exe: POSIX.o:POSIX.c:(.text+0x2dd4): undefined reference to `_imp__win32_open'
C:\toolchains\w64devkit\bin/ld.exe: POSIX.o:POSIX.c:(.text+0x2dde): undefined reference to `_imp__Perl_sv_newmortal'
C:\toolchains\w64devkit\bin/ld.exe: POSIX.o:POSIX.c:(.text+0x2e0a): undefined reference to `_imp__Perl_sv_setpvn'
C:\toolchains\w64devkit\bin/ld.exe: POSIX.o:POSIX.c:(.text+0x2e20): undefined reference to `_imp__Perl_sv_setiv'
C:\toolchains\w64devkit\bin/ld.exe: POSIX.o:POSIX.c:(.text+0x2e28): undefined reference to `PL_stack_base'
C:\toolchains\w64devkit\bin/ld.exe: POSIX.o:POSIX.c:(.text+0x2e43): undefined reference to `PL_stack_base'
C:\toolchains\w64devkit\bin/ld.exe: POSIX.o:POSIX.c:(.text+0x2e59): undefined reference to `PL_stack_sp'
C:\toolchains\w64devkit\bin/ld.exe: POSIX.o:POSIX.c:(.text+0x2e68): undefined reference to `PL_stack_sp'
C:\toolchains\w64devkit\bin/ld.exe: POSIX.o:POSIX.c:(.text+0x2e79): undefined reference to `PL_stack_base'
C:\toolchains\w64devkit\bin/ld.exe: POSIX.o:POSIX.c:(.text+0x2eb0): undefined reference to `_imp__Perl_croak_xs_usage'
C:\toolchains\w64devkit\bin/ld.exe: POSIX.o:POSIX.c:(.text+0x2eb7): undefined reference to `_imp__Perl_localeconv'
C:\toolchains\w64devkit\bin/ld.exe: POSIX.o:POSIX.c:(.text+0x2ec7): undefined reference to `_imp__Perl_newRV'
C:\toolchains\w64devkit\bin/ld.exe: POSIX.o:POSIX.c:(.text+0x2ed7): undefined reference to `_imp__Perl_sv_2mortal'
C:\toolchains\w64devkit\bin/ld.exe: POSIX.o:POSIX.c:(.text+0x2ee2): undefined reference to `PL_stack_base'
C:\toolchains\w64devkit\bin/ld.exe: POSIX.o:POSIX.c:(.text+0x2efd): undefined reference to `PL_stack_base'
C:\toolchains\w64devkit\bin/ld.exe: POSIX.o:POSIX.c:(.text+0x2f13): undefined reference to `PL_stack_sp'
C:\toolchains\w64devkit\bin/ld.exe: POSIX.o:POSIX.c:(.text+0x2f22): undefined reference to `PL_stack_sp'
C:\toolchains\w64devkit\bin/ld.exe: POSIX.o:POSIX.c:(.text+0x2f33): undefined reference to `PL_stack_base'
C:\toolchains\w64devkit\bin/ld.exe: POSIX.o:POSIX.c:(.text+0x2f70): undefined reference to `_imp__Perl_croak_xs_usage'
C:\toolchains\w64devkit\bin/ld.exe: POSIX.o:POSIX.c:(.text+0x2f78): undefined reference to `PL_stack_base'
C:\toolchains\w64devkit\bin/ld.exe: POSIX.o:POSIX.c:(.text+0x2f93): undefined reference to `PL_op'
C:\toolchains\w64devkit\bin/ld.exe: POSIX.o:POSIX.c:(.text+0x2fa7): undefined reference to `PL_curpad'
C:\toolchains\w64devkit\bin/ld.exe: POSIX.o:POSIX.c:(.text+0x2fac): undefined reference to `PL_op'
C:\toolchains\w64devkit\bin/ld.exe: POSIX.o:POSIX.c:(.text+0x2fc1): undefined reference to `_imp__Perl_sv_newmortal'
C:\toolchains\w64devkit\bin/ld.exe: POSIX.o:POSIX.c:(.text+0x2fdb): undefined reference to `PL_stack_base'
C:\toolchains\w64devkit\bin/ld.exe: POSIX.o:POSIX.c:(.text+0x2fff): undefined reference to `_imp__Perl_sv_2pv_flags'
C:\toolchains\w64devkit\bin/ld.exe: POSIX.o:POSIX.c:(.text+0x3038): undefined reference to `_imp__Perl_setlocale'
C:\toolchains\w64devkit\bin/ld.exe: POSIX.o:POSIX.c:(.text+0x3049): undefined reference to `PL_stack_base'
C:\toolchains\w64devkit\bin/ld.exe: POSIX.o:POSIX.c:(.text+0x3058): undefined reference to `PL_sv_immortals'
C:\toolchains\w64devkit\bin/ld.exe: POSIX.o:POSIX.c:(.text+0x3065): undefined reference to `PL_stack_base'
C:\toolchains\w64devkit\bin/ld.exe: POSIX.o:POSIX.c:(.text+0x307b): undefined reference to `PL_stack_sp'
C:\toolchains\w64devkit\bin/ld.exe: POSIX.o:POSIX.c:(.text+0x3095): undefined reference to `_imp__Perl_sv_setpv'
C:\toolchains\w64devkit\bin/ld.exe: POSIX.o:POSIX.c:(.text+0x309d): undefined reference to `PL_stack_base'
C:\toolchains\w64devkit\bin/ld.exe: POSIX.o:POSIX.c:(.text+0x30c8): undefined reference to `_imp__Perl_mg_set'
C:\toolchains\w64devkit\bin/ld.exe: POSIX.o:POSIX.c:(.text+0x30e3): undefined reference to `PL_stack_base'
C:\toolchains\w64devkit\bin/ld.exe: POSIX.o:POSIX.c:(.text+0x30f9): undefined reference to `PL_stack_sp'
C:\toolchains\w64devkit\bin/ld.exe: POSIX.o:POSIX.c:(.text+0x310b): undefined reference to `PL_stack_sp'
C:\toolchains\w64devkit\bin/ld.exe: POSIX.o:POSIX.c:(.text+0x311e): undefined reference to `PL_stack_base'
C:\toolchains\w64devkit\bin/ld.exe: POSIX.o:POSIX.c:(.text+0x3170): undefined reference to `_imp__Perl_croak_xs_usage'
C:\toolchains\w64devkit\bin/ld.exe: POSIX.o:POSIX.c:(.text+0x3178): undefined reference to `PL_stack_base'
C:\toolchains\w64devkit\bin/ld.exe: POSIX.o:POSIX.c:(.text+0x3195): undefined reference to `PL_op'
C:\toolchains\w64devkit\bin/ld.exe: POSIX.o:POSIX.c:(.text+0x31a9): undefined reference to `PL_curpad'
C:\toolchains\w64devkit\bin/ld.exe: POSIX.o:POSIX.c:(.text+0x31ae): undefined reference to `PL_op'
C:\toolchains\w64devkit\bin/ld.exe: POSIX.o:POSIX.c:(.text+0x31c4): undefined reference to `_imp__Perl_sv_newmortal'
C:\toolchains\w64devkit\bin/ld.exe: POSIX.o:POSIX.c:(.text+0x36c9): undefined reference to `PL_stack_base'
C:\toolchains\w64devkit\bin/ld.exe: POSIX.o:POSIX.c:(.text+0x3700): undefined reference to `PL_tainted'
C:\toolchains\w64devkit\bin/ld.exe: POSIX.o:POSIX.c:(.text+0x3752): undefined reference to `_imp__Perl_sv_setnv_mg'
C:\toolchains\w64devkit\bin/ld.exe: POSIX.o:POSIX.c:(.text+0x3771): undefined reference to `PL_stack_base'
C:\toolchains\w64devkit\bin/ld.exe: POSIX.o:POSIX.c:(.text+0x3789): undefined reference to `PL_stack_sp'
C:\toolchains\w64devkit\bin/ld.exe: POSIX.o:POSIX.c:(.text+0x3798): undefined reference to `PL_stack_sp'
C:\toolchains\w64devkit\bin/ld.exe: POSIX.o:POSIX.c:(.text+0x37a9): undefined reference to `PL_stack_base'
C:\toolchains\w64devkit\bin/ld.exe: POSIX.o:POSIX.c:(.text+0x37f1): undefined reference to `_imp__Perl_croak_xs_usage'
C:\toolchains\w64devkit\bin/ld.exe: POSIX.o:POSIX.c:(.text+0x37f8): undefined reference to `PL_op'
C:\toolchains\w64devkit\bin/ld.exe: POSIX.o:POSIX.c:(.text+0x380c): undefined reference to `PL_curpad'
C:\toolchains\w64devkit\bin/ld.exe: POSIX.o:POSIX.c:(.text+0x3811): undefined reference to `PL_op'
C:\toolchains\w64devkit\bin/ld.exe: POSIX.o:POSIX.c:(.text+0x3826): undefined reference to `_imp__Perl_sv_newmortal'
C:\toolchains\w64devkit\bin/ld.exe: POSIX.o:POSIX.c:(.text+0x3860): undefined reference to `PL_stack_base'
C:\toolchains\w64devkit\bin/ld.exe: POSIX.o:POSIX.c:(.text+0x3892): undefined reference to `PL_tainted'
C:\toolchains\w64devkit\bin/ld.exe: POSIX.o:POSIX.c:(.text+0x38cc): undefined reference to `_imp__Perl_sv_setiv_mg'
C:\toolchains\w64devkit\bin/ld.exe: POSIX.o:POSIX.c:(.text+0x38e7): undefined reference to `PL_stack_base'
C:\toolchains\w64devkit\bin/ld.exe: POSIX.o:POSIX.c:(.text+0x38fd): undefined reference to `PL_stack_sp'
C:\toolchains\w64devkit\bin/ld.exe: POSIX.o:POSIX.c:(.text+0x390c): undefined reference to `PL_stack_sp'
C:\toolchains\w64devkit\bin/ld.exe: POSIX.o:POSIX.c:(.text+0x391d): undefined reference to `PL_stack_base'
C:\toolchains\w64devkit\bin/ld.exe: POSIX.o:POSIX.c:(.text+0x3954): undefined reference to `_imp__Perl_croak_xs_usage'
C:\toolchains\w64devkit\bin/ld.exe: POSIX.o:POSIX.c:(.text+0x395c): undefined reference to `PL_stack_base'
C:\toolchains\w64devkit\bin/ld.exe: POSIX.o:POSIX.c:(.text+0x3977): undefined reference to `PL_op'
C:\toolchains\w64devkit\bin/ld.exe: POSIX.o:POSIX.c:(.text+0x398b): undefined reference to `PL_curpad'
C:\toolchains\w64devkit\bin/ld.exe: POSIX.o:POSIX.c:(.text+0x3990): undefined reference to `PL_op'
C:\toolchains\w64devkit\bin/ld.exe: POSIX.o:POSIX.c:(.text+0x39a5): undefined reference to `_imp__Perl_sv_newmortal'
C:\toolchains\w64devkit\bin/ld.exe: POSIX.o:POSIX.c:(.text+0x39c3): undefined reference to `PL_stack_base'
C:\toolchains\w64devkit\bin/ld.exe: POSIX.o:POSIX.c:(.text+0x39f5): undefined reference to `PL_tainted'
C:\toolchains\w64devkit\bin/ld.exe: POSIX.o:POSIX.c:(.text+0x3a2f): undefined reference to `_imp__Perl_sv_setiv_mg'
C:\toolchains\w64devkit\bin/ld.exe: POSIX.o:POSIX.c:(.text+0x3a4a): undefined reference to `PL_stack_base'
C:\toolchains\w64devkit\bin/ld.exe: POSIX.o:POSIX.c:(.text+0x3a60): undefined reference to `PL_stack_sp'
C:\toolchains\w64devkit\bin/ld.exe: POSIX.o:POSIX.c:(.text+0x3a72): undefined reference to `PL_stack_sp'
C:\toolchains\w64devkit\bin/ld.exe: POSIX.o:POSIX.c:(.text+0x3a85): undefined reference to `PL_stack_base'
C:\toolchains\w64devkit\bin/ld.exe: POSIX.o:POSIX.c:(.text+0x3ad7): undefined reference to `_imp__Perl_croak_xs_usage'
C:\toolchains\w64devkit\bin/ld.exe: POSIX.o:POSIX.c:(.text+0x3adf): undefined reference to `PL_stack_base'
C:\toolchains\w64devkit\bin/ld.exe: POSIX.o:POSIX.c:(.text+0x3afc): undefined reference to `PL_op'
C:\toolchains\w64devkit\bin/ld.exe: POSIX.o:POSIX.c:(.text+0x3b10): undefined reference to `PL_curpad'
C:\toolchains\w64devkit\bin/ld.exe: POSIX.o:POSIX.c:(.text+0x3b15): undefined reference to `PL_op'
C:\toolchains\w64devkit\bin/ld.exe: POSIX.o:POSIX.c:(.text+0x3b2b): undefined reference to `_imp__Perl_sv_newmortal'
C:\toolchains\w64devkit\bin/ld.exe: POSIX.o:POSIX.c:(.text+0x3c8c): undefined reference to `PL_stack_base'
C:\toolchains\w64devkit\bin/ld.exe: POSIX.o:POSIX.c:(.text+0x3cc3): undefined reference to `PL_tainted'
C:\toolchains\w64devkit\bin/ld.exe: POSIX.o:POSIX.c:(.text+0x3d03): undefined reference to `_imp__Perl_sv_setiv_mg'
C:\toolchains\w64devkit\bin/ld.exe: POSIX.o:POSIX.c:(.text+0x3d22): undefined reference to `PL_stack_base'
C:\toolchains\w64devkit\bin/ld.exe: POSIX.o:POSIX.c:(.text+0x3d3a): undefined reference to `PL_stack_sp'
C:\toolchains\w64devkit\bin/ld.exe: POSIX.o:POSIX.c:(.text+0x3d4c): undefined reference to `PL_stack_sp'
C:\toolchains\w64devkit\bin/ld.exe: POSIX.o:POSIX.c:(.text+0x3d5f): undefined reference to `PL_stack_base'
C:\toolchains\w64devkit\bin/ld.exe: POSIX.o:POSIX.c:(.text+0x3d9d): undefined reference to `_imp__Perl_croak_xs_usage'
C:\toolchains\w64devkit\bin/ld.exe: POSIX.o:POSIX.c:(.text+0x3da5): undefined reference to `PL_stack_base'
C:\toolchains\w64devkit\bin/ld.exe: POSIX.o:POSIX.c:(.text+0x3dc2): undefined reference to `PL_op'
C:\toolchains\w64devkit\bin/ld.exe: POSIX.o:POSIX.c:(.text+0x3dd6): undefined reference to `PL_curpad'
C:\toolchains\w64devkit\bin/ld.exe: POSIX.o:POSIX.c:(.text+0x3ddb): undefined reference to `PL_op'
C:\toolchains\w64devkit\bin/ld.exe: POSIX.o:POSIX.c:(.text+0x3df1): undefined reference to `_imp__Perl_sv_newmortal'
C:\toolchains\w64devkit\bin/ld.exe: POSIX.o:POSIX.c:(.text+0x3e0d): undefined reference to `PL_stack_base'
C:\toolchains\w64devkit\bin/ld.exe: POSIX.o:POSIX.c:(.text+0x3e44): undefined reference to `PL_tainted'
C:\toolchains\w64devkit\bin/ld.exe: POSIX.o:POSIX.c:(.text+0x3e96): undefined reference to `_imp__Perl_sv_setnv_mg'
C:\toolchains\w64devkit\bin/ld.exe: POSIX.o:POSIX.c:(.text+0x3eb5): undefined reference to `PL_stack_base'
C:\toolchains\w64devkit\bin/ld.exe: POSIX.o:POSIX.c:(.text+0x3ecd): undefined reference to `PL_stack_sp'
C:\toolchains\w64devkit\bin/ld.exe: POSIX.o:POSIX.c:(.text+0x3edf): undefined reference to `PL_stack_sp'
C:\toolchains\w64devkit\bin/ld.exe: POSIX.o:POSIX.c:(.text+0x3ef2): undefined reference to `PL_stack_base'
C:\toolchains\w64devkit\bin/ld.exe: POSIX.o:POSIX.c:(.text+0x3f30): undefined reference to `_imp__Perl_croak_xs_usage'
C:\toolchains\w64devkit\bin/ld.exe: POSIX.o:POSIX.c:(.text+0x3f38): undefined reference to `PL_stack_base'
C:\toolchains\w64devkit\bin/ld.exe: POSIX.o:POSIX.c:(.text+0x3f56): undefined reference to `PL_stack_base'
C:\toolchains\w64devkit\bin/ld.exe: POSIX.o:POSIX.c:(.text+0x3f97): undefined reference to `PL_stack_base'
C:\toolchains\w64devkit\bin/ld.exe: POSIX.o:POSIX.c:(.text+0x3faf): undefined reference to `_imp__Perl_sv_setnv'
C:\toolchains\w64devkit\bin/ld.exe: POSIX.o:POSIX.c:(.text+0x3fb7): undefined reference to `PL_stack_base'
C:\toolchains\w64devkit\bin/ld.exe: POSIX.o:POSIX.c:(.text+0x3fd5): undefined reference to `PL_stack_base'
C:\toolchains\w64devkit\bin/ld.exe: POSIX.o:POSIX.c:(.text+0x3fe9): undefined reference to `_imp__Perl_mg_set'
C:\toolchains\w64devkit\bin/ld.exe: POSIX.o:POSIX.c:(.text+0x3ff9): undefined reference to `PL_stack_base'
C:\toolchains\w64devkit\bin/ld.exe: POSIX.o:POSIX.c:(.text+0x4011): undefined reference to `PL_stack_sp'
C:\toolchains\w64devkit\bin/ld.exe: POSIX.o:POSIX.c:(.text+0x4023): undefined reference to `PL_stack_sp'
C:\toolchains\w64devkit\bin/ld.exe: POSIX.o:POSIX.c:(.text+0x4036): undefined reference to `PL_stack_base'
C:\toolchains\w64devkit\bin/ld.exe: POSIX.o:POSIX.c:(.text+0x4074): undefined reference to `_imp__Perl_croak_xs_usage'
C:\toolchains\w64devkit\bin/ld.exe: POSIX.o:POSIX.c:(.text+0x407c): undefined reference to `PL_stack_base'
C:\toolchains\w64devkit\bin/ld.exe: POSIX.o:POSIX.c:(.text+0x409a): undefined reference to `PL_stack_base'
C:\toolchains\w64devkit\bin/ld.exe: POSIX.o:POSIX.c:(.text+0x40e5): undefined reference to `PL_stack_base'
C:\toolchains\w64devkit\bin/ld.exe: POSIX.o:POSIX.c:(.text+0x40fd): undefined reference to `_imp__Perl_sv_setnv'
C:\toolchains\w64devkit\bin/ld.exe: POSIX.o:POSIX.c:(.text+0x4105): undefined reference to `PL_stack_base'
C:\toolchains\w64devkit\bin/ld.exe: POSIX.o:POSIX.c:(.text+0x4123): undefined reference to `PL_stack_base'
C:\toolchains\w64devkit\bin/ld.exe: POSIX.o:POSIX.c:(.text+0x4137): undefined reference to `_imp__Perl_mg_set'
C:\toolchains\w64devkit\bin/ld.exe: POSIX.o:POSIX.c:(.text+0x4147): undefined reference to `PL_stack_base'
C:\toolchains\w64devkit\bin/ld.exe: POSIX.o:POSIX.c:(.text+0x415f): undefined reference to `PL_stack_sp'
C:\toolchains\w64devkit\bin/ld.exe: POSIX.o:POSIX.c:(.text+0x4171): undefined reference to `PL_stack_sp'
C:\toolchains\w64devkit\bin/ld.exe: POSIX.o:POSIX.c:(.text+0x4184): undefined reference to `PL_stack_base'
C:\toolchains\w64devkit\bin/ld.exe: POSIX.o:POSIX.c:(.text+0x41c2): undefined reference to `_imp__Perl_croak_xs_usage'
C:\toolchains\w64devkit\bin/ld.exe: POSIX.o:POSIX.c:(.text+0x41ca): undefined reference to `PL_stack_base'
C:\toolchains\w64devkit\bin/ld.exe: POSIX.o:POSIX.c:(.text+0x41e7): undefined reference to `PL_op'
C:\toolchains\w64devkit\bin/ld.exe: POSIX.o:POSIX.c:(.text+0x41fb): undefined reference to `PL_curpad'
C:\toolchains\w64devkit\bin/ld.exe: POSIX.o:POSIX.c:(.text+0x4200): undefined reference to `PL_op'
C:\toolchains\w64devkit\bin/ld.exe: POSIX.o:POSIX.c:(.text+0x4216): undefined reference to `_imp__Perl_sv_newmortal'
C:\toolchains\w64devkit\bin/ld.exe: POSIX.o:POSIX.c:(.text+0x4276): undefined reference to `PL_stack_base'
C:\toolchains\w64devkit\bin/ld.exe: POSIX.o:POSIX.c:(.text+0x42ad): undefined reference to `PL_tainted'
C:\toolchains\w64devkit\bin/ld.exe: POSIX.o:POSIX.c:(.text+0x42ed): undefined reference to `_imp__Perl_sv_setiv_mg'
C:\toolchains\w64devkit\bin/ld.exe: POSIX.o:POSIX.c:(.text+0x430c): undefined reference to `PL_stack_base'
C:\toolchains\w64devkit\bin/ld.exe: POSIX.o:POSIX.c:(.text+0x4324): undefined reference to `PL_stack_sp'
C:\toolchains\w64devkit\bin/ld.exe: POSIX.o:POSIX.c:(.text+0x4336): undefined reference to `PL_stack_sp'
C:\toolchains\w64devkit\bin/ld.exe: POSIX.o:POSIX.c:(.text+0x4349): undefined reference to `PL_stack_base'
C:\toolchains\w64devkit\bin/ld.exe: POSIX.o:POSIX.c:(.text+0x439b): undefined reference to `_imp__Perl_croak_xs_usage'
C:\toolchains\w64devkit\bin/ld.exe: POSIX.o:POSIX.c:(.text+0x43a3): undefined reference to `PL_stack_base'
C:\toolchains\w64devkit\bin/ld.exe: POSIX.o:POSIX.c:(.text+0x43c1): undefined reference to `PL_stack_base'
C:\toolchains\w64devkit\bin/ld.exe: POSIX.o:POSIX.c:(.text+0x43e1): undefined reference to `PL_op'
C:\toolchains\w64devkit\bin/ld.exe: POSIX.o:POSIX.c:(.text+0x43f5): undefined reference to `PL_curpad'
C:\toolchains\w64devkit\bin/ld.exe: POSIX.o:POSIX.c:(.text+0x43fa): undefined reference to `PL_op'
C:\toolchains\w64devkit\bin/ld.exe: POSIX.o:POSIX.c:(.text+0x4410): undefined reference to `_imp__Perl_sv_newmortal'
C:\toolchains\w64devkit\bin/ld.exe: POSIX.o:POSIX.c:(.text+0x4711): undefined reference to `PL_stack_base'
C:\toolchains\w64devkit\bin/ld.exe: POSIX.o:POSIX.c:(.text+0x4748): undefined reference to `PL_tainted'
C:\toolchains\w64devkit\bin/ld.exe: POSIX.o:POSIX.c:(.text+0x479a): undefined reference to `_imp__Perl_sv_setnv_mg'
C:\toolchains\w64devkit\bin/ld.exe: POSIX.o:POSIX.c:(.text+0x47b9): undefined reference to `PL_stack_base'
C:\toolchains\w64devkit\bin/ld.exe: POSIX.o:POSIX.c:(.text+0x47d1): undefined reference to `PL_stack_sp'
C:\toolchains\w64devkit\bin/ld.exe: POSIX.o:POSIX.c:(.text+0x47e3): undefined reference to `PL_stack_sp'
C:\toolchains\w64devkit\bin/ld.exe: POSIX.o:POSIX.c:(.text+0x47f6): undefined reference to `PL_stack_base'
C:\toolchains\w64devkit\bin/ld.exe: POSIX.o:POSIX.c:(.text+0x4834): undefined reference to `_imp__Perl_croak_xs_usage'
C:\toolchains\w64devkit\bin/ld.exe: POSIX.o:POSIX.c:(.text+0x484a): undefined reference to `PL_stack_base'
C:\toolchains\w64devkit\bin/ld.exe: POSIX.o:POSIX.c:(.text+0x487e): undefined reference to `_imp__Perl_newSVnv'
C:\toolchains\w64devkit\bin/ld.exe: POSIX.o:POSIX.c:(.text+0x488d): undefined reference to `_imp__Perl_sv_2mortal'
C:\toolchains\w64devkit\bin/ld.exe: POSIX.o:POSIX.c:(.text+0x48a1): undefined reference to `_imp__Perl_newSViv'
C:\toolchains\w64devkit\bin/ld.exe: POSIX.o:POSIX.c:(.text+0x48b0): undefined reference to `_imp__Perl_sv_2mortal'
C:\toolchains\w64devkit\bin/ld.exe: POSIX.o:POSIX.c:(.text+0x48c1): undefined reference to `PL_stack_sp'
C:\toolchains\w64devkit\bin/ld.exe: POSIX.o:POSIX.c:(.text+0x48d4): undefined reference to `PL_stack_sp'
C:\toolchains\w64devkit\bin/ld.exe: POSIX.o:POSIX.c:(.text+0x48e7): undefined reference to `PL_stack_base'
C:\toolchains\w64devkit\bin/ld.exe: POSIX.o:POSIX.c:(.text+0x4925): undefined reference to `_imp__Perl_croak_xs_usage'
C:\toolchains\w64devkit\bin/ld.exe: POSIX.o:POSIX.c:(.text+0x492d): undefined reference to `PL_stack_base'
C:\toolchains\w64devkit\bin/ld.exe: POSIX.o:POSIX.c:(.text+0x494b): undefined reference to `PL_stack_base'
C:\toolchains\w64devkit\bin/ld.exe: POSIX.o:POSIX.c:(.text+0x496b): undefined reference to `PL_op'
C:\toolchains\w64devkit\bin/ld.exe: POSIX.o:POSIX.c:(.text+0x497f): undefined reference to `PL_curpad'
C:\toolchains\w64devkit\bin/ld.exe: POSIX.o:POSIX.c:(.text+0x4984): undefined reference to `PL_op'
C:\toolchains\w64devkit\bin/ld.exe: POSIX.o:POSIX.c:(.text+0x499a): undefined reference to `_imp__Perl_sv_newmortal'
C:\toolchains\w64devkit\bin/ld.exe: POSIX.o:POSIX.c:(.text+0x49be): undefined reference to `PL_stack_base'
C:\toolchains\w64devkit\bin/ld.exe: POSIX.o:POSIX.c:(.text+0x49f5): undefined reference to `PL_tainted'
C:\toolchains\w64devkit\bin/ld.exe: POSIX.o:POSIX.c:(.text+0x4a47): undefined reference to `_imp__Perl_sv_setnv_mg'
C:\toolchains\w64devkit\bin/ld.exe: POSIX.o:POSIX.c:(.text+0x4a66): undefined reference to `PL_stack_base'
C:\toolchains\w64devkit\bin/ld.exe: POSIX.o:POSIX.c:(.text+0x4a7e): undefined reference to `PL_stack_sp'
C:\toolchains\w64devkit\bin/ld.exe: POSIX.o:POSIX.c:(.text+0x4a90): undefined reference to `PL_stack_sp'
C:\toolchains\w64devkit\bin/ld.exe: POSIX.o:POSIX.c:(.text+0x4aa3): undefined reference to `PL_stack_base'
C:\toolchains\w64devkit\bin/ld.exe: POSIX.o:POSIX.c:(.text+0x4ae1): undefined reference to `_imp__Perl_croak_xs_usage'
C:\toolchains\w64devkit\bin/ld.exe: POSIX.o:POSIX.c:(.text+0x4af7): undefined reference to `PL_stack_base'
C:\toolchains\w64devkit\bin/ld.exe: POSIX.o:POSIX.c:(.text+0x4b2b): undefined reference to `_imp__Perl_newSVnv'
C:\toolchains\w64devkit\bin/ld.exe: POSIX.o:POSIX.c:(.text+0x4b3a): undefined reference to `_imp__Perl_sv_2mortal'
C:\toolchains\w64devkit\bin/ld.exe: POSIX.o:POSIX.c:(.text+0x4b4e): undefined reference to `_imp__Perl_newSVnv'
C:\toolchains\w64devkit\bin/ld.exe: POSIX.o:POSIX.c:(.text+0x4b5d): undefined reference to `_imp__Perl_sv_2mortal'
C:\toolchains\w64devkit\bin/ld.exe: POSIX.o:POSIX.c:(.text+0x4b6e): undefined reference to `PL_stack_sp'
C:\toolchains\w64devkit\bin/ld.exe: POSIX.o:POSIX.c:(.text+0x4b81): undefined reference to `PL_stack_sp'
C:\toolchains\w64devkit\bin/ld.exe: POSIX.o:POSIX.c:(.text+0x4b94): undefined reference to `PL_stack_base'
C:\toolchains\w64devkit\bin/ld.exe: POSIX.o:POSIX.c:(.text+0x4bd2): undefined reference to `_imp__Perl_croak_xs_usage'
C:\toolchains\w64devkit\bin/ld.exe: POSIX.o:POSIX.c:(.text+0x4be8): undefined reference to `PL_stack_base'
C:\toolchains\w64devkit\bin/ld.exe: POSIX.o:POSIX.c:(.text+0x4c06): undefined reference to `PL_stack_base'
C:\toolchains\w64devkit\bin/ld.exe: POSIX.o:POSIX.c:(.text+0x4c45): undefined reference to `_imp__Perl_newSVnv'
C:\toolchains\w64devkit\bin/ld.exe: POSIX.o:POSIX.c:(.text+0x4c54): undefined reference to `_imp__Perl_sv_2mortal'
C:\toolchains\w64devkit\bin/ld.exe: POSIX.o:POSIX.c:(.text+0x4c70): undefined reference to `_imp__Perl_newSVnv'
C:\toolchains\w64devkit\bin/ld.exe: POSIX.o:POSIX.c:(.text+0x4c7f): undefined reference to `_imp__Perl_sv_2mortal'
C:\toolchains\w64devkit\bin/ld.exe: POSIX.o:POSIX.c:(.text+0x4c90): undefined reference to `PL_stack_sp'
C:\toolchains\w64devkit\bin/ld.exe: POSIX.o:POSIX.c:(.text+0x4ca3): undefined reference to `PL_stack_sp'
C:\toolchains\w64devkit\bin/ld.exe: POSIX.o:POSIX.c:(.text+0x4cb6): undefined reference to `PL_stack_base'
C:\toolchains\w64devkit\bin/ld.exe: POSIX.o:POSIX.c:(.text+0x4cf4): undefined reference to `_imp__Perl_croak_xs_usage'
C:\toolchains\w64devkit\bin/ld.exe: POSIX.o:POSIX.c:(.text+0x4cfc): undefined reference to `PL_stack_base'
C:\toolchains\w64devkit\bin/ld.exe: POSIX.o:POSIX.c:(.text+0x4d1a): undefined reference to `PL_stack_base'
C:\toolchains\w64devkit\bin/ld.exe: POSIX.o:POSIX.c:(.text+0x4d3a): undefined reference to `PL_op'
C:\toolchains\w64devkit\bin/ld.exe: POSIX.o:POSIX.c:(.text+0x4d4e): undefined reference to `PL_curpad'
C:\toolchains\w64devkit\bin/ld.exe: POSIX.o:POSIX.c:(.text+0x4d53): undefined reference to `PL_op'
C:\toolchains\w64devkit\bin/ld.exe: POSIX.o:POSIX.c:(.text+0x4d69): undefined reference to `_imp__Perl_sv_newmortal'
C:\toolchains\w64devkit\bin/ld.exe: POSIX.o:POSIX.c:(.text+0x4d8d): undefined reference to `PL_stack_base'
C:\toolchains\w64devkit\bin/ld.exe: POSIX.o:POSIX.c:(.text+0x4dc4): undefined reference to `PL_tainted'
C:\toolchains\w64devkit\bin/ld.exe: POSIX.o:POSIX.c:(.text+0x4e16): undefined reference to `_imp__Perl_sv_setnv_mg'
C:\toolchains\w64devkit\bin/ld.exe: POSIX.o:POSIX.c:(.text+0x4e35): undefined reference to `PL_stack_base'
C:\toolchains\w64devkit\bin/ld.exe: POSIX.o:POSIX.c:(.text+0x4e4d): undefined reference to `PL_stack_sp'
C:\toolchains\w64devkit\bin/ld.exe: POSIX.o:POSIX.c:(.text+0x4e5f): undefined reference to `PL_stack_sp'
C:\toolchains\w64devkit\bin/ld.exe: POSIX.o:POSIX.c:(.text+0x4e72): undefined reference to `PL_stack_base'
C:\toolchains\w64devkit\bin/ld.exe: POSIX.o:POSIX.c:(.text+0x4eb0): undefined reference to `_imp__Perl_croak_xs_usage'
C:\toolchains\w64devkit\bin/ld.exe: POSIX.o:POSIX.c:(.text+0x4eb8): undefined reference to `PL_stack_base'
C:\toolchains\w64devkit\bin/ld.exe: POSIX.o:POSIX.c:(.text+0x4ed6): undefined reference to `PL_stack_base'
C:\toolchains\w64devkit\bin/ld.exe: POSIX.o:POSIX.c:(.text+0x4ef7): undefined reference to `PL_stack_base'
C:\toolchains\w64devkit\bin/ld.exe: POSIX.o:POSIX.c:(.text+0x4f17): undefined reference to `PL_op'
C:\toolchains\w64devkit\bin/ld.exe: POSIX.o:POSIX.c:(.text+0x4f2b): undefined reference to `PL_curpad'
C:\toolchains\w64devkit\bin/ld.exe: POSIX.o:POSIX.c:(.text+0x4f30): undefined reference to `PL_op'
C:\toolchains\w64devkit\bin/ld.exe: POSIX.o:POSIX.c:(.text+0x4f46): undefined reference to `_imp__Perl_sv_newmortal'
C:\toolchains\w64devkit\bin/ld.exe: POSIX.o:POSIX.c:(.text+0x4f72): undefined reference to `PL_stack_base'
C:\toolchains\w64devkit\bin/ld.exe: POSIX.o:POSIX.c:(.text+0x4fa9): undefined reference to `PL_tainted'
C:\toolchains\w64devkit\bin/ld.exe: POSIX.o:POSIX.c:(.text+0x4ffb): undefined reference to `_imp__Perl_sv_setnv_mg'
C:\toolchains\w64devkit\bin/ld.exe: POSIX.o:POSIX.c:(.text+0x501a): undefined reference to `PL_stack_base'
C:\toolchains\w64devkit\bin/ld.exe: POSIX.o:POSIX.c:(.text+0x5032): undefined reference to `PL_stack_sp'
C:\toolchains\w64devkit\bin/ld.exe: POSIX.o:POSIX.c:(.text+0x5044): undefined reference to `PL_stack_sp'
C:\toolchains\w64devkit\bin/ld.exe: POSIX.o:POSIX.c:(.text+0x5057): undefined reference to `PL_stack_base'
C:\toolchains\w64devkit\bin/ld.exe: POSIX.o:POSIX.c:(.text+0x509c): undefined reference to `_imp__Perl_croak_xs_usage'
C:\toolchains\w64devkit\bin/ld.exe: POSIX.o:POSIX.c:(.text+0x50a3): undefined reference to `PL_op'
C:\toolchains\w64devkit\bin/ld.exe: POSIX.o:POSIX.c:(.text+0x50b7): undefined reference to `PL_curpad'
C:\toolchains\w64devkit\bin/ld.exe: POSIX.o:POSIX.c:(.text+0x50bc): undefined reference to `PL_op'
C:\toolchains\w64devkit\bin/ld.exe: POSIX.o:POSIX.c:(.text+0x50d2): undefined reference to `_imp__Perl_sv_newmortal'
C:\toolchains\w64devkit\bin/ld.exe: POSIX.o:POSIX.c:(.text+0x50ed): undefined reference to `PL_stack_base'
C:\toolchains\w64devkit\bin/ld.exe: POSIX.o:POSIX.c:(.text+0x513a): undefined reference to `PL_stack_base'
C:\toolchains\w64devkit\bin/ld.exe: POSIX.o:POSIX.c:(.text+0x5171): undefined reference to `PL_tainted'
C:\toolchains\w64devkit\bin/ld.exe: POSIX.o:POSIX.c:(.text+0x51c3): undefined reference to `_imp__Perl_sv_setnv_mg'
C:\toolchains\w64devkit\bin/ld.exe: POSIX.o:POSIX.c:(.text+0x51e2): undefined reference to `PL_stack_base'
C:\toolchains\w64devkit\bin/ld.exe: POSIX.o:POSIX.c:(.text+0x51fa): undefined reference to `PL_stack_sp'
C:\toolchains\w64devkit\bin/ld.exe: POSIX.o:POSIX.c:(.text+0x520c): undefined reference to `PL_stack_sp'
C:\toolchains\w64devkit\bin/ld.exe: POSIX.o:POSIX.c:(.text+0x521f): undefined reference to `PL_stack_base'
C:\toolchains\w64devkit\bin/ld.exe: POSIX.o:POSIX.c:(.text+0x5271): undefined reference to `_imp__Perl_croak_xs_usage'
C:\toolchains\w64devkit\bin/ld.exe: POSIX.o:POSIX.c:(.text+0x5279): undefined reference to `PL_stack_base'
C:\toolchains\w64devkit\bin/ld.exe: POSIX.o:POSIX.c:(.text+0x5297): undefined reference to `PL_stack_base'
C:\toolchains\w64devkit\bin/ld.exe: POSIX.o:POSIX.c:(.text+0x52b7): undefined reference to `PL_op'
C:\toolchains\w64devkit\bin/ld.exe: POSIX.o:POSIX.c:(.text+0x52cb): undefined reference to `PL_curpad'
C:\toolchains\w64devkit\bin/ld.exe: POSIX.o:POSIX.c:(.text+0x52d0): undefined reference to `PL_op'
C:\toolchains\w64devkit\bin/ld.exe: POSIX.o:POSIX.c:(.text+0x52e6): undefined reference to `_imp__Perl_sv_newmortal'
C:\toolchains\w64devkit\bin/ld.exe: POSIX.o:POSIX.c:(.text+0x533a): undefined reference to `PL_stack_base'
C:\toolchains\w64devkit\bin/ld.exe: POSIX.o:POSIX.c:(.text+0x5371): undefined reference to `PL_tainted'
C:\toolchains\w64devkit\bin/ld.exe: POSIX.o:POSIX.c:(.text+0x53c3): undefined reference to `_imp__Perl_sv_setnv_mg'
C:\toolchains\w64devkit\bin/ld.exe: POSIX.o:POSIX.c:(.text+0x53e2): undefined reference to `PL_stack_base'
C:\toolchains\w64devkit\bin/ld.exe: POSIX.o:POSIX.c:(.text+0x53fa): undefined reference to `PL_stack_sp'
C:\toolchains\w64devkit\bin/ld.exe: POSIX.o:POSIX.c:(.text+0x5409): undefined reference to `PL_stack_sp'
C:\toolchains\w64devkit\bin/ld.exe: POSIX.o:POSIX.c:(.text+0x541a): undefined reference to `PL_stack_base'
C:\toolchains\w64devkit\bin/ld.exe: POSIX.o:POSIX.c:(.text+0x5457): undefined reference to `_imp__Perl_croak_xs_usage'
C:\toolchains\w64devkit\bin/ld.exe: POSIX.o:POSIX.c:(.text+0x545f): undefined reference to `PL_stack_base'
C:\toolchains\w64devkit\bin/ld.exe: POSIX.o:POSIX.c:(.text+0x547b): undefined reference to `PL_stack_base'
C:\toolchains\w64devkit\bin/ld.exe: POSIX.o:POSIX.c:(.text+0x54a1): undefined reference to `PL_stack_base'
C:\toolchains\w64devkit\bin/ld.exe: POSIX.o:POSIX.c:(.text+0x5504): undefined reference to `_imp__Perl_croak'
C:\toolchains\w64devkit\bin/ld.exe: POSIX.o:POSIX.c:(.text+0x551a): undefined reference to `_imp__Perl_sv_newmortal'
C:\toolchains\w64devkit\bin/ld.exe: POSIX.o:POSIX.c:(.text+0x5546): undefined reference to `_imp__Perl_sv_setpvn'
C:\toolchains\w64devkit\bin/ld.exe: POSIX.o:POSIX.c:(.text+0x555c): undefined reference to `_imp__Perl_sv_setiv'
C:\toolchains\w64devkit\bin/ld.exe: POSIX.o:POSIX.c:(.text+0x5564): undefined reference to `PL_stack_base'
C:\toolchains\w64devkit\bin/ld.exe: POSIX.o:POSIX.c:(.text+0x557f): undefined reference to `PL_stack_base'
C:\toolchains\w64devkit\bin/ld.exe: POSIX.o:POSIX.c:(.text+0x5595): undefined reference to `PL_stack_sp'
C:\toolchains\w64devkit\bin/ld.exe: POSIX.o:POSIX.c:(.text+0x55a4): undefined reference to `PL_stack_sp'
C:\toolchains\w64devkit\bin/ld.exe: POSIX.o:POSIX.c:(.text+0x55b5): undefined reference to `PL_stack_base'
C:\toolchains\w64devkit\bin/ld.exe: POSIX.o:POSIX.c:(.text+0x55fd): undefined reference to `_imp__Perl_croak_xs_usage'
C:\toolchains\w64devkit\bin/ld.exe: POSIX.o:POSIX.c:(.text+0x5605): undefined reference to `PL_stack_base'
C:\toolchains\w64devkit\bin/ld.exe: POSIX.o:POSIX.c:(.text+0x5635): undefined reference to `_imp__Perl_sv_derived_from'
C:\toolchains\w64devkit\bin/ld.exe: POSIX.o:POSIX.c:(.text+0x5657): undefined reference to `_imp__Perl_sv_2pv_flags'
C:\toolchains\w64devkit\bin/ld.exe: POSIX.o:POSIX.c:(.text+0x56ba): undefined reference to `_imp__Perl_croak'
C:\toolchains\w64devkit\bin/ld.exe: POSIX.o:POSIX.c:(.text+0x56e1): undefined reference to `_imp__Perl_sv_newmortal'
C:\toolchains\w64devkit\bin/ld.exe: POSIX.o:POSIX.c:(.text+0x570d): undefined reference to `_imp__Perl_sv_setpvn'
C:\toolchains\w64devkit\bin/ld.exe: POSIX.o:POSIX.c:(.text+0x5723): undefined reference to `_imp__Perl_sv_setiv'
C:\toolchains\w64devkit\bin/ld.exe: POSIX.o:POSIX.c:(.text+0x572b): undefined reference to `PL_stack_base'
C:\toolchains\w64devkit\bin/ld.exe: POSIX.o:POSIX.c:(.text+0x573e): undefined reference to `PL_sys_intern'
C:\toolchains\w64devkit\bin/ld.exe: POSIX.o:POSIX.c:(.text+0x5747): undefined reference to `PL_sys_intern'
C:\toolchains\w64devkit\bin/ld.exe: POSIX.o:POSIX.c:(.text+0x5753): undefined reference to `PL_sig_pending'
C:\toolchains\w64devkit\bin/ld.exe: POSIX.o:POSIX.c:(.text+0x575c): undefined reference to `_imp__win32_async_check'
C:\toolchains\w64devkit\bin/ld.exe: POSIX.o:POSIX.c:(.text+0x576b): undefined reference to `PL_stack_base'
C:\toolchains\w64devkit\bin/ld.exe: POSIX.o:POSIX.c:(.text+0x5781): undefined reference to `PL_stack_sp'
C:\toolchains\w64devkit\bin/ld.exe: POSIX.o:POSIX.c:(.text+0x5790): undefined reference to `PL_stack_sp'
C:\toolchains\w64devkit\bin/ld.exe: POSIX.o:POSIX.c:(.text+0x57a1): undefined reference to `PL_stack_base'
C:\toolchains\w64devkit\bin/ld.exe: POSIX.o:POSIX.c:(.text+0x57de): undefined reference to `_imp__Perl_croak_xs_usage'
C:\toolchains\w64devkit\bin/ld.exe: POSIX.o:POSIX.c:(.text+0x57e6): undefined reference to `PL_stack_base'
C:\toolchains\w64devkit\bin/ld.exe: POSIX.o:POSIX.c:(.text+0x5802): undefined reference to `PL_stack_base'
C:\toolchains\w64devkit\bin/ld.exe: POSIX.o:POSIX.c:(.text+0x582e): undefined reference to `PL_stack_base'
C:\toolchains\w64devkit\bin/ld.exe: POSIX.o:POSIX.c:(.text+0x584c): undefined reference to `_imp__Perl_sv_isa'
C:\toolchains\w64devkit\bin/ld.exe: POSIX.o:POSIX.c:(.text+0x5858): undefined reference to `PL_stack_base'
C:\toolchains\w64devkit\bin/ld.exe: POSIX.o:POSIX.c:(.text+0x587f): undefined reference to `_imp__Perl_sv_2pv_flags'
C:\toolchains\w64devkit\bin/ld.exe: POSIX.o:POSIX.c:(.text+0x58b4): undefined reference to `_imp__Perl_croak'
C:\toolchains\w64devkit\bin/ld.exe: POSIX.o:POSIX.c:(.text+0x58c2): undefined reference to `PL_stack_base'
C:\toolchains\w64devkit\bin/ld.exe: POSIX.o:POSIX.c:(.text+0x58ee): undefined reference to `PL_stack_base'
C:\toolchains\w64devkit\bin/ld.exe: POSIX.o:POSIX.c:(.text+0x590c): undefined reference to `_imp__Perl_sv_isa'
C:\toolchains\w64devkit\bin/ld.exe: POSIX.o:POSIX.c:(.text+0x5918): undefined reference to `PL_stack_base'
C:\toolchains\w64devkit\bin/ld.exe: POSIX.o:POSIX.c:(.text+0x593f): undefined reference to `_imp__Perl_sv_2pv_flags'
C:\toolchains\w64devkit\bin/ld.exe: POSIX.o:POSIX.c:(.text+0x5974): undefined reference to `_imp__Perl_croak'
C:\toolchains\w64devkit\bin/ld.exe: POSIX.o:POSIX.c:(.text+0x598a): undefined reference to `_imp__Perl_sv_newmortal'
C:\toolchains\w64devkit\bin/ld.exe: POSIX.o:POSIX.c:(.text+0x59b6): undefined reference to `_imp__Perl_sv_setpvn'
C:\toolchains\w64devkit\bin/ld.exe: POSIX.o:POSIX.c:(.text+0x59cc): undefined reference to `_imp__Perl_sv_setiv'
C:\toolchains\w64devkit\bin/ld.exe: POSIX.o:POSIX.c:(.text+0x59d4): undefined reference to `PL_stack_base'
C:\toolchains\w64devkit\bin/ld.exe: POSIX.o:POSIX.c:(.text+0x59ef): undefined reference to `PL_stack_base'
C:\toolchains\w64devkit\bin/ld.exe: POSIX.o:POSIX.c:(.text+0x5a05): undefined reference to `PL_stack_sp'
C:\toolchains\w64devkit\bin/ld.exe: POSIX.o:POSIX.c:(.text+0x5a14): undefined reference to `PL_stack_sp'
C:\toolchains\w64devkit\bin/ld.exe: POSIX.o:POSIX.c:(.text+0x5a25): undefined reference to `PL_stack_base'
C:\toolchains\w64devkit\bin/ld.exe: POSIX.o:POSIX.c:(.text+0x5a5c): undefined reference to `_imp__Perl_croak_xs_usage'
C:\toolchains\w64devkit\bin/ld.exe: POSIX.o:POSIX.c:(.text+0x5a64): undefined reference to `PL_stack_base'
C:\toolchains\w64devkit\bin/ld.exe: POSIX.o:POSIX.c:(.text+0x5a90): undefined reference to `PL_stack_sp'
C:\toolchains\w64devkit\bin/ld.exe: POSIX.o:POSIX.c:(.text+0x5aa1): undefined reference to `PL_stack_base'
C:\toolchains\w64devkit\bin/ld.exe: POSIX.o:POSIX.c:(.text+0x5ad8): undefined reference to `_imp__Perl_croak_xs_usage'
C:\toolchains\w64devkit\bin/ld.exe: POSIX.o:POSIX.c:(.text+0x5ae0): undefined reference to `PL_stack_base'
C:\toolchains\w64devkit\bin/ld.exe: POSIX.o:POSIX.c:(.text+0x5afc): undefined reference to `PL_stack_base'
C:\toolchains\w64devkit\bin/ld.exe: POSIX.o:POSIX.c:(.text+0x5b33): undefined reference to `_imp__win32_dup2'
C:\toolchains\w64devkit\bin/ld.exe: POSIX.o:POSIX.c:(.text+0x5b50): undefined reference to `_imp__win32_errno'
C:\toolchains\w64devkit\bin/ld.exe: POSIX.o:POSIX.c:(.text+0x5b64): undefined reference to `_imp__Perl_sv_newmortal'
C:\toolchains\w64devkit\bin/ld.exe: POSIX.o:POSIX.c:(.text+0x5b90): undefined reference to `_imp__Perl_sv_setpvn'
C:\toolchains\w64devkit\bin/ld.exe: POSIX.o:POSIX.c:(.text+0x5ba6): undefined reference to `_imp__Perl_sv_setiv'
C:\toolchains\w64devkit\bin/ld.exe: POSIX.o:POSIX.c:(.text+0x5bae): undefined reference to `PL_stack_base'
C:\toolchains\w64devkit\bin/ld.exe: POSIX.o:POSIX.c:(.text+0x5bc9): undefined reference to `PL_stack_base'
C:\toolchains\w64devkit\bin/ld.exe: POSIX.o:POSIX.c:(.text+0x5bdf): undefined reference to `PL_stack_sp'
C:\toolchains\w64devkit\bin/ld.exe: POSIX.o:POSIX.c:(.text+0x5bf2): undefined reference to `PL_stack_sp'
C:\toolchains\w64devkit\bin/ld.exe: POSIX.o:POSIX.c:(.text+0x5c05): undefined reference to `PL_stack_base'
C:\toolchains\w64devkit\bin/ld.exe: POSIX.o:POSIX.c:(.text+0x5c43): undefined reference to `_imp__Perl_croak_xs_usage'
C:\toolchains\w64devkit\bin/ld.exe: POSIX.o:POSIX.c:(.text+0x5c4b): undefined reference to `PL_stack_base'
C:\toolchains\w64devkit\bin/ld.exe: POSIX.o:POSIX.c:(.text+0x5c85): undefined reference to `PL_stack_base'
C:\toolchains\w64devkit\bin/ld.exe: POSIX.o:POSIX.c:(.text+0x5ca6): undefined reference to `PL_stack_base'
C:\toolchains\w64devkit\bin/ld.exe: POSIX.o:POSIX.c:(.text+0x5cca): undefined reference to `_imp__win32_errno'
C:\toolchains\w64devkit\bin/ld.exe: POSIX.o:POSIX.c:(.text+0x5cde): undefined reference to `_imp__Perl_newSViv'
C:\toolchains\w64devkit\bin/ld.exe: POSIX.o:POSIX.c:(.text+0x5ce8): undefined reference to `PL_stack_base'
C:\toolchains\w64devkit\bin/ld.exe: POSIX.o:POSIX.c:(.text+0x5cfb): undefined reference to `_imp__Perl_sv_2mortal'
C:\toolchains\w64devkit\bin/ld.exe: POSIX.o:POSIX.c:(.text+0x5d0d): undefined reference to `PL_stack_base'
C:\toolchains\w64devkit\bin/ld.exe: POSIX.o:POSIX.c:(.text+0x5d25): undefined reference to `PL_stack_sp'
C:\toolchains\w64devkit\bin/ld.exe: POSIX.o:POSIX.c:(.text+0x5d4e): undefined reference to `_imp__win32_lseek'
C:\toolchains\w64devkit\bin/ld.exe: POSIX.o:POSIX.c:(.text+0x5d6c): undefined reference to `_imp__Perl_newSVnv'
C:\toolchains\w64devkit\bin/ld.exe: POSIX.o:POSIX.c:(.text+0x5d7e): undefined reference to `_imp__Perl_sv_2mortal'
C:\toolchains\w64devkit\bin/ld.exe: POSIX.o:POSIX.c:(.text+0x5d8a): undefined reference to `PL_stack_base'
C:\toolchains\w64devkit\bin/ld.exe: POSIX.o:POSIX.c:(.text+0x5da8): undefined reference to `PL_stack_base'
C:\toolchains\w64devkit\bin/ld.exe: POSIX.o:POSIX.c:(.text+0x5dc0): undefined reference to `PL_stack_sp'
C:\toolchains\w64devkit\bin/ld.exe: POSIX.o:POSIX.c:(.text+0x5dd2): undefined reference to `PL_stack_sp'
C:\toolchains\w64devkit\bin/ld.exe: POSIX.o:POSIX.c:(.text+0x5de3): undefined reference to `PL_stack_base'
C:\toolchains\w64devkit\bin/ld.exe: POSIX.o:POSIX.c:(.text+0x5e1a): undefined reference to `_imp__Perl_croak_xs_usage'
C:\toolchains\w64devkit\bin/ld.exe: POSIX.o:POSIX.c:(.text+0x5e2e): undefined reference to `PL_stack_base'
C:\toolchains\w64devkit\bin/ld.exe: POSIX.o:POSIX.c:(.text+0x5e49): undefined reference to `_imp__win32_errno'
C:\toolchains\w64devkit\bin/ld.exe: POSIX.o:POSIX.c:(.text+0x5e6b): undefined reference to `_imp__win32_errno'
C:\toolchains\w64devkit\bin/ld.exe: POSIX.o:POSIX.c:(.text+0x5e82): undefined reference to `PL_stack_max'
C:\toolchains\w64devkit\bin/ld.exe: POSIX.o:POSIX.c:(.text+0x5ea3): undefined reference to `_imp__Perl_stack_grow'
C:\toolchains\w64devkit\bin/ld.exe: POSIX.o:POSIX.c:(.text+0x5ec8): undefined reference to `_imp__Perl_newSVpvn_flags'
C:\toolchains\w64devkit\bin/ld.exe: POSIX.o:POSIX.c:(.text+0x5ed6): undefined reference to `PL_stack_max'
C:\toolchains\w64devkit\bin/ld.exe: POSIX.o:POSIX.c:(.text+0x5ef7): undefined reference to `_imp__Perl_stack_grow'
C:\toolchains\w64devkit\bin/ld.exe: POSIX.o:POSIX.c:(.text+0x5f07): undefined reference to `_imp__Perl_newSViv'
C:\toolchains\w64devkit\bin/ld.exe: POSIX.o:POSIX.c:(.text+0x5f15): undefined reference to `_imp__Perl_sv_2mortal'
C:\toolchains\w64devkit\bin/ld.exe: POSIX.o:POSIX.c:(.text+0x5f24): undefined reference to `PL_stack_sp'
C:\toolchains\w64devkit\bin/ld.exe: POSIX.o:POSIX.c:(.text+0x5f34): undefined reference to `PL_stack_sp'
C:\toolchains\w64devkit\bin/ld.exe: POSIX.o:POSIX.c:(.text+0x5f45): undefined reference to `PL_stack_base'
C:\toolchains\w64devkit\bin/ld.exe: POSIX.o:POSIX.c:(.text+0x5f7c): undefined reference to `_imp__Perl_croak_xs_usage'
C:\toolchains\w64devkit\bin/ld.exe: POSIX.o:POSIX.c:(.text+0x5fa5): undefined reference to `_imp__win32_pipe'
C:\toolchains\w64devkit\bin/ld.exe: POSIX.o:POSIX.c:(.text+0x5fb1): undefined reference to `PL_stack_max'
C:\toolchains\w64devkit\bin/ld.exe: POSIX.o:POSIX.c:(.text+0x5fd3): undefined reference to `_imp__Perl_stack_grow'
C:\toolchains\w64devkit\bin/ld.exe: POSIX.o:POSIX.c:(.text+0x5fe3): undefined reference to `_imp__Perl_newSViv'
C:\toolchains\w64devkit\bin/ld.exe: POSIX.o:POSIX.c:(.text+0x5ff1): undefined reference to `_imp__Perl_sv_2mortal'
C:\toolchains\w64devkit\bin/ld.exe: POSIX.o:POSIX.c:(.text+0x6003): undefined reference to `_imp__Perl_newSViv'
C:\toolchains\w64devkit\bin/ld.exe: POSIX.o:POSIX.c:(.text+0x6011): undefined reference to `_imp__Perl_sv_2mortal'
C:\toolchains\w64devkit\bin/ld.exe: POSIX.o:POSIX.c:(.text+0x6020): undefined reference to `PL_stack_sp'
C:\toolchains\w64devkit\bin/ld.exe: POSIX.o:POSIX.c:(.text+0x6031): undefined reference to `PL_stack_sp'
C:\toolchains\w64devkit\bin/ld.exe: POSIX.o:POSIX.c:(.text+0x6042): undefined reference to `PL_stack_base'
C:\toolchains\w64devkit\bin/ld.exe: POSIX.o:POSIX.c:(.text+0x6079): undefined reference to `_imp__Perl_croak_xs_usage'
C:\toolchains\w64devkit\bin/ld.exe: POSIX.o:POSIX.c:(.text+0x6081): undefined reference to `PL_stack_base'
C:\toolchains\w64devkit\bin/ld.exe: POSIX.o:POSIX.c:(.text+0x60a1): undefined reference to `PL_stack_base'
C:\toolchains\w64devkit\bin/ld.exe: POSIX.o:POSIX.c:(.text+0x60bd): undefined reference to `PL_stack_base'
C:\toolchains\w64devkit\bin/ld.exe: POSIX.o:POSIX.c:(.text+0x60d4): undefined reference to `PL_stack_base'
C:\toolchains\w64devkit\bin/ld.exe: POSIX.o:POSIX.c:(.text+0x6102): undefined reference to `_imp__Perl_sv_grow'
C:\toolchains\w64devkit\bin/ld.exe: POSIX.o:POSIX.c:(.text+0x610d): undefined reference to `PL_stack_base'
C:\toolchains\w64devkit\bin/ld.exe: POSIX.o:POSIX.c:(.text+0x612e): undefined reference to `_imp__win32_errno'
C:\toolchains\w64devkit\bin/ld.exe: POSIX.o:POSIX.c:(.text+0x6142): undefined reference to `_imp__Perl_newSViv'
C:\toolchains\w64devkit\bin/ld.exe: POSIX.o:POSIX.c:(.text+0x614c): undefined reference to `PL_stack_base'
C:\toolchains\w64devkit\bin/ld.exe: POSIX.o:POSIX.c:(.text+0x615e): undefined reference to `_imp__Perl_sv_2mortal'
C:\toolchains\w64devkit\bin/ld.exe: POSIX.o:POSIX.c:(.text+0x616f): undefined reference to `PL_stack_base'
C:\toolchains\w64devkit\bin/ld.exe: POSIX.o:POSIX.c:(.text+0x6185): undefined reference to `PL_stack_sp'
C:\toolchains\w64devkit\bin/ld.exe: POSIX.o:POSIX.c:(.text+0x61a3): undefined reference to `_imp__win32_read'
C:\toolchains\w64devkit\bin/ld.exe: POSIX.o:POSIX.c:(.text+0x61ad): undefined reference to `_imp__Perl_sv_newmortal'
C:\toolchains\w64devkit\bin/ld.exe: POSIX.o:POSIX.c:(.text+0x61d9): undefined reference to `_imp__Perl_sv_setpvn'
C:\toolchains\w64devkit\bin/ld.exe: POSIX.o:POSIX.c:(.text+0x61ef): undefined reference to `_imp__Perl_sv_setiv'
C:\toolchains\w64devkit\bin/ld.exe: POSIX.o:POSIX.c:(.text+0x61f7): undefined reference to `PL_stack_base'
C:\toolchains\w64devkit\bin/ld.exe: POSIX.o:POSIX.c:(.text+0x6254): undefined reference to `PL_tainting'
C:\toolchains\w64devkit\bin/ld.exe: POSIX.o:POSIX.c:(.text+0x6283): undefined reference to `_imp__Perl_sv_magic'
C:\toolchains\w64devkit\bin/ld.exe: POSIX.o:POSIX.c:(.text+0x6292): undefined reference to `PL_stack_base'
C:\toolchains\w64devkit\bin/ld.exe: POSIX.o:POSIX.c:(.text+0x62a8): undefined reference to `PL_stack_sp'
C:\toolchains\w64devkit\bin/ld.exe: POSIX.o:POSIX.c:(.text+0x62b9): undefined reference to `PL_stack_sp'
C:\toolchains\w64devkit\bin/ld.exe: POSIX.o:POSIX.c:(.text+0x62ca): undefined reference to `PL_stack_base'
C:\toolchains\w64devkit\bin/ld.exe: POSIX.o:POSIX.c:(.text+0x6301): undefined reference to `_imp__Perl_croak_xs_usage'
C:\toolchains\w64devkit\bin/ld.exe: POSIX.o:POSIX.c:(.text+0x6309): undefined reference to `PL_stack_base'
C:\toolchains\w64devkit\bin/ld.exe: POSIX.o:POSIX.c:(.text+0x6325): undefined reference to `PL_stack_base'
C:\toolchains\w64devkit\bin/ld.exe: POSIX.o:POSIX.c:(.text+0x6352): undefined reference to `_imp__Perl_sv_newmortal'
C:\toolchains\w64devkit\bin/ld.exe: POSIX.o:POSIX.c:(.text+0x637e): undefined reference to `_imp__Perl_sv_setpvn'
C:\toolchains\w64devkit\bin/ld.exe: POSIX.o:POSIX.c:(.text+0x6394): undefined reference to `_imp__Perl_sv_setiv'
C:\toolchains\w64devkit\bin/ld.exe: POSIX.o:POSIX.c:(.text+0x639c): undefined reference to `PL_stack_base'
C:\toolchains\w64devkit\bin/ld.exe: POSIX.o:POSIX.c:(.text+0x63b7): undefined reference to `PL_stack_base'
C:\toolchains\w64devkit\bin/ld.exe: POSIX.o:POSIX.c:(.text+0x63cd): undefined reference to `PL_stack_sp'
C:\toolchains\w64devkit\bin/ld.exe: POSIX.o:POSIX.c:(.text+0x63dc): undefined reference to `PL_stack_sp'
C:\toolchains\w64devkit\bin/ld.exe: POSIX.o:POSIX.c:(.text+0x63ed): undefined reference to `PL_stack_base'
C:\toolchains\w64devkit\bin/ld.exe: POSIX.o:POSIX.c:(.text+0x6424): undefined reference to `_imp__Perl_croak_xs_usage'
C:\toolchains\w64devkit\bin/ld.exe: POSIX.o:POSIX.c:(.text+0x642b): undefined reference to `PL_op'
C:\toolchains\w64devkit\bin/ld.exe: POSIX.o:POSIX.c:(.text+0x643f): undefined reference to `PL_curpad'
C:\toolchains\w64devkit\bin/ld.exe: POSIX.o:POSIX.c:(.text+0x6444): undefined reference to `PL_op'
C:\toolchains\w64devkit\bin/ld.exe: POSIX.o:POSIX.c:(.text+0x6459): undefined reference to `_imp__Perl_sv_newmortal'
C:\toolchains\w64devkit\bin/ld.exe: POSIX.o:POSIX.c:(.text+0x6473): undefined reference to `PL_stack_base'
C:\toolchains\w64devkit\bin/ld.exe: POSIX.o:POSIX.c:(.text+0x64a5): undefined reference to `PL_tainted'
C:\toolchains\w64devkit\bin/ld.exe: POSIX.o:POSIX.c:(.text+0x64df): undefined reference to `_imp__Perl_sv_setiv_mg'
C:\toolchains\w64devkit\bin/ld.exe: POSIX.o:POSIX.c:(.text+0x64fa): undefined reference to `PL_stack_base'
C:\toolchains\w64devkit\bin/ld.exe: POSIX.o:POSIX.c:(.text+0x6510): undefined reference to `PL_stack_sp'
C:\toolchains\w64devkit\bin/ld.exe: POSIX.o:POSIX.c:(.text+0x6520): undefined reference to `PL_stack_sp'
C:\toolchains\w64devkit\bin/ld.exe: POSIX.o:POSIX.c:(.text+0x6531): undefined reference to `PL_stack_base'
C:\toolchains\w64devkit\bin/ld.exe: POSIX.o:POSIX.c:(.text+0x6568): undefined reference to `_imp__Perl_croak_xs_usage'
C:\toolchains\w64devkit\bin/ld.exe: POSIX.o:POSIX.c:(.text+0x656f): undefined reference to `PL_op'
C:\toolchains\w64devkit\bin/ld.exe: POSIX.o:POSIX.c:(.text+0x6583): undefined reference to `PL_curpad'
C:\toolchains\w64devkit\bin/ld.exe: POSIX.o:POSIX.c:(.text+0x6588): undefined reference to `PL_op'
C:\toolchains\w64devkit\bin/ld.exe: POSIX.o:POSIX.c:(.text+0x659d): undefined reference to `_imp__Perl_sv_newmortal'
C:\toolchains\w64devkit\bin/ld.exe: POSIX.o:POSIX.c:(.text+0x65a8): undefined reference to `PL_stack_base'
C:\toolchains\w64devkit\bin/ld.exe: POSIX.o:POSIX.c:(.text+0x65c9): undefined reference to `_imp__win32_errno'
C:\toolchains\w64devkit\bin/ld.exe: POSIX.o:POSIX.c:(.text+0x65dd): undefined reference to `_imp__Perl_newSViv'
C:\toolchains\w64devkit\bin/ld.exe: POSIX.o:POSIX.c:(.text+0x65e7): undefined reference to `PL_stack_base'
C:\toolchains\w64devkit\bin/ld.exe: POSIX.o:POSIX.c:(.text+0x65f9): undefined reference to `_imp__Perl_sv_2mortal'
C:\toolchains\w64devkit\bin/ld.exe: POSIX.o:POSIX.c:(.text+0x660a): undefined reference to `PL_stack_base'
C:\toolchains\w64devkit\bin/ld.exe: POSIX.o:POSIX.c:(.text+0x6620): undefined reference to `PL_stack_sp'
C:\toolchains\w64devkit\bin/ld.exe: POSIX.o:POSIX.c:(.text+0x663a): undefined reference to `PL_stack_base'
C:\toolchains\w64devkit\bin/ld.exe: POSIX.o:POSIX.c:(.text+0x666c): undefined reference to `PL_tainted'
C:\toolchains\w64devkit\bin/ld.exe: POSIX.o:POSIX.c:(.text+0x66a6): undefined reference to `_imp__Perl_sv_setiv_mg'
C:\toolchains\w64devkit\bin/ld.exe: POSIX.o:POSIX.c:(.text+0x66c1): undefined reference to `PL_stack_base'
C:\toolchains\w64devkit\bin/ld.exe: POSIX.o:POSIX.c:(.text+0x66d7): undefined reference to `PL_stack_sp'
C:\toolchains\w64devkit\bin/ld.exe: POSIX.o:POSIX.c:(.text+0x66e9): undefined reference to `PL_stack_sp'
C:\toolchains\w64devkit\bin/ld.exe: POSIX.o:POSIX.c:(.text+0x66fa): undefined reference to `PL_stack_base'
C:\toolchains\w64devkit\bin/ld.exe: POSIX.o:POSIX.c:(.text+0x6731): undefined reference to `_imp__Perl_croak_xs_usage'
C:\toolchains\w64devkit\bin/ld.exe: POSIX.o:POSIX.c:(.text+0x6739): undefined reference to `PL_stack_base'
C:\toolchains\w64devkit\bin/ld.exe: POSIX.o:POSIX.c:(.text+0x6758): undefined reference to `PL_stack_base'
C:\toolchains\w64devkit\bin/ld.exe: POSIX.o:POSIX.c:(.text+0x6779): undefined reference to `_imp__win32_errno'
C:\toolchains\w64devkit\bin/ld.exe: POSIX.o:POSIX.c:(.text+0x678d): undefined reference to `_imp__Perl_newSViv'
C:\toolchains\w64devkit\bin/ld.exe: POSIX.o:POSIX.c:(.text+0x6797): undefined reference to `PL_stack_base'
C:\toolchains\w64devkit\bin/ld.exe: POSIX.o:POSIX.c:(.text+0x67a9): undefined reference to `_imp__Perl_sv_2mortal'
C:\toolchains\w64devkit\bin/ld.exe: POSIX.o:POSIX.c:(.text+0x67ba): undefined reference to `PL_stack_base'
C:\toolchains\w64devkit\bin/ld.exe: POSIX.o:POSIX.c:(.text+0x67d0): undefined reference to `PL_stack_sp'
C:\toolchains\w64devkit\bin/ld.exe: POSIX.o:POSIX.c:(.text+0x67e9): undefined reference to `_imp__Perl_sv_newmortal'
C:\toolchains\w64devkit\bin/ld.exe: POSIX.o:POSIX.c:(.text+0x6815): undefined reference to `_imp__Perl_sv_setpvn'
C:\toolchains\w64devkit\bin/ld.exe: POSIX.o:POSIX.c:(.text+0x682b): undefined reference to `_imp__Perl_sv_setiv'
C:\toolchains\w64devkit\bin/ld.exe: POSIX.o:POSIX.c:(.text+0x6833): undefined reference to `PL_stack_base'
C:\toolchains\w64devkit\bin/ld.exe: POSIX.o:POSIX.c:(.text+0x684e): undefined reference to `PL_stack_base'
C:\toolchains\w64devkit\bin/ld.exe: POSIX.o:POSIX.c:(.text+0x6864): undefined reference to `PL_stack_sp'
C:\toolchains\w64devkit\bin/ld.exe: POSIX.o:POSIX.c:(.text+0x6878): undefined reference to `PL_stack_sp'
C:\toolchains\w64devkit\bin/ld.exe: POSIX.o:POSIX.c:(.text+0x6889): undefined reference to `PL_stack_base'
C:\toolchains\w64devkit\bin/ld.exe: POSIX.o:POSIX.c:(.text+0x68c0): undefined reference to `_imp__Perl_croak_xs_usage'
C:\toolchains\w64devkit\bin/ld.exe: POSIX.o:POSIX.c:(.text+0x68dc): undefined reference to `_imp__win32_uname'
C:\toolchains\w64devkit\bin/ld.exe: POSIX.o:POSIX.c:(.text+0x68eb): undefined reference to `PL_stack_max'
C:\toolchains\w64devkit\bin/ld.exe: POSIX.o:POSIX.c:(.text+0x690d): undefined reference to `_imp__Perl_stack_grow'
C:\toolchains\w64devkit\bin/ld.exe: POSIX.o:POSIX.c:(.text+0x693e): undefined reference to `_imp__Perl_newSVpvn_flags'
C:\toolchains\w64devkit\bin/ld.exe: POSIX.o:POSIX.c:(.text+0x697b): undefined reference to `_imp__Perl_newSVpvn_flags'
C:\toolchains\w64devkit\bin/ld.exe: POSIX.o:POSIX.c:(.text+0x69b8): undefined reference to `_imp__Perl_newSVpvn_flags'
C:\toolchains\w64devkit\bin/ld.exe: POSIX.o:POSIX.c:(.text+0x69f5): undefined reference to `_imp__Perl_newSVpvn_flags'
C:\toolchains\w64devkit\bin/ld.exe: POSIX.o:POSIX.c:(.text+0x6a32): undefined reference to `_imp__Perl_newSVpvn_flags'
C:\toolchains\w64devkit\bin/ld.exe: POSIX.o:POSIX.c:(.text+0x6a41): undefined reference to `PL_stack_sp'
C:\toolchains\w64devkit\bin/ld.exe: POSIX.o:POSIX.c:(.text+0x6a52): undefined reference to `PL_stack_sp'
C:\toolchains\w64devkit\bin/ld.exe: POSIX.o:POSIX.c:(.text+0x6a63): undefined reference to `PL_stack_base'
C:\toolchains\w64devkit\bin/ld.exe: POSIX.o:POSIX.c:(.text+0x6a9a): undefined reference to `_imp__Perl_croak_xs_usage'
C:\toolchains\w64devkit\bin/ld.exe: POSIX.o:POSIX.c:(.text+0x6aa2): undefined reference to `PL_stack_base'
C:\toolchains\w64devkit\bin/ld.exe: POSIX.o:POSIX.c:(.text+0x6ac6): undefined reference to `_imp__Perl_sv_2pv_flags'
C:\toolchains\w64devkit\bin/ld.exe: POSIX.o:POSIX.c:(.text+0x6af3): undefined reference to `PL_stack_base'
C:\toolchains\w64devkit\bin/ld.exe: POSIX.o:POSIX.c:(.text+0x6b12): undefined reference to `PL_stack_base'
C:\toolchains\w64devkit\bin/ld.exe: POSIX.o:POSIX.c:(.text+0x6b33): undefined reference to `_imp__win32_errno'
C:\toolchains\w64devkit\bin/ld.exe: POSIX.o:POSIX.c:(.text+0x6b47): undefined reference to `_imp__Perl_newSViv'
C:\toolchains\w64devkit\bin/ld.exe: POSIX.o:POSIX.c:(.text+0x6b51): undefined reference to `PL_stack_base'
C:\toolchains\w64devkit\bin/ld.exe: POSIX.o:POSIX.c:(.text+0x6b63): undefined reference to `_imp__Perl_sv_2mortal'
C:\toolchains\w64devkit\bin/ld.exe: POSIX.o:POSIX.c:(.text+0x6b74): undefined reference to `PL_stack_base'
C:\toolchains\w64devkit\bin/ld.exe: POSIX.o:POSIX.c:(.text+0x6b8a): undefined reference to `PL_stack_sp'
C:\toolchains\w64devkit\bin/ld.exe: POSIX.o:POSIX.c:(.text+0x6ba8): undefined reference to `_imp__win32_write'
C:\toolchains\w64devkit\bin/ld.exe: POSIX.o:POSIX.c:(.text+0x6bb2): undefined reference to `_imp__Perl_sv_newmortal'
C:\toolchains\w64devkit\bin/ld.exe: POSIX.o:POSIX.c:(.text+0x6bde): undefined reference to `_imp__Perl_sv_setpvn'
C:\toolchains\w64devkit\bin/ld.exe: POSIX.o:POSIX.c:(.text+0x6bf4): undefined reference to `_imp__Perl_sv_setiv'
C:\toolchains\w64devkit\bin/ld.exe: POSIX.o:POSIX.c:(.text+0x6bfc): undefined reference to `PL_stack_base'
C:\toolchains\w64devkit\bin/ld.exe: POSIX.o:POSIX.c:(.text+0x6c17): undefined reference to `PL_stack_base'
C:\toolchains\w64devkit\bin/ld.exe: POSIX.o:POSIX.c:(.text+0x6c2d): undefined reference to `PL_stack_sp'
C:\toolchains\w64devkit\bin/ld.exe: POSIX.o:POSIX.c:(.text+0x6c3e): undefined reference to `PL_stack_sp'
C:\toolchains\w64devkit\bin/ld.exe: POSIX.o:POSIX.c:(.text+0x6c4f): undefined reference to `PL_stack_base'
C:\toolchains\w64devkit\bin/ld.exe: POSIX.o:POSIX.c:(.text+0x6c86): undefined reference to `_imp__Perl_croak_xs_usage'
C:\toolchains\w64devkit\bin/ld.exe: POSIX.o:POSIX.c:(.text+0x6c8d): undefined reference to `_imp__win32_abort'
C:\toolchains\w64devkit\bin/ld.exe: POSIX.o:POSIX.c:(.text+0x6c9c): undefined reference to `PL_stack_base'
C:\toolchains\w64devkit\bin/ld.exe: POSIX.o:POSIX.c:(.text+0x6cb2): undefined reference to `PL_stack_sp'
C:\toolchains\w64devkit\bin/ld.exe: POSIX.o:POSIX.c:(.text+0x6cc1): undefined reference to `PL_stack_sp'
C:\toolchains\w64devkit\bin/ld.exe: POSIX.o:POSIX.c:(.text+0x6cd2): undefined reference to `PL_stack_base'
C:\toolchains\w64devkit\bin/ld.exe: POSIX.o:POSIX.c:(.text+0x6d0f): undefined reference to `_imp__Perl_croak_xs_usage'
C:\toolchains\w64devkit\bin/ld.exe: POSIX.o:POSIX.c:(.text+0x6d17): undefined reference to `PL_stack_base'
C:\toolchains\w64devkit\bin/ld.exe: POSIX.o:POSIX.c:(.text+0x6d2a): undefined reference to `PL_op'
C:\toolchains\w64devkit\bin/ld.exe: POSIX.o:POSIX.c:(.text+0x6d3e): undefined reference to `PL_curpad'
C:\toolchains\w64devkit\bin/ld.exe: POSIX.o:POSIX.c:(.text+0x6d43): undefined reference to `PL_op'
C:\toolchains\w64devkit\bin/ld.exe: POSIX.o:POSIX.c:(.text+0x6d58): undefined reference to `_imp__Perl_sv_newmortal'
C:\toolchains\w64devkit\bin/ld.exe: POSIX.o:POSIX.c:(.text+0x6d72): undefined reference to `PL_stack_base'
C:\toolchains\w64devkit\bin/ld.exe: POSIX.o:POSIX.c:(.text+0x6d90): undefined reference to `_imp__win32_errno'
C:\toolchains\w64devkit\bin/ld.exe: POSIX.o:POSIX.c:(.text+0x6d9d): undefined reference to `PL_warn_locale'
C:\toolchains\w64devkit\bin/ld.exe: POSIX.o:POSIX.c:(.text+0x6da6): undefined reference to `_imp__Perl_warn_problematic_locale'
C:\toolchains\w64devkit\bin/ld.exe: POSIX.o:POSIX.c:(.text+0x6df3): undefined reference to `_imp__Perl_newSVsv_flags'
C:\toolchains\w64devkit\bin/ld.exe: POSIX.o:POSIX.c:(.text+0x6dfd): undefined reference to `_imp__Perl_sv_2mortal'
C:\toolchains\w64devkit\bin/ld.exe: POSIX.o:POSIX.c:(.text+0x6e1d): undefined reference to `_imp__Perl_sv_utf8_downgrade_flags'
C:\toolchains\w64devkit\bin/ld.exe: POSIX.o:POSIX.c:(.text+0x6e2b): undefined reference to `_imp__win32_errno'
C:\toolchains\w64devkit\bin/ld.exe: POSIX.o:POSIX.c:(.text+0x6e51): undefined reference to `_imp__Perl_sv_2pvbyte_flags'
C:\toolchains\w64devkit\bin/ld.exe: POSIX.o:POSIX.c:(.text+0x6ea5): undefined reference to `PL_stack_base'
C:\toolchains\w64devkit\bin/ld.exe: POSIX.o:POSIX.c:(.text+0x6ed7): undefined reference to `PL_tainted'
C:\toolchains\w64devkit\bin/ld.exe: POSIX.o:POSIX.c:(.text+0x6f11): undefined reference to `_imp__Perl_sv_setiv_mg'
C:\toolchains\w64devkit\bin/ld.exe: POSIX.o:POSIX.c:(.text+0x6f2c): undefined reference to `PL_stack_base'
C:\toolchains\w64devkit\bin/ld.exe: POSIX.o:POSIX.c:(.text+0x6f42): undefined reference to `PL_stack_sp'
C:\toolchains\w64devkit\bin/ld.exe: POSIX.o:POSIX.c:(.text+0x6f51): undefined reference to `PL_stack_sp'
C:\toolchains\w64devkit\bin/ld.exe: POSIX.o:POSIX.c:(.text+0x6f62): undefined reference to `PL_stack_base'
C:\toolchains\w64devkit\bin/ld.exe: POSIX.o:POSIX.c:(.text+0x6f9f): undefined reference to `_imp__Perl_croak_xs_usage'
C:\toolchains\w64devkit\bin/ld.exe: POSIX.o:POSIX.c:(.text+0x6fa7): undefined reference to `PL_stack_base'
C:\toolchains\w64devkit\bin/ld.exe: POSIX.o:POSIX.c:(.text+0x6fbb): undefined reference to `PL_stack_base'
C:\toolchains\w64devkit\bin/ld.exe: POSIX.o:POSIX.c:(.text+0x6fd1): undefined reference to `PL_op'
C:\toolchains\w64devkit\bin/ld.exe: POSIX.o:POSIX.c:(.text+0x6fe5): undefined reference to `PL_curpad'
C:\toolchains\w64devkit\bin/ld.exe: POSIX.o:POSIX.c:(.text+0x6fea): undefined reference to `PL_op'
C:\toolchains\w64devkit\bin/ld.exe: POSIX.o:POSIX.c:(.text+0x6fff): undefined reference to `_imp__Perl_sv_newmortal'
C:\toolchains\w64devkit\bin/ld.exe: POSIX.o:POSIX.c:(.text+0x7019): undefined reference to `PL_stack_base'
C:\toolchains\w64devkit\bin/ld.exe: POSIX.o:POSIX.c:(.text+0x703e): undefined reference to `_imp__win32_errno'
C:\toolchains\w64devkit\bin/ld.exe: POSIX.o:POSIX.c:(.text+0x707c): undefined reference to `_imp__Perl_mbtowc_'
C:\toolchains\w64devkit\bin/ld.exe: POSIX.o:POSIX.c:(.text+0x709c): undefined reference to `_imp__Perl_newSVsv_flags'
C:\toolchains\w64devkit\bin/ld.exe: POSIX.o:POSIX.c:(.text+0x70a6): undefined reference to `_imp__Perl_sv_2mortal'
C:\toolchains\w64devkit\bin/ld.exe: POSIX.o:POSIX.c:(.text+0x70c6): undefined reference to `_imp__Perl_sv_utf8_downgrade_flags'
C:\toolchains\w64devkit\bin/ld.exe: POSIX.o:POSIX.c:(.text+0x70d4): undefined reference to `_imp__win32_errno'
C:\toolchains\w64devkit\bin/ld.exe: POSIX.o:POSIX.c:(.text+0x70fd): undefined reference to `_imp__Perl_sv_2pvbyte_flags'
C:\toolchains\w64devkit\bin/ld.exe: POSIX.o:POSIX.c:(.text+0x714d): undefined reference to `_imp__Perl_mbtowc_'
C:\toolchains\w64devkit\bin/ld.exe: POSIX.o:POSIX.c:(.text+0x716e): undefined reference to `_imp__Perl_sv_setiv_mg'
C:\toolchains\w64devkit\bin/ld.exe: POSIX.o:POSIX.c:(.text+0x717f): undefined reference to `PL_stack_base'
C:\toolchains\w64devkit\bin/ld.exe: POSIX.o:POSIX.c:(.text+0x71b1): undefined reference to `PL_tainted'
C:\toolchains\w64devkit\bin/ld.exe: POSIX.o:POSIX.c:(.text+0x71eb): undefined reference to `_imp__Perl_sv_setiv_mg'
C:\toolchains\w64devkit\bin/ld.exe: POSIX.o:POSIX.c:(.text+0x7206): undefined reference to `PL_stack_base'
C:\toolchains\w64devkit\bin/ld.exe: POSIX.o:POSIX.c:(.text+0x721c): undefined reference to `PL_stack_sp'
C:\toolchains\w64devkit\bin/ld.exe: POSIX.o:POSIX.c:(.text+0x722b): undefined reference to `PL_stack_sp'
C:\toolchains\w64devkit\bin/ld.exe: POSIX.o:POSIX.c:(.text+0x723c): undefined reference to `PL_stack_base'
C:\toolchains\w64devkit\bin/ld.exe: POSIX.o:POSIX.c:(.text+0x7273): undefined reference to `_imp__Perl_croak_xs_usage'
C:\toolchains\w64devkit\bin/ld.exe: POSIX.o:POSIX.c:(.text+0x727b): undefined reference to `PL_stack_base'
C:\toolchains\w64devkit\bin/ld.exe: POSIX.o:POSIX.c:(.text+0x728f): undefined reference to `PL_stack_base'
C:\toolchains\w64devkit\bin/ld.exe: POSIX.o:POSIX.c:(.text+0x72ae): undefined reference to `PL_op'
C:\toolchains\w64devkit\bin/ld.exe: POSIX.o:POSIX.c:(.text+0x72c2): undefined reference to `PL_curpad'
C:\toolchains\w64devkit\bin/ld.exe: POSIX.o:POSIX.c:(.text+0x72c7): undefined reference to `PL_op'
C:\toolchains\w64devkit\bin/ld.exe: POSIX.o:POSIX.c:(.text+0x72dc): undefined reference to `_imp__Perl_sv_newmortal'
C:\toolchains\w64devkit\bin/ld.exe: POSIX.o:POSIX.c:(.text+0x72e6): undefined reference to `_imp__win32_errno'
C:\toolchains\w64devkit\bin/ld.exe: POSIX.o:POSIX.c:(.text+0x72f3): undefined reference to `PL_warn_locale'
C:\toolchains\w64devkit\bin/ld.exe: POSIX.o:POSIX.c:(.text+0x72fc): undefined reference to `_imp__Perl_warn_problematic_locale'
C:\toolchains\w64devkit\bin/ld.exe: POSIX.o:POSIX.c:(.text+0x7310): undefined reference to `PL_sv_immortals'
C:\toolchains\w64devkit\bin/ld.exe: POSIX.o:POSIX.c:(.text+0x7364): undefined reference to `_imp__Perl_sv_setpvn_mg'
C:\toolchains\w64devkit\bin/ld.exe: POSIX.o:POSIX.c:(.text+0x736c): undefined reference to `PL_stack_base'
C:\toolchains\w64devkit\bin/ld.exe: POSIX.o:POSIX.c:(.text+0x739e): undefined reference to `PL_tainted'
C:\toolchains\w64devkit\bin/ld.exe: POSIX.o:POSIX.c:(.text+0x73d8): undefined reference to `_imp__Perl_sv_setiv_mg'
C:\toolchains\w64devkit\bin/ld.exe: POSIX.o:POSIX.c:(.text+0x73f3): undefined reference to `PL_stack_base'
C:\toolchains\w64devkit\bin/ld.exe: POSIX.o:POSIX.c:(.text+0x7409): undefined reference to `PL_stack_sp'
C:\toolchains\w64devkit\bin/ld.exe: POSIX.o:POSIX.c:(.text+0x7418): undefined reference to `PL_stack_sp'
C:\toolchains\w64devkit\bin/ld.exe: POSIX.o:POSIX.c:(.text+0x7429): undefined reference to `PL_stack_base'
C:\toolchains\w64devkit\bin/ld.exe: POSIX.o:POSIX.c:(.text+0x7460): undefined reference to `_imp__Perl_croak_xs_usage'
C:\toolchains\w64devkit\bin/ld.exe: POSIX.o:POSIX.c:(.text+0x7468): undefined reference to `PL_stack_base'
C:\toolchains\w64devkit\bin/ld.exe: POSIX.o:POSIX.c:(.text+0x7489): undefined reference to `_imp__Perl_sv_2pv_flags'
C:\toolchains\w64devkit\bin/ld.exe: POSIX.o:POSIX.c:(.text+0x74b6): undefined reference to `PL_stack_base'
C:\toolchains\w64devkit\bin/ld.exe: POSIX.o:POSIX.c:(.text+0x74da): undefined reference to `_imp__Perl_sv_2pv_flags'
C:\toolchains\w64devkit\bin/ld.exe: POSIX.o:POSIX.c:(.text+0x7506): undefined reference to `PL_op'
C:\toolchains\w64devkit\bin/ld.exe: POSIX.o:POSIX.c:(.text+0x751a): undefined reference to `PL_curpad'
C:\toolchains\w64devkit\bin/ld.exe: POSIX.o:POSIX.c:(.text+0x751f): undefined reference to `PL_op'
C:\toolchains\w64devkit\bin/ld.exe: POSIX.o:POSIX.c:(.text+0x7534): undefined reference to `_imp__Perl_sv_newmortal'
C:\toolchains\w64devkit\bin/ld.exe: POSIX.o:POSIX.c:(.text+0x753e): undefined reference to `PL_warn_locale'
C:\toolchains\w64devkit\bin/ld.exe: POSIX.o:POSIX.c:(.text+0x7547): undefined reference to `_imp__Perl_warn_problematic_locale'
C:\toolchains\w64devkit\bin/ld.exe: POSIX.o:POSIX.c:(.text+0x7566): undefined reference to `PL_stack_base'
C:\toolchains\w64devkit\bin/ld.exe: POSIX.o:POSIX.c:(.text+0x7598): undefined reference to `PL_tainted'
C:\toolchains\w64devkit\bin/ld.exe: POSIX.o:POSIX.c:(.text+0x75d2): undefined reference to `_imp__Perl_sv_setiv_mg'
C:\toolchains\w64devkit\bin/ld.exe: POSIX.o:POSIX.c:(.text+0x75ed): undefined reference to `PL_stack_base'
C:\toolchains\w64devkit\bin/ld.exe: POSIX.o:POSIX.c:(.text+0x7603): undefined reference to `PL_stack_sp'
C:\toolchains\w64devkit\bin/ld.exe: POSIX.o:POSIX.c:(.text+0x7615): undefined reference to `PL_stack_sp'
C:\toolchains\w64devkit\bin/ld.exe: POSIX.o:POSIX.c:(.text+0x7628): undefined reference to `PL_stack_base'
C:\toolchains\w64devkit\bin/ld.exe: POSIX.o:POSIX.c:(.text+0x7666): undefined reference to `_imp__Perl_croak_xs_usage'
C:\toolchains\w64devkit\bin/ld.exe: POSIX.o:POSIX.c:(.text+0x767c): undefined reference to `PL_stack_base'
C:\toolchains\w64devkit\bin/ld.exe: POSIX.o:POSIX.c:(.text+0x769e): undefined reference to `_imp__Perl_sv_2pv_flags'
C:\toolchains\w64devkit\bin/ld.exe: POSIX.o:POSIX.c:(.text+0x76d5): undefined reference to `PL_numeric_underlying'
C:\toolchains\w64devkit\bin/ld.exe: POSIX.o:POSIX.c:(.text+0x76e1): undefined reference to `PL_numeric_standard'
C:\toolchains\w64devkit\bin/ld.exe: POSIX.o:POSIX.c:(.text+0x76fa): undefined reference to `_imp__Perl_set_numeric_underlying'
C:\toolchains\w64devkit\bin/ld.exe: POSIX.o:POSIX.c:(.text+0x7701): undefined reference to `_imp__Perl_set_numeric_standard'
C:\toolchains\w64devkit\bin/ld.exe: POSIX.o:POSIX.c:(.text+0x7745): undefined reference to `_imp__Perl_newSVnv'
C:\toolchains\w64devkit\bin/ld.exe: POSIX.o:POSIX.c:(.text+0x7754): undefined reference to `_imp__Perl_sv_2mortal'
C:\toolchains\w64devkit\bin/ld.exe: POSIX.o:POSIX.c:(.text+0x776a): undefined reference to `PL_stack_max'
C:\toolchains\w64devkit\bin/ld.exe: POSIX.o:POSIX.c:(.text+0x778e): undefined reference to `_imp__Perl_stack_grow'
C:\toolchains\w64devkit\bin/ld.exe: POSIX.o:POSIX.c:(.text+0x77b0): undefined reference to `_imp__Perl_newSViv'
C:\toolchains\w64devkit\bin/ld.exe: POSIX.o:POSIX.c:(.text+0x77bf): undefined reference to `_imp__Perl_sv_2mortal'
C:\toolchains\w64devkit\bin/ld.exe: POSIX.o:POSIX.c:(.text+0x77d8): undefined reference to `PL_sv_immortals'
C:\toolchains\w64devkit\bin/ld.exe: POSIX.o:POSIX.c:(.text+0x77e1): undefined reference to `PL_stack_sp'
C:\toolchains\w64devkit\bin/ld.exe: POSIX.o:POSIX.c:(.text+0x77f2): undefined reference to `PL_stack_sp'
C:\toolchains\w64devkit\bin/ld.exe: POSIX.o:POSIX.c:(.text+0x7803): undefined reference to `PL_stack_base'
C:\toolchains\w64devkit\bin/ld.exe: POSIX.o:POSIX.c:(.text+0x7840): undefined reference to `_imp__Perl_croak_xs_usage'
C:\toolchains\w64devkit\bin/ld.exe: POSIX.o:POSIX.c:(.text+0x7854): undefined reference to `PL_stack_base'
C:\toolchains\w64devkit\bin/ld.exe: POSIX.o:POSIX.c:(.text+0x7875): undefined reference to `_imp__Perl_sv_2pv_flags'
C:\toolchains\w64devkit\bin/ld.exe: POSIX.o:POSIX.c:(.text+0x78b1): undefined reference to `PL_stack_base'
C:\toolchains\w64devkit\bin/ld.exe: POSIX.o:POSIX.c:(.text+0x78cf): undefined reference to `PL_warn_locale'
C:\toolchains\w64devkit\bin/ld.exe: POSIX.o:POSIX.c:(.text+0x78d8): undefined reference to `_imp__Perl_warn_problematic_locale'
C:\toolchains\w64devkit\bin/ld.exe: POSIX.o:POSIX.c:(.text+0x7929): undefined reference to `_imp__Perl_newSViv'
C:\toolchains\w64devkit\bin/ld.exe: POSIX.o:POSIX.c:(.text+0x7937): undefined reference to `_imp__Perl_sv_2mortal'
C:\toolchains\w64devkit\bin/ld.exe: POSIX.o:POSIX.c:(.text+0x7950): undefined reference to `PL_stack_max'
C:\toolchains\w64devkit\bin/ld.exe: POSIX.o:POSIX.c:(.text+0x7971): undefined reference to `_imp__Perl_stack_grow'
C:\toolchains\w64devkit\bin/ld.exe: POSIX.o:POSIX.c:(.text+0x7990): undefined reference to `_imp__Perl_newSViv'
C:\toolchains\w64devkit\bin/ld.exe: POSIX.o:POSIX.c:(.text+0x799e): undefined reference to `_imp__Perl_sv_2mortal'
C:\toolchains\w64devkit\bin/ld.exe: POSIX.o:POSIX.c:(.text+0x79b4): undefined reference to `PL_sv_immortals'
C:\toolchains\w64devkit\bin/ld.exe: POSIX.o:POSIX.c:(.text+0x79bb): undefined reference to `_imp__win32_errno'
C:\toolchains\w64devkit\bin/ld.exe: POSIX.o:POSIX.c:(.text+0x79d0): undefined reference to `PL_sv_immortals'
C:\toolchains\w64devkit\bin/ld.exe: POSIX.o:POSIX.c:(.text+0x79de): undefined reference to `PL_stack_max'
C:\toolchains\w64devkit\bin/ld.exe: POSIX.o:POSIX.c:(.text+0x79ff): undefined reference to `_imp__Perl_stack_grow'
C:\toolchains\w64devkit\bin/ld.exe: POSIX.o:POSIX.c:(.text+0x7a11): undefined reference to `PL_sv_immortals'
C:\toolchains\w64devkit\bin/ld.exe: POSIX.o:POSIX.c:(.text+0x7a19): undefined reference to `PL_stack_sp'
C:\toolchains\w64devkit\bin/ld.exe: POSIX.o:POSIX.c:(.text+0x7a2c): undefined reference to `PL_stack_sp'
C:\toolchains\w64devkit\bin/ld.exe: POSIX.o:POSIX.c:(.text+0x7a3d): undefined reference to `PL_stack_base'
C:\toolchains\w64devkit\bin/ld.exe: POSIX.o:POSIX.c:(.text+0x7a7a): undefined reference to `_imp__Perl_croak_xs_usage'
C:\toolchains\w64devkit\bin/ld.exe: POSIX.o:POSIX.c:(.text+0x7a8e): undefined reference to `PL_stack_base'
C:\toolchains\w64devkit\bin/ld.exe: POSIX.o:POSIX.c:(.text+0x7aaf): undefined reference to `_imp__Perl_sv_2pv_flags'
C:\toolchains\w64devkit\bin/ld.exe: POSIX.o:POSIX.c:(.text+0x7af2): undefined reference to `PL_stack_base'
C:\toolchains\w64devkit\bin/ld.exe: POSIX.o:POSIX.c:(.text+0x7b10): undefined reference to `PL_warn_locale'
C:\toolchains\w64devkit\bin/ld.exe: POSIX.o:POSIX.c:(.text+0x7b19): undefined reference to `_imp__Perl_warn_problematic_locale'
C:\toolchains\w64devkit\bin/ld.exe: POSIX.o:POSIX.c:(.text+0x7b6a): undefined reference to `_imp__Perl_newSVuv'
C:\toolchains\w64devkit\bin/ld.exe: POSIX.o:POSIX.c:(.text+0x7b78): undefined reference to `_imp__Perl_sv_2mortal'
C:\toolchains\w64devkit\bin/ld.exe: POSIX.o:POSIX.c:(.text+0x7b91): undefined reference to `PL_stack_max'
C:\toolchains\w64devkit\bin/ld.exe: POSIX.o:POSIX.c:(.text+0x7bb2): undefined reference to `_imp__Perl_stack_grow'
C:\toolchains\w64devkit\bin/ld.exe: POSIX.o:POSIX.c:(.text+0x7bd1): undefined reference to `_imp__Perl_newSViv'
C:\toolchains\w64devkit\bin/ld.exe: POSIX.o:POSIX.c:(.text+0x7bdf): undefined reference to `_imp__Perl_sv_2mortal'
C:\toolchains\w64devkit\bin/ld.exe: POSIX.o:POSIX.c:(.text+0x7bf5): undefined reference to `PL_sv_immortals'
C:\toolchains\w64devkit\bin/ld.exe: POSIX.o:POSIX.c:(.text+0x7bfc): undefined reference to `_imp__win32_errno'
C:\toolchains\w64devkit\bin/ld.exe: POSIX.o:POSIX.c:(.text+0x7c11): undefined reference to `PL_sv_immortals'
C:\toolchains\w64devkit\bin/ld.exe: POSIX.o:POSIX.c:(.text+0x7c1f): undefined reference to `PL_stack_max'
C:\toolchains\w64devkit\bin/ld.exe: POSIX.o:POSIX.c:(.text+0x7c40): undefined reference to `_imp__Perl_stack_grow'
C:\toolchains\w64devkit\bin/ld.exe: POSIX.o:POSIX.c:(.text+0x7c52): undefined reference to `PL_sv_immortals'
C:\toolchains\w64devkit\bin/ld.exe: POSIX.o:POSIX.c:(.text+0x7c5a): undefined reference to `PL_stack_sp'
C:\toolchains\w64devkit\bin/ld.exe: POSIX.o:POSIX.c:(.text+0x7c6d): undefined reference to `PL_stack_sp'
C:\toolchains\w64devkit\bin/ld.exe: POSIX.o:POSIX.c:(.text+0x7c7e): undefined reference to `PL_stack_base'
C:\toolchains\w64devkit\bin/ld.exe: POSIX.o:POSIX.c:(.text+0x7cb5): undefined reference to `_imp__Perl_croak_xs_usage'
C:\toolchains\w64devkit\bin/ld.exe: POSIX.o:POSIX.c:(.text+0x7cbd): undefined reference to `PL_stack_base'
C:\toolchains\w64devkit\bin/ld.exe: POSIX.o:POSIX.c:(.text+0x7cd0): undefined reference to `PL_warn_locale'
C:\toolchains\w64devkit\bin/ld.exe: POSIX.o:POSIX.c:(.text+0x7cd9): undefined reference to `_imp__Perl_warn_problematic_locale'
C:\toolchains\w64devkit\bin/ld.exe: POSIX.o:POSIX.c:(.text+0x7ce1): undefined reference to `PL_stack_base'
C:\toolchains\w64devkit\bin/ld.exe: POSIX.o:POSIX.c:(.text+0x7cf6): undefined reference to `_imp__Perl_strxfrm'
C:\toolchains\w64devkit\bin/ld.exe: POSIX.o:POSIX.c:(.text+0x7d07): undefined reference to `PL_stack_base'
C:\toolchains\w64devkit\bin/ld.exe: POSIX.o:POSIX.c:(.text+0x7d1d): undefined reference to `PL_stack_sp'
C:\toolchains\w64devkit\bin/ld.exe: POSIX.o:POSIX.c:(.text+0x7d2e): undefined reference to `PL_stack_sp'
C:\toolchains\w64devkit\bin/ld.exe: POSIX.o:POSIX.c:(.text+0x7d3f): undefined reference to `PL_stack_base'
C:\toolchains\w64devkit\bin/ld.exe: POSIX.o:POSIX.c:(.text+0x7d87): undefined reference to `_imp__Perl_croak_xs_usage'
C:\toolchains\w64devkit\bin/ld.exe: POSIX.o:POSIX.c:(.text+0x7d8f): undefined reference to `PL_stack_base'
C:\toolchains\w64devkit\bin/ld.exe: POSIX.o:POSIX.c:(.text+0x7db0): undefined reference to `_imp__Perl_sv_2pv_flags'
C:\toolchains\w64devkit\bin/ld.exe: POSIX.o:POSIX.c:(.text+0x7ddd): undefined reference to `PL_stack_base'
C:\toolchains\w64devkit\bin/ld.exe: POSIX.o:POSIX.c:(.text+0x7e10): undefined reference to `_imp__win32_access'
C:\toolchains\w64devkit\bin/ld.exe: POSIX.o:POSIX.c:(.text+0x7e1e): undefined reference to `PL_tainting'
C:\toolchains\w64devkit\bin/ld.exe: POSIX.o:POSIX.c:(.text+0x7e36): undefined reference to `_imp__Perl_taint_proper'
C:\toolchains\w64devkit\bin/ld.exe: POSIX.o:POSIX.c:(.text+0x7e4c): undefined reference to `_imp__Perl_sv_newmortal'
C:\toolchains\w64devkit\bin/ld.exe: POSIX.o:POSIX.c:(.text+0x7e78): undefined reference to `_imp__Perl_sv_setpvn'
C:\toolchains\w64devkit\bin/ld.exe: POSIX.o:POSIX.c:(.text+0x7e8e): undefined reference to `_imp__Perl_sv_setiv'
C:\toolchains\w64devkit\bin/ld.exe: POSIX.o:POSIX.c:(.text+0x7e96): undefined reference to `PL_stack_base'
C:\toolchains\w64devkit\bin/ld.exe: POSIX.o:POSIX.c:(.text+0x7eb1): undefined reference to `PL_stack_base'
C:\toolchains\w64devkit\bin/ld.exe: POSIX.o:POSIX.c:(.text+0x7ec7): undefined reference to `PL_stack_sp'
C:\toolchains\w64devkit\bin/ld.exe: POSIX.o:POSIX.c:(.text+0x7ed7): undefined reference to `PL_stack_sp'
C:\toolchains\w64devkit\bin/ld.exe: POSIX.o:POSIX.c:(.text+0x7ee8): undefined reference to `PL_stack_base'
C:\toolchains\w64devkit\bin/ld.exe: POSIX.o:POSIX.c:(.text+0x7f30): undefined reference to `_imp__Perl_croak_xs_usage'
C:\toolchains\w64devkit\bin/ld.exe: POSIX.o:POSIX.c:(.text+0x7f38): undefined reference to `PL_stack_base'
C:\toolchains\w64devkit\bin/ld.exe: POSIX.o:POSIX.c:(.text+0x7f59): undefined reference to `_imp__win32_errno'
C:\toolchains\w64devkit\bin/ld.exe: POSIX.o:POSIX.c:(.text+0x7f6d): undefined reference to `_imp__Perl_newSViv'
C:\toolchains\w64devkit\bin/ld.exe: POSIX.o:POSIX.c:(.text+0x7f77): undefined reference to `PL_stack_base'
C:\toolchains\w64devkit\bin/ld.exe: POSIX.o:POSIX.c:(.text+0x7f89): undefined reference to `_imp__Perl_sv_2mortal'
C:\toolchains\w64devkit\bin/ld.exe: POSIX.o:POSIX.c:(.text+0x7f9a): undefined reference to `PL_stack_base'
C:\toolchains\w64devkit\bin/ld.exe: POSIX.o:POSIX.c:(.text+0x7fb0): undefined reference to `PL_stack_sp'
C:\toolchains\w64devkit\bin/ld.exe: POSIX.o:POSIX.c:(.text+0x7fcc): undefined reference to `_imp__win32_close'
C:\toolchains\w64devkit\bin/ld.exe: POSIX.o:POSIX.c:(.text+0x7ff5): undefined reference to `_imp__win32_dup'
C:\toolchains\w64devkit\bin/ld.exe: POSIX.o:POSIX.c:(.text+0x8001): undefined reference to `_imp__win32_errno'
C:\toolchains\w64devkit\bin/ld.exe: POSIX.o:POSIX.c:(.text+0x8015): undefined reference to `_imp__Perl_sv_newmortal'
C:\toolchains\w64devkit\bin/ld.exe: POSIX.o:POSIX.c:(.text+0x8041): undefined reference to `_imp__Perl_sv_setpvn'
C:\toolchains\w64devkit\bin/ld.exe: POSIX.o:POSIX.c:(.text+0x8057): undefined reference to `_imp__Perl_sv_setiv'
C:\toolchains\w64devkit\bin/ld.exe: POSIX.o:POSIX.c:(.text+0x805f): undefined reference to `PL_stack_base'
C:\toolchains\w64devkit\bin/ld.exe: POSIX.o:POSIX.c:(.text+0x807a): undefined reference to `PL_stack_base'
C:\toolchains\w64devkit\bin/ld.exe: POSIX.o:POSIX.c:(.text+0x8090): undefined reference to `PL_stack_sp'
C:\toolchains\w64devkit\bin/ld.exe: POSIX.o:POSIX.c:(.text+0x80a2): undefined reference to `PL_stack_sp'
C:\toolchains\w64devkit\bin/ld.exe: POSIX.o:POSIX.c:(.text+0x80b3): undefined reference to `PL_stack_base'
C:\toolchains\w64devkit\bin/ld.exe: POSIX.o:POSIX.c:(.text+0x80fb): undefined reference to `_imp__Perl_croak_xs_usage'
C:\toolchains\w64devkit\bin/ld.exe: POSIX.o:POSIX.c:(.text+0x8103): undefined reference to `PL_stack_base'
C:\toolchains\w64devkit\bin/ld.exe: POSIX.o:POSIX.c:(.text+0x8122): undefined reference to `PL_stack_base'
C:\toolchains\w64devkit\bin/ld.exe: POSIX.o:POSIX.c:(.text+0x8143): undefined reference to `_imp__win32_errno'
C:\toolchains\w64devkit\bin/ld.exe: POSIX.o:POSIX.c:(.text+0x8157): undefined reference to `_imp__Perl_newSViv'
C:\toolchains\w64devkit\bin/ld.exe: POSIX.o:POSIX.c:(.text+0x8161): undefined reference to `PL_stack_base'
C:\toolchains\w64devkit\bin/ld.exe: POSIX.o:POSIX.c:(.text+0x8173): undefined reference to `_imp__Perl_sv_2mortal'
C:\toolchains\w64devkit\bin/ld.exe: POSIX.o:POSIX.c:(.text+0x8184): undefined reference to `PL_stack_base'
C:\toolchains\w64devkit\bin/ld.exe: POSIX.o:POSIX.c:(.text+0x819a): undefined reference to `PL_stack_sp'
C:\toolchains\w64devkit\bin/ld.exe: POSIX.o:POSIX.c:(.text+0x81e9): undefined reference to `_imp__win32_errno'
C:\toolchains\w64devkit\bin/ld.exe: POSIX.o:POSIX.c:(.text+0x81fd): undefined reference to `_imp__Perl_sv_newmortal'
C:\toolchains\w64devkit\bin/ld.exe: POSIX.o:POSIX.c:(.text+0x8229): undefined reference to `_imp__Perl_sv_setpvn'
C:\toolchains\w64devkit\bin/ld.exe: POSIX.o:POSIX.c:(.text+0x823f): undefined reference to `_imp__Perl_sv_setiv'
C:\toolchains\w64devkit\bin/ld.exe: POSIX.o:POSIX.c:(.text+0x8247): undefined reference to `PL_stack_base'
C:\toolchains\w64devkit\bin/ld.exe: POSIX.o:POSIX.c:(.text+0x8262): undefined reference to `PL_stack_base'
C:\toolchains\w64devkit\bin/ld.exe: POSIX.o:POSIX.c:(.text+0x8278): undefined reference to `PL_stack_sp'
C:\toolchains\w64devkit\bin/ld.exe: POSIX.o:POSIX.c:(.text+0x8289): undefined reference to `PL_stack_sp'
C:\toolchains\w64devkit\bin/ld.exe: POSIX.o:POSIX.c:(.text+0x829a): undefined reference to `PL_stack_base'
C:\toolchains\w64devkit\bin/ld.exe: POSIX.o:POSIX.c:(.text+0x82e8): undefined reference to `_imp__Perl_croak_xs_usage'
C:\toolchains\w64devkit\bin/ld.exe: POSIX.o:POSIX.c:(.text+0x82fc): undefined reference to `PL_stack_base'
C:\toolchains\w64devkit\bin/ld.exe: POSIX.o:POSIX.c:(.text+0x8318): undefined reference to `PL_stack_base'
C:\toolchains\w64devkit\bin/ld.exe: POSIX.o:POSIX.c:(.text+0x8337): undefined reference to `PL_stack_base'
C:\toolchains\w64devkit\bin/ld.exe: POSIX.o:POSIX.c:(.text+0x8356): undefined reference to `PL_stack_base'
C:\toolchains\w64devkit\bin/ld.exe: POSIX.o:POSIX.c:(.text+0x8375): undefined reference to `PL_stack_base'
C:\toolchains\w64devkit\bin/ld.exe: POSIX.o:POSIX.c:(.text+0x8394): more undefined references to `PL_stack_base' follow
C:\toolchains\w64devkit\bin/ld.exe: POSIX.o:POSIX.c:(.text+0x843c): undefined reference to `PL_op'
C:\toolchains\w64devkit\bin/ld.exe: POSIX.o:POSIX.c:(.text+0x8450): undefined reference to `PL_curpad'
C:\toolchains\w64devkit\bin/ld.exe: POSIX.o:POSIX.c:(.text+0x8455): undefined reference to `PL_op'
C:\toolchains\w64devkit\bin/ld.exe: POSIX.o:POSIX.c:(.text+0x846a): undefined reference to `_imp__Perl_sv_newmortal'
C:\toolchains\w64devkit\bin/ld.exe: POSIX.o:POSIX.c:(.text+0x847a): undefined reference to `_imp__Perl_init_tm'
C:\toolchains\w64devkit\bin/ld.exe: POSIX.o:POSIX.c:(.text+0x84fd): undefined reference to `_imp__Perl_sv_backoff'
C:\toolchains\w64devkit\bin/ld.exe: POSIX.o:POSIX.c:(.text+0x8522): undefined reference to `_imp__Perl_sv_setpvn'
C:\toolchains\w64devkit\bin/ld.exe: POSIX.o:POSIX.c:(.text+0x8538): undefined reference to `_imp__Perl_sv_setiv'
C:\toolchains\w64devkit\bin/ld.exe: POSIX.o:POSIX.c:(.text+0x8556): undefined reference to `_imp__Perl_sv_setpv'
C:\toolchains\w64devkit\bin/ld.exe: POSIX.o:POSIX.c:(.text+0x855e): undefined reference to `PL_stack_base'
C:\toolchains\w64devkit\bin/ld.exe: POSIX.o:POSIX.c:(.text+0x8579): undefined reference to `PL_stack_base'
C:\toolchains\w64devkit\bin/ld.exe: POSIX.o:POSIX.c:(.text+0x858f): undefined reference to `PL_stack_sp'
C:\toolchains\w64devkit\bin/ld.exe: POSIX.o:POSIX.c:(.text+0x859e): undefined reference to `PL_stack_sp'
C:\toolchains\w64devkit\bin/ld.exe: POSIX.o:POSIX.c:(.text+0x85af): undefined reference to `PL_stack_base'
C:\toolchains\w64devkit\bin/ld.exe: POSIX.o:POSIX.c:(.text+0x85e6): undefined reference to `_imp__Perl_croak_xs_usage'
C:\toolchains\w64devkit\bin/ld.exe: POSIX.o:POSIX.c:(.text+0x85ed): undefined reference to `PL_op'
C:\toolchains\w64devkit\bin/ld.exe: POSIX.o:POSIX.c:(.text+0x8601): undefined reference to `PL_curpad'
C:\toolchains\w64devkit\bin/ld.exe: POSIX.o:POSIX.c:(.text+0x8606): undefined reference to `PL_op'
C:\toolchains\w64devkit\bin/ld.exe: POSIX.o:POSIX.c:(.text+0x861b): undefined reference to `_imp__Perl_sv_newmortal'
C:\toolchains\w64devkit\bin/ld.exe: POSIX.o:POSIX.c:(.text+0x862e): undefined reference to `PL_stack_base'
C:\toolchains\w64devkit\bin/ld.exe: POSIX.o:POSIX.c:(.text+0x8660): undefined reference to `PL_tainted'
C:\toolchains\w64devkit\bin/ld.exe: POSIX.o:POSIX.c:(.text+0x869a): undefined reference to `_imp__Perl_sv_setiv_mg'
C:\toolchains\w64devkit\bin/ld.exe: POSIX.o:POSIX.c:(.text+0x86b5): undefined reference to `PL_stack_base'
C:\toolchains\w64devkit\bin/ld.exe: POSIX.o:POSIX.c:(.text+0x86cb): undefined reference to `PL_stack_sp'
C:\toolchains\w64devkit\bin/ld.exe: POSIX.o:POSIX.c:(.text+0x86da): undefined reference to `PL_stack_sp'
C:\toolchains\w64devkit\bin/ld.exe: POSIX.o:POSIX.c:(.text+0x86eb): undefined reference to `PL_stack_base'
C:\toolchains\w64devkit\bin/ld.exe: POSIX.o:POSIX.c:(.text+0x8722): undefined reference to `_imp__Perl_croak_xs_usage'
C:\toolchains\w64devkit\bin/ld.exe: POSIX.o:POSIX.c:(.text+0x872a): undefined reference to `PL_stack_base'
C:\toolchains\w64devkit\bin/ld.exe: POSIX.o:POSIX.c:(.text+0x8745): undefined reference to `PL_op'
C:\toolchains\w64devkit\bin/ld.exe: POSIX.o:POSIX.c:(.text+0x8759): undefined reference to `PL_curpad'
C:\toolchains\w64devkit\bin/ld.exe: POSIX.o:POSIX.c:(.text+0x875e): undefined reference to `PL_op'
C:\toolchains\w64devkit\bin/ld.exe: POSIX.o:POSIX.c:(.text+0x8773): undefined reference to `_imp__Perl_sv_newmortal'
C:\toolchains\w64devkit\bin/ld.exe: POSIX.o:POSIX.c:(.text+0x8798): undefined reference to `_imp__Perl_sv_setpv'
C:\toolchains\w64devkit\bin/ld.exe: POSIX.o:POSIX.c:(.text+0x87a0): undefined reference to `PL_stack_base'
C:\toolchains\w64devkit\bin/ld.exe: POSIX.o:POSIX.c:(.text+0x87cb): undefined reference to `_imp__Perl_mg_set'
C:\toolchains\w64devkit\bin/ld.exe: POSIX.o:POSIX.c:(.text+0x87e6): undefined reference to `PL_stack_base'
C:\toolchains\w64devkit\bin/ld.exe: POSIX.o:POSIX.c:(.text+0x87fc): undefined reference to `PL_stack_sp'
C:\toolchains\w64devkit\bin/ld.exe: POSIX.o:POSIX.c:(.text+0x880b): undefined reference to `PL_stack_sp'
C:\toolchains\w64devkit\bin/ld.exe: POSIX.o:POSIX.c:(.text+0x881c): undefined reference to `PL_stack_base'
C:\toolchains\w64devkit\bin/ld.exe: POSIX.o:POSIX.c:(.text+0x8853): undefined reference to `_imp__Perl_croak_xs_usage'
C:\toolchains\w64devkit\bin/ld.exe: POSIX.o:POSIX.c:(.text+0x886c): undefined reference to `_imp__win32_times'
C:\toolchains\w64devkit\bin/ld.exe: POSIX.o:POSIX.c:(.text+0x8876): undefined reference to `PL_stack_max'
C:\toolchains\w64devkit\bin/ld.exe: POSIX.o:POSIX.c:(.text+0x8898): undefined reference to `_imp__Perl_stack_grow'
C:\toolchains\w64devkit\bin/ld.exe: POSIX.o:POSIX.c:(.text+0x88a8): undefined reference to `_imp__Perl_newSViv'
C:\toolchains\w64devkit\bin/ld.exe: POSIX.o:POSIX.c:(.text+0x88b6): undefined reference to `_imp__Perl_sv_2mortal'
C:\toolchains\w64devkit\bin/ld.exe: POSIX.o:POSIX.c:(.text+0x88c8): undefined reference to `_imp__Perl_newSViv'
C:\toolchains\w64devkit\bin/ld.exe: POSIX.o:POSIX.c:(.text+0x88d6): undefined reference to `_imp__Perl_sv_2mortal'
C:\toolchains\w64devkit\bin/ld.exe: POSIX.o:POSIX.c:(.text+0x88e8): undefined reference to `_imp__Perl_newSViv'
C:\toolchains\w64devkit\bin/ld.exe: POSIX.o:POSIX.c:(.text+0x88f6): undefined reference to `_imp__Perl_sv_2mortal'
C:\toolchains\w64devkit\bin/ld.exe: POSIX.o:POSIX.c:(.text+0x8908): undefined reference to `_imp__Perl_newSViv'
C:\toolchains\w64devkit\bin/ld.exe: POSIX.o:POSIX.c:(.text+0x8916): undefined reference to `_imp__Perl_sv_2mortal'
C:\toolchains\w64devkit\bin/ld.exe: POSIX.o:POSIX.c:(.text+0x8928): undefined reference to `_imp__Perl_newSViv'
C:\toolchains\w64devkit\bin/ld.exe: POSIX.o:POSIX.c:(.text+0x8936): undefined reference to `_imp__Perl_sv_2mortal'
C:\toolchains\w64devkit\bin/ld.exe: POSIX.o:POSIX.c:(.text+0x8945): undefined reference to `PL_stack_sp'
C:\toolchains\w64devkit\bin/ld.exe: POSIX.o:POSIX.c:(.text+0x8958): undefined reference to `PL_stack_sp'
C:\toolchains\w64devkit\bin/ld.exe: POSIX.o:POSIX.c:(.text+0x896b): undefined reference to `PL_stack_base'
C:\toolchains\w64devkit\bin/ld.exe: POSIX.o:POSIX.c:(.text+0x89a9): undefined reference to `_imp__Perl_croak_xs_usage'
C:\toolchains\w64devkit\bin/ld.exe: POSIX.o:POSIX.c:(.text+0x89b1): undefined reference to `PL_stack_base'
C:\toolchains\w64devkit\bin/ld.exe: POSIX.o:POSIX.c:(.text+0x89cf): undefined reference to `PL_stack_base'
C:\toolchains\w64devkit\bin/ld.exe: POSIX.o:POSIX.c:(.text+0x89ef): undefined reference to `PL_op'
C:\toolchains\w64devkit\bin/ld.exe: POSIX.o:POSIX.c:(.text+0x8a03): undefined reference to `PL_curpad'
C:\toolchains\w64devkit\bin/ld.exe: POSIX.o:POSIX.c:(.text+0x8a08): undefined reference to `PL_op'
C:\toolchains\w64devkit\bin/ld.exe: POSIX.o:POSIX.c:(.text+0x8a1e): undefined reference to `_imp__Perl_sv_newmortal'
C:\toolchains\w64devkit\bin/ld.exe: POSIX.o:POSIX.c:(.text+0x8a42): undefined reference to `PL_stack_base'
C:\toolchains\w64devkit\bin/ld.exe: POSIX.o:POSIX.c:(.text+0x8a79): undefined reference to `PL_tainted'
C:\toolchains\w64devkit\bin/ld.exe: POSIX.o:POSIX.c:(.text+0x8acb): undefined reference to `_imp__Perl_sv_setnv_mg'
C:\toolchains\w64devkit\bin/ld.exe: POSIX.o:POSIX.c:(.text+0x8aea): undefined reference to `PL_stack_base'
C:\toolchains\w64devkit\bin/ld.exe: POSIX.o:POSIX.c:(.text+0x8b02): undefined reference to `PL_stack_sp'
C:\toolchains\w64devkit\bin/ld.exe: POSIX.o:POSIX.c:(.text+0x8b11): undefined reference to `PL_stack_sp'
C:\toolchains\w64devkit\bin/ld.exe: POSIX.o:POSIX.c:(.text+0x8b22): undefined reference to `PL_stack_base'
C:\toolchains\w64devkit\bin/ld.exe: POSIX.o:POSIX.c:(.text+0x8b5f): undefined reference to `_imp__Perl_croak_xs_usage'
C:\toolchains\w64devkit\bin/ld.exe: POSIX.o:POSIX.c:(.text+0x8b67): undefined reference to `PL_stack_base'
C:\toolchains\w64devkit\bin/ld.exe: POSIX.o:POSIX.c:(.text+0x8b7b): undefined reference to `PL_stack_base'
C:\toolchains\w64devkit\bin/ld.exe: POSIX.o:POSIX.c:(.text+0x8b9a): undefined reference to `PL_stack_base'
C:\toolchains\w64devkit\bin/ld.exe: POSIX.o:POSIX.c:(.text+0x8bb9): undefined reference to `PL_stack_base'
C:\toolchains\w64devkit\bin/ld.exe: POSIX.o:POSIX.c:(.text+0x8bd8): undefined reference to `PL_stack_base'
C:\toolchains\w64devkit\bin/ld.exe: POSIX.o:POSIX.c:(.text+0x8bf7): more undefined references to `PL_stack_base' follow
C:\toolchains\w64devkit\bin/ld.exe: POSIX.o:POSIX.c:(.text+0x8d03): undefined reference to `_imp__Perl_sv_strftime_ints'
C:\toolchains\w64devkit\bin/ld.exe: POSIX.o:POSIX.c:(.text+0x8d19): undefined reference to `_imp__Perl_sv_2mortal'
C:\toolchains\w64devkit\bin/ld.exe: POSIX.o:POSIX.c:(.text+0x8d37): undefined reference to `PL_tmps_ix'
C:\toolchains\w64devkit\bin/ld.exe: POSIX.o:POSIX.c:(.text+0x8d3f): undefined reference to `PL_tmps_ix'
C:\toolchains\w64devkit\bin/ld.exe: POSIX.o:POSIX.c:(.text+0x8d44): undefined reference to `PL_tmps_ix'
C:\toolchains\w64devkit\bin/ld.exe: POSIX.o:POSIX.c:(.text+0x8d4c): undefined reference to `PL_tmps_max'
C:\toolchains\w64devkit\bin/ld.exe: POSIX.o:POSIX.c:(.text+0x8d5c): undefined reference to `_imp__Perl_tmps_grow_p'
C:\toolchains\w64devkit\bin/ld.exe: POSIX.o:POSIX.c:(.text+0x8d67): undefined reference to `PL_tmps_stack'
C:\toolchains\w64devkit\bin/ld.exe: POSIX.o:POSIX.c:(.text+0x8dc7): undefined reference to `PL_stack_base'
C:\toolchains\w64devkit\bin/ld.exe: POSIX.o:POSIX.c:(.text+0x8de2): undefined reference to `PL_stack_base'
C:\toolchains\w64devkit\bin/ld.exe: POSIX.o:POSIX.c:(.text+0x8df8): undefined reference to `PL_stack_sp'
C:\toolchains\w64devkit\bin/ld.exe: POSIX.o:POSIX.c:(.text+0x8e07): undefined reference to `PL_stack_sp'
C:\toolchains\w64devkit\bin/ld.exe: POSIX.o:POSIX.c:(.text+0x8e18): undefined reference to `PL_stack_base'
C:\toolchains\w64devkit\bin/ld.exe: POSIX.o:POSIX.c:(.text+0x8e4f): undefined reference to `_imp__Perl_croak_xs_usage'
C:\toolchains\w64devkit\bin/ld.exe: POSIX.o:POSIX.c:(.text+0x8e6a): undefined reference to `PL_stack_sp'
C:\toolchains\w64devkit\bin/ld.exe: POSIX.o:POSIX.c:(.text+0x8e7a): undefined reference to `PL_stack_sp'
C:\toolchains\w64devkit\bin/ld.exe: POSIX.o:POSIX.c:(.text+0x8e8b): undefined reference to `PL_stack_base'
C:\toolchains\w64devkit\bin/ld.exe: POSIX.o:POSIX.c:(.text+0x8ec2): undefined reference to `_imp__Perl_croak_xs_usage'
C:\toolchains\w64devkit\bin/ld.exe: POSIX.o:POSIX.c:(.text+0x8ed5): undefined reference to `PL_stack_max'
C:\toolchains\w64devkit\bin/ld.exe: POSIX.o:POSIX.c:(.text+0x8ef7): undefined reference to `_imp__Perl_stack_grow'
C:\toolchains\w64devkit\bin/ld.exe: POSIX.o:POSIX.c:(.text+0x8f2b): undefined reference to `_imp__Perl_newSVpvn_flags'
C:\toolchains\w64devkit\bin/ld.exe: POSIX.o:POSIX.c:(.text+0x8f63): undefined reference to `_imp__Perl_newSVpvn_flags'
C:\toolchains\w64devkit\bin/ld.exe: POSIX.o:POSIX.c:(.text+0x8f72): undefined reference to `PL_stack_sp'
C:\toolchains\w64devkit\bin/ld.exe: POSIX.o:POSIX.c:(.text+0x8f82): undefined reference to `PL_stack_sp'
C:\toolchains\w64devkit\bin/ld.exe: POSIX.o:POSIX.c:(.text+0x8f93): undefined reference to `PL_stack_base'
C:\toolchains\w64devkit\bin/ld.exe: POSIX.o:POSIX.c:(.text+0x8fd0): undefined reference to `_imp__Perl_croak_xs_usage'
C:\toolchains\w64devkit\bin/ld.exe: POSIX.o:POSIX.c:(.text+0x8fde): undefined reference to `PL_op'
C:\toolchains\w64devkit\bin/ld.exe: POSIX.o:POSIX.c:(.text+0x8ff2): undefined reference to `PL_curpad'
C:\toolchains\w64devkit\bin/ld.exe: POSIX.o:POSIX.c:(.text+0x8ff7): undefined reference to `PL_op'
C:\toolchains\w64devkit\bin/ld.exe: POSIX.o:POSIX.c:(.text+0x900c): undefined reference to `_imp__Perl_sv_newmortal'
C:\toolchains\w64devkit\bin/ld.exe: POSIX.o:POSIX.c:(.text+0x9036): undefined reference to `_imp__Perl_sv_setpv'
C:\toolchains\w64devkit\bin/ld.exe: POSIX.o:POSIX.c:(.text+0x903e): undefined reference to `PL_stack_base'
C:\toolchains\w64devkit\bin/ld.exe: POSIX.o:POSIX.c:(.text+0x9069): undefined reference to `_imp__Perl_mg_set'
C:\toolchains\w64devkit\bin/ld.exe: POSIX.o:POSIX.c:(.text+0x9084): undefined reference to `PL_stack_base'
C:\toolchains\w64devkit\bin/ld.exe: POSIX.o:POSIX.c:(.text+0x909a): undefined reference to `PL_stack_sp'
C:\toolchains\w64devkit\bin/ld.exe: POSIX.o:POSIX.c:(.text+0x90a9): undefined reference to `PL_stack_sp'
C:\toolchains\w64devkit\bin/ld.exe: POSIX.o:POSIX.c:(.text+0x90ba): undefined reference to `PL_stack_base'
C:\toolchains\w64devkit\bin/ld.exe: POSIX.o:POSIX.c:(.text+0x90f7): undefined reference to `_imp__Perl_croak_xs_usage'
C:\toolchains\w64devkit\bin/ld.exe: POSIX.o:POSIX.c:(.text+0x9105): undefined reference to `PL_op'
C:\toolchains\w64devkit\bin/ld.exe: POSIX.o:POSIX.c:(.text+0x9119): undefined reference to `PL_curpad'
C:\toolchains\w64devkit\bin/ld.exe: POSIX.o:POSIX.c:(.text+0x911e): undefined reference to `PL_op'
C:\toolchains\w64devkit\bin/ld.exe: POSIX.o:POSIX.c:(.text+0x9133): undefined reference to `_imp__Perl_sv_newmortal'
C:\toolchains\w64devkit\bin/ld.exe: POSIX.o:POSIX.c:(.text+0x915d): undefined reference to `_imp__Perl_sv_setpv'
C:\toolchains\w64devkit\bin/ld.exe: POSIX.o:POSIX.c:(.text+0x9165): undefined reference to `PL_stack_base'
C:\toolchains\w64devkit\bin/ld.exe: POSIX.o:POSIX.c:(.text+0x9190): undefined reference to `_imp__Perl_mg_set'
C:\toolchains\w64devkit\bin/ld.exe: POSIX.o:POSIX.c:(.text+0x91ab): undefined reference to `PL_stack_base'
C:\toolchains\w64devkit\bin/ld.exe: POSIX.o:POSIX.c:(.text+0x91c1): undefined reference to `PL_stack_sp'
C:\toolchains\w64devkit\bin/ld.exe: POSIX.o:POSIX.c:(.text+0x91d1): undefined reference to `PL_stack_sp'
C:\toolchains\w64devkit\bin/ld.exe: POSIX.o:POSIX.c:(.text+0x91e2): undefined reference to `PL_stack_base'
C:\toolchains\w64devkit\bin/ld.exe: POSIX.o:POSIX.c:(.text+0x9219): undefined reference to `_imp__Perl_croak_xs_usage'
C:\toolchains\w64devkit\bin/ld.exe: POSIX.o:POSIX.c:(.text+0x9221): undefined reference to `PL_stack_base'
C:\toolchains\w64devkit\bin/ld.exe: POSIX.o:POSIX.c:(.text+0x9240): undefined reference to `PL_stack_base'
C:\toolchains\w64devkit\bin/ld.exe: POSIX.o:POSIX.c:(.text+0x9261): undefined reference to `_imp__win32_errno'
C:\toolchains\w64devkit\bin/ld.exe: POSIX.o:POSIX.c:(.text+0x9275): undefined reference to `_imp__Perl_newSViv'
C:\toolchains\w64devkit\bin/ld.exe: POSIX.o:POSIX.c:(.text+0x927f): undefined reference to `PL_stack_base'
C:\toolchains\w64devkit\bin/ld.exe: POSIX.o:POSIX.c:(.text+0x9291): undefined reference to `_imp__Perl_sv_2mortal'
C:\toolchains\w64devkit\bin/ld.exe: POSIX.o:POSIX.c:(.text+0x92a2): undefined reference to `PL_stack_base'
C:\toolchains\w64devkit\bin/ld.exe: POSIX.o:POSIX.c:(.text+0x92b8): undefined reference to `PL_stack_sp'
C:\toolchains\w64devkit\bin/ld.exe: POSIX.o:POSIX.c:(.text+0x92d1): undefined reference to `_imp__Perl_sv_newmortal'
C:\toolchains\w64devkit\bin/ld.exe: POSIX.o:POSIX.c:(.text+0x92fd): undefined reference to `_imp__Perl_sv_setpvn'
C:\toolchains\w64devkit\bin/ld.exe: POSIX.o:POSIX.c:(.text+0x9313): undefined reference to `_imp__Perl_sv_setiv'
C:\toolchains\w64devkit\bin/ld.exe: POSIX.o:POSIX.c:(.text+0x931b): undefined reference to `PL_stack_base'
C:\toolchains\w64devkit\bin/ld.exe: POSIX.o:POSIX.c:(.text+0x9336): undefined reference to `PL_stack_base'
C:\toolchains\w64devkit\bin/ld.exe: POSIX.o:POSIX.c:(.text+0x934c): undefined reference to `PL_stack_sp'
C:\toolchains\w64devkit\bin/ld.exe: POSIX.o:POSIX.c:(.text+0x935d): undefined reference to `PL_stack_sp'
C:\toolchains\w64devkit\bin/ld.exe: POSIX.o:POSIX.c:(.text+0x936e): undefined reference to `PL_stack_base'
C:\toolchains\w64devkit\bin/ld.exe: POSIX.o:POSIX.c:(.text+0x93a5): undefined reference to `_imp__Perl_croak_xs_usage'
C:\toolchains\w64devkit\bin/ld.exe: POSIX.o:POSIX.c:(.text+0x93ad): undefined reference to `PL_stack_base'
C:\toolchains\w64devkit\bin/ld.exe: POSIX.o:POSIX.c:(.text+0x93ce): undefined reference to `_imp__Perl_sv_2pv_flags'
C:\toolchains\w64devkit\bin/ld.exe: POSIX.o:POSIX.c:(.text+0x93fb): undefined reference to `PL_stack_base'
C:\toolchains\w64devkit\bin/ld.exe: POSIX.o:POSIX.c:(.text+0x9428): undefined reference to `_imp__Perl_sv_newmortal'
C:\toolchains\w64devkit\bin/ld.exe: POSIX.o:POSIX.c:(.text+0x9454): undefined reference to `_imp__Perl_sv_setpvn'
C:\toolchains\w64devkit\bin/ld.exe: POSIX.o:POSIX.c:(.text+0x946a): undefined reference to `_imp__Perl_sv_setiv'
C:\toolchains\w64devkit\bin/ld.exe: POSIX.o:POSIX.c:(.text+0x9472): undefined reference to `PL_stack_base'
C:\toolchains\w64devkit\bin/ld.exe: POSIX.o:POSIX.c:(.text+0x948d): undefined reference to `PL_stack_base'
C:\toolchains\w64devkit\bin/ld.exe: POSIX.o:POSIX.c:(.text+0x94a3): undefined reference to `PL_stack_sp'
C:\toolchains\w64devkit\bin/ld.exe: POSIX.o:POSIX.c:(.text+0x94b2): undefined reference to `PL_stack_sp'
C:\toolchains\w64devkit\bin/ld.exe: POSIX.o:POSIX.c:(.text+0x94c3): undefined reference to `PL_stack_base'
C:\toolchains\w64devkit\bin/ld.exe: POSIX.o:POSIX.c:(.text+0x94fa): undefined reference to `_imp__Perl_croak_xs_usage'
C:\toolchains\w64devkit\bin/ld.exe: POSIX.o:POSIX.c:(.text+0x9501): undefined reference to `_imp__win32_pause'
C:\toolchains\w64devkit\bin/ld.exe: POSIX.o:POSIX.c:(.text+0x950b): undefined reference to `_imp__Perl_sv_newmortal'
C:\toolchains\w64devkit\bin/ld.exe: POSIX.o:POSIX.c:(.text+0x9537): undefined reference to `_imp__Perl_sv_setpvn'
C:\toolchains\w64devkit\bin/ld.exe: POSIX.o:POSIX.c:(.text+0x954d): undefined reference to `_imp__Perl_sv_setiv'
C:\toolchains\w64devkit\bin/ld.exe: POSIX.o:POSIX.c:(.text+0x9555): undefined reference to `PL_stack_base'
C:\toolchains\w64devkit\bin/ld.exe: POSIX.o:POSIX.c:(.text+0x9568): undefined reference to `PL_sys_intern'
C:\toolchains\w64devkit\bin/ld.exe: POSIX.o:POSIX.c:(.text+0x9571): undefined reference to `PL_sys_intern'
C:\toolchains\w64devkit\bin/ld.exe: POSIX.o:POSIX.c:(.text+0x957d): undefined reference to `PL_sig_pending'
C:\toolchains\w64devkit\bin/ld.exe: POSIX.o:POSIX.c:(.text+0x9586): undefined reference to `_imp__win32_async_check'
C:\toolchains\w64devkit\bin/ld.exe: POSIX.o:POSIX.c:(.text+0x9595): undefined reference to `PL_stack_base'
C:\toolchains\w64devkit\bin/ld.exe: POSIX.o:POSIX.c:(.text+0x95ab): undefined reference to `PL_stack_sp'
C:\toolchains\w64devkit\bin/ld.exe: POSIX.o:POSIX.c:(.text+0x95ba): undefined reference to `PL_stack_sp'
C:\toolchains\w64devkit\bin/ld.exe: POSIX.o:POSIX.c:(.text+0x95cb): undefined reference to `PL_stack_base'
C:\toolchains\w64devkit\bin/ld.exe: POSIX.o:POSIX.c:(.text+0x9602): undefined reference to `_imp__Perl_croak_xs_usage'
C:\toolchains\w64devkit\bin/ld.exe: POSIX.o:POSIX.c:(.text+0x960a): undefined reference to `PL_stack_base'
C:\toolchains\w64devkit\bin/ld.exe: POSIX.o:POSIX.c:(.text+0x9625): undefined reference to `PL_op'
C:\toolchains\w64devkit\bin/ld.exe: POSIX.o:POSIX.c:(.text+0x9639): undefined reference to `PL_curpad'
C:\toolchains\w64devkit\bin/ld.exe: POSIX.o:POSIX.c:(.text+0x963e): undefined reference to `PL_op'
C:\toolchains\w64devkit\bin/ld.exe: POSIX.o:POSIX.c:(.text+0x9653): undefined reference to `_imp__Perl_sv_newmortal'
C:\toolchains\w64devkit\bin/ld.exe: POSIX.o:POSIX.c:(.text+0x9663): undefined reference to `_imp__win32_sleep'
C:\toolchains\w64devkit\bin/ld.exe: POSIX.o:POSIX.c:(.text+0x966e): undefined reference to `PL_stack_base'
C:\toolchains\w64devkit\bin/ld.exe: POSIX.o:POSIX.c:(.text+0x96a0): undefined reference to `PL_tainted'
C:\toolchains\w64devkit\bin/ld.exe: POSIX.o:POSIX.c:(.text+0x96e7): undefined reference to `_imp__Perl_sv_setuv_mg'
C:\toolchains\w64devkit\bin/ld.exe: POSIX.o:POSIX.c:(.text+0x9702): undefined reference to `PL_stack_base'
C:\toolchains\w64devkit\bin/ld.exe: POSIX.o:POSIX.c:(.text+0x9718): undefined reference to `PL_stack_sp'
C:\toolchains\w64devkit\bin/ld.exe: POSIX.o:POSIX.c:(.text+0x9727): undefined reference to `PL_stack_sp'
C:\toolchains\w64devkit\bin/ld.exe: POSIX.o:POSIX.c:(.text+0x9738): undefined reference to `PL_stack_base'
C:\toolchains\w64devkit\bin/ld.exe: POSIX.o:POSIX.c:(.text+0x976f): undefined reference to `_imp__Perl_croak_xs_usage'
C:\toolchains\w64devkit\bin/ld.exe: POSIX.o:POSIX.c:(.text+0x9777): undefined reference to `PL_stack_base'
C:\toolchains\w64devkit\bin/ld.exe: POSIX.o:POSIX.c:(.text+0x97a1): undefined reference to `_imp__Perl_sv_newmortal'
C:\toolchains\w64devkit\bin/ld.exe: POSIX.o:POSIX.c:(.text+0x97cd): undefined reference to `_imp__Perl_sv_setpvn'
C:\toolchains\w64devkit\bin/ld.exe: POSIX.o:POSIX.c:(.text+0x97e3): undefined reference to `_imp__Perl_sv_setiv'
C:\toolchains\w64devkit\bin/ld.exe: POSIX.o:POSIX.c:(.text+0x97eb): undefined reference to `PL_stack_base'
C:\toolchains\w64devkit\bin/ld.exe: POSIX.o:POSIX.c:(.text+0x9806): undefined reference to `PL_stack_base'
C:\toolchains\w64devkit\bin/ld.exe: POSIX.o:POSIX.c:(.text+0x981c): undefined reference to `PL_stack_sp'
C:\toolchains\w64devkit\bin/ld.exe: POSIX.o:POSIX.c:(.text+0x982b): undefined reference to `PL_stack_sp'
C:\toolchains\w64devkit\bin/ld.exe: POSIX.o:POSIX.c:(.text+0x983c): undefined reference to `PL_stack_base'
C:\toolchains\w64devkit\bin/ld.exe: POSIX.o:POSIX.c:(.text+0x9873): undefined reference to `_imp__Perl_croak_xs_usage'
C:\toolchains\w64devkit\bin/ld.exe: POSIX.o:POSIX.c:(.text+0x987b): undefined reference to `PL_stack_base'
C:\toolchains\w64devkit\bin/ld.exe: POSIX.o:POSIX.c:(.text+0x98a5): undefined reference to `_imp__Perl_sv_newmortal'
C:\toolchains\w64devkit\bin/ld.exe: POSIX.o:POSIX.c:(.text+0x98d1): undefined reference to `_imp__Perl_sv_setpvn'
C:\toolchains\w64devkit\bin/ld.exe: POSIX.o:POSIX.c:(.text+0x98e7): undefined reference to `_imp__Perl_sv_setiv'
C:\toolchains\w64devkit\bin/ld.exe: POSIX.o:POSIX.c:(.text+0x98ef): undefined reference to `PL_stack_base'
C:\toolchains\w64devkit\bin/ld.exe: POSIX.o:POSIX.c:(.text+0x990a): undefined reference to `PL_stack_base'
C:\toolchains\w64devkit\bin/ld.exe: POSIX.o:POSIX.c:(.text+0x9920): undefined reference to `PL_stack_sp'
C:\toolchains\w64devkit\bin/ld.exe: POSIX.o:POSIX.c:(.text+0x992f): undefined reference to `PL_stack_sp'
C:\toolchains\w64devkit\bin/ld.exe: POSIX.o:POSIX.c:(.text+0x9940): undefined reference to `PL_stack_base'
C:\toolchains\w64devkit\bin/ld.exe: POSIX.o:POSIX.c:(.text+0x9977): undefined reference to `_imp__Perl_croak_xs_usage'
C:\toolchains\w64devkit\bin/ld.exe: POSIX.o:POSIX.c:(.text+0x997f): undefined reference to `PL_stack_base'
C:\toolchains\w64devkit\bin/ld.exe: POSIX.o:POSIX.c:(.text+0x99a9): undefined reference to `_imp__Perl_sv_newmortal'
C:\toolchains\w64devkit\bin/ld.exe: POSIX.o:POSIX.c:(.text+0x99d5): undefined reference to `_imp__Perl_sv_setpvn'
C:\toolchains\w64devkit\bin/ld.exe: POSIX.o:POSIX.c:(.text+0x99eb): undefined reference to `_imp__Perl_sv_setiv'
C:\toolchains\w64devkit\bin/ld.exe: POSIX.o:POSIX.c:(.text+0x99f3): undefined reference to `PL_stack_base'
C:\toolchains\w64devkit\bin/ld.exe: POSIX.o:POSIX.c:(.text+0x9a0e): undefined reference to `PL_stack_base'
C:\toolchains\w64devkit\bin/ld.exe: POSIX.o:POSIX.c:(.text+0x9a24): undefined reference to `PL_stack_sp'
C:\toolchains\w64devkit\bin/ld.exe: POSIX.o:POSIX.c:(.text+0x9a34): undefined reference to `PL_stack_sp'
C:\toolchains\w64devkit\bin/ld.exe: POSIX.o:POSIX.c:(.text+0x9a45): undefined reference to `PL_stack_base'
C:\toolchains\w64devkit\bin/ld.exe: POSIX.o:POSIX.c:(.text+0x9a7c): undefined reference to `_imp__Perl_croak_xs_usage'
C:\toolchains\w64devkit\bin/ld.exe: POSIX.o:POSIX.c:(.text+0x9a83): undefined reference to `PL_op'
C:\toolchains\w64devkit\bin/ld.exe: POSIX.o:POSIX.c:(.text+0x9a97): undefined reference to `PL_curpad'
C:\toolchains\w64devkit\bin/ld.exe: POSIX.o:POSIX.c:(.text+0x9a9c): undefined reference to `PL_op'
C:\toolchains\w64devkit\bin/ld.exe: POSIX.o:POSIX.c:(.text+0x9ab1): undefined reference to `_imp__Perl_sv_newmortal'
C:\toolchains\w64devkit\bin/ld.exe: POSIX.o:POSIX.c:(.text+0x9abc): undefined reference to `PL_stack_base'
C:\toolchains\w64devkit\bin/ld.exe: POSIX.o:POSIX.c:(.text+0x9add): undefined reference to `_imp__win32_errno'
C:\toolchains\w64devkit\bin/ld.exe: POSIX.o:POSIX.c:(.text+0x9af1): undefined reference to `_imp__Perl_newSViv'
C:\toolchains\w64devkit\bin/ld.exe: POSIX.o:POSIX.c:(.text+0x9afb): undefined reference to `PL_stack_base'
C:\toolchains\w64devkit\bin/ld.exe: POSIX.o:POSIX.c:(.text+0x9b0d): undefined reference to `_imp__Perl_sv_2mortal'
C:\toolchains\w64devkit\bin/ld.exe: POSIX.o:POSIX.c:(.text+0x9b1e): undefined reference to `PL_stack_base'
C:\toolchains\w64devkit\bin/ld.exe: POSIX.o:POSIX.c:(.text+0x9b34): undefined reference to `PL_stack_sp'
C:\toolchains\w64devkit\bin/ld.exe: POSIX.o:POSIX.c:(.text+0x9b5e): undefined reference to `_imp__Perl_sv_setpv'
C:\toolchains\w64devkit\bin/ld.exe: POSIX.o:POSIX.c:(.text+0x9b66): undefined reference to `PL_stack_base'
C:\toolchains\w64devkit\bin/ld.exe: POSIX.o:POSIX.c:(.text+0x9b91): undefined reference to `_imp__Perl_mg_set'
C:\toolchains\w64devkit\bin/ld.exe: POSIX.o:POSIX.c:(.text+0x9bac): undefined reference to `PL_stack_base'
C:\toolchains\w64devkit\bin/ld.exe: POSIX.o:POSIX.c:(.text+0x9bc2): undefined reference to `PL_stack_sp'
C:\toolchains\w64devkit\bin/ld.exe: POSIX.o:POSIX.c:(.text+0x9bd3): undefined reference to `PL_stack_sp'
C:\toolchains\w64devkit\bin/ld.exe: POSIX.o:POSIX.c:(.text+0x9be4): undefined reference to `PL_stack_base'
C:\toolchains\w64devkit\bin/ld.exe: POSIX.o:POSIX.c:(.text+0x9c1b): undefined reference to `_imp__Perl_croak_xs_usage'
C:\toolchains\w64devkit\bin/ld.exe: POSIX.o:POSIX.c:(.text+0x9c2e): undefined reference to `PL_op'
C:\toolchains\w64devkit\bin/ld.exe: POSIX.o:POSIX.c:(.text+0x9c42): undefined reference to `PL_curpad'
C:\toolchains\w64devkit\bin/ld.exe: POSIX.o:POSIX.c:(.text+0x9c47): undefined reference to `PL_op'
C:\toolchains\w64devkit\bin/ld.exe: POSIX.o:POSIX.c:(.text+0x9c5c): undefined reference to `_imp__Perl_sv_newmortal'
C:\toolchains\w64devkit\bin/ld.exe: POSIX.o:POSIX.c:(.text+0x9c6c): undefined reference to `_imp__Perl_getcwd_sv'
C:\toolchains\w64devkit\bin/ld.exe: POSIX.o:POSIX.c:(.text+0x9c74): undefined reference to `PL_stack_base'
C:\toolchains\w64devkit\bin/ld.exe: POSIX.o:POSIX.c:(.text+0x9c9f): undefined reference to `_imp__Perl_mg_set'
C:\toolchains\w64devkit\bin/ld.exe: POSIX.o:POSIX.c:(.text+0x9cb5): undefined reference to `PL_stack_sp'
C:\toolchains\w64devkit\bin/ld.exe: POSIX.o:POSIX.c:(.text+0x9cc5): undefined reference to `PL_stack_sp'
C:\toolchains\w64devkit\bin/ld.exe: POSIX.o:POSIX.c:(.text+0x9cd6): undefined reference to `PL_stack_base'
C:\toolchains\w64devkit\bin/ld.exe: POSIX.o:POSIX.c:(.text+0x9d0d): undefined reference to `_imp__Perl_croak_xs_usage'
C:\toolchains\w64devkit\bin/ld.exe: POSIX.o:POSIX.c:(.text+0x9d15): undefined reference to `PL_stack_base'
C:\toolchains\w64devkit\bin/ld.exe: POSIX.o:POSIX.c:(.text+0x9d31): undefined reference to `PL_stack_base'
C:\toolchains\w64devkit\bin/ld.exe: POSIX.o:POSIX.c:(.text+0x9d50): undefined reference to `PL_stack_base'
C:\toolchains\w64devkit\bin/ld.exe: POSIX.o:POSIX.c:(.text+0x9d74): undefined reference to `_imp__Perl_sv_2pv_flags'
C:\toolchains\w64devkit\bin/ld.exe: POSIX.o:POSIX.c:(.text+0x9daf): undefined reference to `_imp__Perl_sv_newmortal'
C:\toolchains\w64devkit\bin/ld.exe: POSIX.o:POSIX.c:(.text+0x9ddb): undefined reference to `_imp__Perl_sv_setpvn'
C:\toolchains\w64devkit\bin/ld.exe: POSIX.o:POSIX.c:(.text+0x9df1): undefined reference to `_imp__Perl_sv_setiv'
C:\toolchains\w64devkit\bin/ld.exe: POSIX.o:POSIX.c:(.text+0x9df9): undefined reference to `PL_stack_base'
C:\toolchains\w64devkit\bin/ld.exe: POSIX.o:POSIX.c:(.text+0x9e14): undefined reference to `PL_stack_base'
C:\toolchains\w64devkit\bin/ld.exe: POSIX.o:POSIX.c:(.text+0x9e2a): undefined reference to `PL_stack_sp'
C:\toolchains\w64devkit\bin/ld.exe: POSIX.o:POSIX.c:(.text+0x9e5e): undefined reference to `_imp__Perl_xs_handshake'
C:\toolchains\w64devkit\bin/ld.exe: POSIX.o:POSIX.c:(.text+0x9e6d): undefined reference to `PL_stack_base'
C:\toolchains\w64devkit\bin/ld.exe: POSIX.o:POSIX.c:(.text+0x9e8b): undefined reference to `PL_stack_sp'
C:\toolchains\w64devkit\bin/ld.exe: POSIX.o:POSIX.c:(.text+0x9ec9): undefined reference to `_imp__Perl_newXS_deffile'
C:\toolchains\w64devkit\bin/ld.exe: POSIX.o:POSIX.c:(.text+0x9edf): undefined reference to `_imp__Perl_newXS_deffile'
C:\toolchains\w64devkit\bin/ld.exe: POSIX.o:POSIX.c:(.text+0x9f12): undefined reference to `_imp__Perl_newXS_deffile'
C:\toolchains\w64devkit\bin/ld.exe: POSIX.o:POSIX.c:(.text+0x9f45): undefined reference to `_imp__Perl_newXS_deffile'
C:\toolchains\w64devkit\bin/ld.exe: POSIX.o:POSIX.c:(.text+0x9f78): undefined reference to `_imp__Perl_newXS_deffile'
C:\toolchains\w64devkit\bin/ld.exe: POSIX.o:POSIX.c:(.text+0x9fab): more undefined references to `_imp__Perl_newXS_deffile' follow
C:\toolchains\w64devkit\bin/ld.exe: POSIX.o:POSIX.c:(.text+0xaa65): undefined reference to `_imp__Perl_newXS_flags'
C:\toolchains\w64devkit\bin/ld.exe: POSIX.o:POSIX.c:(.text+0xaab3): undefined reference to `_imp__Perl_newXS_flags'
C:\toolchains\w64devkit\bin/ld.exe: POSIX.o:POSIX.c:(.text+0xaae6): undefined reference to `_imp__Perl_newXS_deffile'
C:\toolchains\w64devkit\bin/ld.exe: POSIX.o:POSIX.c:(.text+0xaafc): undefined reference to `_imp__Perl_newXS_deffile'
C:\toolchains\w64devkit\bin/ld.exe: POSIX.o:POSIX.c:(.text+0xab2f): undefined reference to `_imp__Perl_newXS_deffile'
C:\toolchains\w64devkit\bin/ld.exe: POSIX.o:POSIX.c:(.text+0xab62): undefined reference to `_imp__Perl_newXS_deffile'
C:\toolchains\w64devkit\bin/ld.exe: POSIX.o:POSIX.c:(.text+0xab95): undefined reference to `_imp__Perl_newXS_deffile'
C:\toolchains\w64devkit\bin/ld.exe: POSIX.o:POSIX.c:(.text+0xabc8): more undefined references to `_imp__Perl_newXS_deffile' follow
C:\toolchains\w64devkit\bin/ld.exe: POSIX.o:POSIX.c:(.text+0xb71c): undefined reference to `_imp__Perl_get_hv'
C:\toolchains\w64devkit\bin/ld.exe: POSIX.o:POSIX.c:(.text+0xb765): undefined reference to `_imp__Perl_newSViv'
C:\toolchains\w64devkit\bin/ld.exe: POSIX.o:POSIX.c:(.text+0xb7be): undefined reference to `_imp__Perl_newSVnv'
C:\toolchains\w64devkit\bin/ld.exe: POSIX.o:POSIX.c:(.text+0xb817): undefined reference to `_imp__Perl_newSVuv'
C:\toolchains\w64devkit\bin/ld.exe: POSIX.o:POSIX.c:(.text+0xb879): undefined reference to `PL_sv_immortals'
C:\toolchains\w64devkit\bin/ld.exe: POSIX.o:POSIX.c:(.text+0xb8fe): undefined reference to `_imp__Perl_hv_common_key_len'
C:\toolchains\w64devkit\bin/ld.exe: POSIX.o:POSIX.c:(.text+0xb92a): undefined reference to `_imp__Perl_croak'
C:\toolchains\w64devkit\bin/ld.exe: POSIX.o:POSIX.c:(.text+0xb981): undefined reference to `_imp__Perl_sv_setpvn'
C:\toolchains\w64devkit\bin/ld.exe: POSIX.o:POSIX.c:(.text+0xb9c0): undefined reference to `PL_sv_immortals'
C:\toolchains\w64devkit\bin/ld.exe: POSIX.o:POSIX.c:(.text+0xb9d3): undefined reference to `_imp__Perl_newCONSTSUB'
C:\toolchains\w64devkit\bin/ld.exe: POSIX.o:POSIX.c:(.text+0xbac3): undefined reference to `PL_sv_immortals'
C:\toolchains\w64devkit\bin/ld.exe: POSIX.o:POSIX.c:(.text+0xbaee): undefined reference to `_imp__Perl_hv_common'
C:\toolchains\w64devkit\bin/ld.exe: POSIX.o:POSIX.c:(.text+0xbb0d): undefined reference to `_imp__Perl_croak'
C:\toolchains\w64devkit\bin/ld.exe: POSIX.o:POSIX.c:(.text+0xbb42): undefined reference to `_imp__Perl_newSViv'
C:\toolchains\w64devkit\bin/ld.exe: POSIX.o:POSIX.c:(.text+0xbb84): undefined reference to `_imp__Perl_newSViv'
C:\toolchains\w64devkit\bin/ld.exe: POSIX.o:POSIX.c:(.text+0xbbc3): undefined reference to `_imp__Perl_newSViv'
C:\toolchains\w64devkit\bin/ld.exe: POSIX.o:POSIX.c:(.text+0xbc02): undefined reference to `_imp__Perl_newSViv'
C:\toolchains\w64devkit\bin/ld.exe: POSIX.o:POSIX.c:(.text+0xbc3b): undefined reference to `_imp__Perl_newSViv'
C:\toolchains\w64devkit\bin/ld.exe: POSIX.o:POSIX.c:(.text+0xbc76): undefined reference to `_imp__Perl_newSVnv'
C:\toolchains\w64devkit\bin/ld.exe: POSIX.o:POSIX.c:(.text+0xbcb1): undefined reference to `_imp__Perl_newSVnv'
C:\toolchains\w64devkit\bin/ld.exe: POSIX.o:POSIX.c:(.text+0xbcec): undefined reference to `_imp__Perl_newSVnv'
C:\toolchains\w64devkit\bin/ld.exe: POSIX.o:POSIX.c:(.text+0xbd27): undefined reference to `_imp__Perl_newSVnv'
C:\toolchains\w64devkit\bin/ld.exe: POSIX.o:POSIX.c:(.text+0xbd62): undefined reference to `_imp__Perl_newSVnv'
C:\toolchains\w64devkit\bin/ld.exe: POSIX.o:POSIX.c:(.text+0xbd9d): more undefined references to `_imp__Perl_newSVnv' follow
C:\toolchains\w64devkit\bin/ld.exe: POSIX.o:POSIX.c:(.text+0xbef8): undefined reference to `_imp__Perl_mro_method_changed_in'
C:\toolchains\w64devkit\bin/ld.exe: POSIX.o:POSIX.c:(.text+0xbf09): undefined reference to `_imp__Perl_xs_boot_epilog'
C:\toolchains\w64devkit\bin/ld.exe: Socket.o:Socket.c:(.text+0x16): undefined reference to `_imp__Perl_croak'
C:\toolchains\w64devkit\bin/ld.exe: Socket.o:Socket.c:(.text+0x20): undefined reference to `PL_markstack_ptr'
C:\toolchains\w64devkit\bin/ld.exe: Socket.o:Socket.c:(.text+0x29): undefined reference to `PL_markstack_ptr'
C:\toolchains\w64devkit\bin/ld.exe: Socket.o:Socket.c:(.text+0x38): undefined reference to `PL_op'
C:\toolchains\w64devkit\bin/ld.exe: Socket.o:Socket.c:(.text+0x53): undefined reference to `PL_curstackinfo'
C:\toolchains\w64devkit\bin/ld.exe: Socket.o:Socket.c:(.text+0x64): undefined reference to `PL_curstackinfo'
C:\toolchains\w64devkit\bin/ld.exe: Socket.o:Socket.c:(.text+0x7f): undefined reference to `PL_curstackinfo'
C:\toolchains\w64devkit\bin/ld.exe: Socket.o:Socket.c:(.text+0xbd): undefined reference to `_imp__Perl_mg_get'
C:\toolchains\w64devkit\bin/ld.exe: Socket.o:Socket.c:(.text+0xf9): undefined reference to `_imp__Perl_sv_2iv_flags'
C:\toolchains\w64devkit\bin/ld.exe: Socket.o:Socket.c:(.text+0x134): undefined reference to `_imp__Perl_sv_2uv_flags'
C:\toolchains\w64devkit\bin/ld.exe: Socket.o:Socket.c:(.text+0x667): undefined reference to `_imp__Perl_croak'
C:\toolchains\w64devkit\bin/ld.exe: Socket.o:Socket.c:(.text+0x68b): undefined reference to `_imp__Perl_gv_stashpvn'
C:\toolchains\w64devkit\bin/ld.exe: Socket.o:Socket.c:(.text+0x69c): undefined reference to `_imp__Perl_newSViv'
C:\toolchains\w64devkit\bin/ld.exe: Socket.o:Socket.c:(.text+0x6b5): undefined reference to `_imp__Perl_newCONSTSUB'
C:\toolchains\w64devkit\bin/ld.exe: Socket.o:Socket.c:(.text+0x6c3): undefined reference to `_imp__Perl_newSViv'
C:\toolchains\w64devkit\bin/ld.exe: Socket.o:Socket.c:(.text+0x6dc): undefined reference to `_imp__Perl_newCONSTSUB'
C:\toolchains\w64devkit\bin/ld.exe: Socket.o:Socket.c:(.text+0x6ea): undefined reference to `_imp__Perl_newSViv'
C:\toolchains\w64devkit\bin/ld.exe: Socket.o:Socket.c:(.text+0x703): undefined reference to `_imp__Perl_newCONSTSUB'
C:\toolchains\w64devkit\bin/ld.exe: Socket.o:Socket.c:(.text+0x711): undefined reference to `_imp__Perl_newSViv'
C:\toolchains\w64devkit\bin/ld.exe: Socket.o:Socket.c:(.text+0x72a): undefined reference to `_imp__Perl_newCONSTSUB'
C:\toolchains\w64devkit\bin/ld.exe: Socket.o:Socket.c:(.text+0x738): undefined reference to `_imp__Perl_newSViv'
C:\toolchains\w64devkit\bin/ld.exe: Socket.o:Socket.c:(.text+0x751): undefined reference to `_imp__Perl_newCONSTSUB'
C:\toolchains\w64devkit\bin/ld.exe: Socket.o:Socket.c:(.text+0x75f): undefined reference to `_imp__Perl_newSViv'
C:\toolchains\w64devkit\bin/ld.exe: Socket.o:Socket.c:(.text+0x778): undefined reference to `_imp__Perl_newCONSTSUB'
C:\toolchains\w64devkit\bin/ld.exe: Socket.o:Socket.c:(.text+0x786): undefined reference to `_imp__Perl_newSViv'
C:\toolchains\w64devkit\bin/ld.exe: Socket.o:Socket.c:(.text+0x79f): undefined reference to `_imp__Perl_newCONSTSUB'
C:\toolchains\w64devkit\bin/ld.exe: Socket.o:Socket.c:(.text+0x7ad): undefined reference to `_imp__Perl_newSViv'
C:\toolchains\w64devkit\bin/ld.exe: Socket.o:Socket.c:(.text+0x7c6): undefined reference to `_imp__Perl_newCONSTSUB'
C:\toolchains\w64devkit\bin/ld.exe: Socket.o:Socket.c:(.text+0x7d4): undefined reference to `_imp__Perl_newSViv'
C:\toolchains\w64devkit\bin/ld.exe: Socket.o:Socket.c:(.text+0x7ed): undefined reference to `_imp__Perl_newCONSTSUB'
C:\toolchains\w64devkit\bin/ld.exe: Socket.o:Socket.c:(.text+0x7fb): undefined reference to `_imp__Perl_newSViv'
C:\toolchains\w64devkit\bin/ld.exe: Socket.o:Socket.c:(.text+0x814): undefined reference to `_imp__Perl_newCONSTSUB'
C:\toolchains\w64devkit\bin/ld.exe: Socket.o:Socket.c:(.text+0x822): undefined reference to `_imp__Perl_newSViv'
C:\toolchains\w64devkit\bin/ld.exe: Socket.o:Socket.c:(.text+0x83b): undefined reference to `_imp__Perl_newCONSTSUB'
C:\toolchains\w64devkit\bin/ld.exe: Socket.o:Socket.c:(.text+0x849): undefined reference to `_imp__Perl_newSViv'
C:\toolchains\w64devkit\bin/ld.exe: Socket.o:Socket.c:(.text+0x862): undefined reference to `_imp__Perl_newCONSTSUB'
C:\toolchains\w64devkit\bin/ld.exe: Socket.o:Socket.c:(.text+0x870): undefined reference to `_imp__Perl_newSViv'
C:\toolchains\w64devkit\bin/ld.exe: Socket.o:Socket.c:(.text+0x889): undefined reference to `_imp__Perl_newCONSTSUB'
C:\toolchains\w64devkit\bin/ld.exe: Socket.o:Socket.c:(.text+0x897): undefined reference to `_imp__Perl_newSViv'
C:\toolchains\w64devkit\bin/ld.exe: Socket.o:Socket.c:(.text+0x8b0): undefined reference to `_imp__Perl_newCONSTSUB'
C:\toolchains\w64devkit\bin/ld.exe: Socket.o:Socket.c:(.text+0x8be): undefined reference to `_imp__Perl_newSViv'
C:\toolchains\w64devkit\bin/ld.exe: Socket.o:Socket.c:(.text+0x8d7): undefined reference to `_imp__Perl_newCONSTSUB'
C:\toolchains\w64devkit\bin/ld.exe: Socket.o:Socket.c:(.text+0x8e5): undefined reference to `_imp__Perl_newSViv'
C:\toolchains\w64devkit\bin/ld.exe: Socket.o:Socket.c:(.text+0x8fe): undefined reference to `_imp__Perl_newCONSTSUB'
C:\toolchains\w64devkit\bin/ld.exe: Socket.o:Socket.c:(.text+0x90c): undefined reference to `_imp__Perl_newSViv'
C:\toolchains\w64devkit\bin/ld.exe: Socket.o:Socket.c:(.text+0x925): undefined reference to `_imp__Perl_newCONSTSUB'
C:\toolchains\w64devkit\bin/ld.exe: Socket.o:Socket.c:(.text+0x933): undefined reference to `_imp__Perl_newSViv'
C:\toolchains\w64devkit\bin/ld.exe: Socket.o:Socket.c:(.text+0x94c): undefined reference to `_imp__Perl_newCONSTSUB'
C:\toolchains\w64devkit\bin/ld.exe: Socket.o:Socket.c:(.text+0x95a): undefined reference to `_imp__Perl_newSViv'
C:\toolchains\w64devkit\bin/ld.exe: Socket.o:Socket.c:(.text+0x973): undefined reference to `_imp__Perl_newCONSTSUB'
C:\toolchains\w64devkit\bin/ld.exe: Socket.o:Socket.c:(.text+0x981): undefined reference to `_imp__Perl_newSViv'
C:\toolchains\w64devkit\bin/ld.exe: Socket.o:Socket.c:(.text+0x99a): undefined reference to `_imp__Perl_newCONSTSUB'
C:\toolchains\w64devkit\bin/ld.exe: Socket.o:Socket.c:(.text+0x9a8): undefined reference to `_imp__Perl_newSViv'
C:\toolchains\w64devkit\bin/ld.exe: Socket.o:Socket.c:(.text+0x9c1): undefined reference to `_imp__Perl_newCONSTSUB'
C:\toolchains\w64devkit\bin/ld.exe: Socket.o:Socket.c:(.text+0x9cf): undefined reference to `_imp__Perl_newSVuv'
C:\toolchains\w64devkit\bin/ld.exe: Socket.o:Socket.c:(.text+0x9e8): undefined reference to `_imp__Perl_newCONSTSUB'
C:\toolchains\w64devkit\bin/ld.exe: Socket.o:Socket.c:(.text+0x9f6): undefined reference to `_imp__Perl_newSVuv'
C:\toolchains\w64devkit\bin/ld.exe: Socket.o:Socket.c:(.text+0xa0f): undefined reference to `_imp__Perl_newCONSTSUB'
C:\toolchains\w64devkit\bin/ld.exe: Socket.o:Socket.c:(.text+0xa1d): undefined reference to `_imp__Perl_newSVuv'
C:\toolchains\w64devkit\bin/ld.exe: Socket.o:Socket.c:(.text+0xa36): undefined reference to `_imp__Perl_newCONSTSUB'
C:\toolchains\w64devkit\bin/ld.exe: Socket.o:Socket.c:(.text+0xa44): undefined reference to `_imp__Perl_newSVuv'
C:\toolchains\w64devkit\bin/ld.exe: Socket.o:Socket.c:(.text+0xa5d): undefined reference to `_imp__Perl_newCONSTSUB'
C:\toolchains\w64devkit\bin/ld.exe: Socket.o:Socket.c:(.text+0xa6b): undefined reference to `_imp__Perl_newSViv'
C:\toolchains\w64devkit\bin/ld.exe: Socket.o:Socket.c:(.text+0xa84): undefined reference to `_imp__Perl_newCONSTSUB'
C:\toolchains\w64devkit\bin/ld.exe: Socket.o:Socket.c:(.text+0xa92): undefined reference to `_imp__Perl_newSViv'
C:\toolchains\w64devkit\bin/ld.exe: Socket.o:Socket.c:(.text+0xaab): undefined reference to `_imp__Perl_newCONSTSUB'
C:\toolchains\w64devkit\bin/ld.exe: Socket.o:Socket.c:(.text+0xab9): undefined reference to `_imp__Perl_newSViv'
C:\toolchains\w64devkit\bin/ld.exe: Socket.o:Socket.c:(.text+0xad2): undefined reference to `_imp__Perl_newCONSTSUB'
C:\toolchains\w64devkit\bin/ld.exe: Socket.o:Socket.c:(.text+0xae0): undefined reference to `_imp__Perl_newSViv'
C:\toolchains\w64devkit\bin/ld.exe: Socket.o:Socket.c:(.text+0xaf9): undefined reference to `_imp__Perl_newCONSTSUB'
C:\toolchains\w64devkit\bin/ld.exe: Socket.o:Socket.c:(.text+0xb07): undefined reference to `_imp__Perl_newSViv'
C:\toolchains\w64devkit\bin/ld.exe: Socket.o:Socket.c:(.text+0xb20): undefined reference to `_imp__Perl_newCONSTSUB'
C:\toolchains\w64devkit\bin/ld.exe: Socket.o:Socket.c:(.text+0xb2e): undefined reference to `_imp__Perl_newSViv'
C:\toolchains\w64devkit\bin/ld.exe: Socket.o:Socket.c:(.text+0xb47): undefined reference to `_imp__Perl_newCONSTSUB'
C:\toolchains\w64devkit\bin/ld.exe: Socket.o:Socket.c:(.text+0xb55): undefined reference to `_imp__Perl_newSViv'
C:\toolchains\w64devkit\bin/ld.exe: Socket.o:Socket.c:(.text+0xb6e): undefined reference to `_imp__Perl_newCONSTSUB'
C:\toolchains\w64devkit\bin/ld.exe: Socket.o:Socket.c:(.text+0xb7c): undefined reference to `_imp__Perl_newSViv'
C:\toolchains\w64devkit\bin/ld.exe: Socket.o:Socket.c:(.text+0xb95): undefined reference to `_imp__Perl_newCONSTSUB'
C:\toolchains\w64devkit\bin/ld.exe: Socket.o:Socket.c:(.text+0xba3): undefined reference to `_imp__Perl_newSViv'
C:\toolchains\w64devkit\bin/ld.exe: Socket.o:Socket.c:(.text+0xbbc): undefined reference to `_imp__Perl_newCONSTSUB'
C:\toolchains\w64devkit\bin/ld.exe: Socket.o:Socket.c:(.text+0xbca): undefined reference to `_imp__Perl_newSViv'
C:\toolchains\w64devkit\bin/ld.exe: Socket.o:Socket.c:(.text+0xbe3): undefined reference to `_imp__Perl_newCONSTSUB'
C:\toolchains\w64devkit\bin/ld.exe: Socket.o:Socket.c:(.text+0xbf1): undefined reference to `_imp__Perl_newSViv'
C:\toolchains\w64devkit\bin/ld.exe: Socket.o:Socket.c:(.text+0xc0a): undefined reference to `_imp__Perl_newCONSTSUB'
C:\toolchains\w64devkit\bin/ld.exe: Socket.o:Socket.c:(.text+0xc18): undefined reference to `_imp__Perl_newSViv'
C:\toolchains\w64devkit\bin/ld.exe: Socket.o:Socket.c:(.text+0xc31): undefined reference to `_imp__Perl_newCONSTSUB'
C:\toolchains\w64devkit\bin/ld.exe: Socket.o:Socket.c:(.text+0xc3f): undefined reference to `_imp__Perl_newSViv'
C:\toolchains\w64devkit\bin/ld.exe: Socket.o:Socket.c:(.text+0xc58): undefined reference to `_imp__Perl_newCONSTSUB'
C:\toolchains\w64devkit\bin/ld.exe: Socket.o:Socket.c:(.text+0xc66): undefined reference to `_imp__Perl_newSViv'
C:\toolchains\w64devkit\bin/ld.exe: Socket.o:Socket.c:(.text+0xc7f): undefined reference to `_imp__Perl_newCONSTSUB'
C:\toolchains\w64devkit\bin/ld.exe: Socket.o:Socket.c:(.text+0xc8d): undefined reference to `_imp__Perl_newSViv'
C:\toolchains\w64devkit\bin/ld.exe: Socket.o:Socket.c:(.text+0xca6): undefined reference to `_imp__Perl_newCONSTSUB'
C:\toolchains\w64devkit\bin/ld.exe: Socket.o:Socket.c:(.text+0xcb4): undefined reference to `_imp__Perl_newSViv'
C:\toolchains\w64devkit\bin/ld.exe: Socket.o:Socket.c:(.text+0xccd): undefined reference to `_imp__Perl_newCONSTSUB'
C:\toolchains\w64devkit\bin/ld.exe: Socket.o:Socket.c:(.text+0xcdb): undefined reference to `_imp__Perl_newSViv'
C:\toolchains\w64devkit\bin/ld.exe: Socket.o:Socket.c:(.text+0xcf4): undefined reference to `_imp__Perl_newCONSTSUB'
C:\toolchains\w64devkit\bin/ld.exe: Socket.o:Socket.c:(.text+0xd02): undefined reference to `_imp__Perl_newSViv'
C:\toolchains\w64devkit\bin/ld.exe: Socket.o:Socket.c:(.text+0xd1b): undefined reference to `_imp__Perl_newCONSTSUB'
C:\toolchains\w64devkit\bin/ld.exe: Socket.o:Socket.c:(.text+0xd29): undefined reference to `_imp__Perl_newSViv'
C:\toolchains\w64devkit\bin/ld.exe: Socket.o:Socket.c:(.text+0xd42): undefined reference to `_imp__Perl_newCONSTSUB'
C:\toolchains\w64devkit\bin/ld.exe: Socket.o:Socket.c:(.text+0xd50): undefined reference to `_imp__Perl_newSViv'
C:\toolchains\w64devkit\bin/ld.exe: Socket.o:Socket.c:(.text+0xd69): undefined reference to `_imp__Perl_newCONSTSUB'
C:\toolchains\w64devkit\bin/ld.exe: Socket.o:Socket.c:(.text+0xd77): undefined reference to `_imp__Perl_newSViv'
C:\toolchains\w64devkit\bin/ld.exe: Socket.o:Socket.c:(.text+0xd90): undefined reference to `_imp__Perl_newCONSTSUB'
C:\toolchains\w64devkit\bin/ld.exe: Socket.o:Socket.c:(.text+0xd9e): undefined reference to `_imp__Perl_newSViv'
C:\toolchains\w64devkit\bin/ld.exe: Socket.o:Socket.c:(.text+0xdb7): undefined reference to `_imp__Perl_newCONSTSUB'
C:\toolchains\w64devkit\bin/ld.exe: Socket.o:Socket.c:(.text+0xdc5): undefined reference to `_imp__Perl_newSViv'
C:\toolchains\w64devkit\bin/ld.exe: Socket.o:Socket.c:(.text+0xdde): undefined reference to `_imp__Perl_newCONSTSUB'
C:\toolchains\w64devkit\bin/ld.exe: Socket.o:Socket.c:(.text+0xdec): undefined reference to `_imp__Perl_newSViv'
C:\toolchains\w64devkit\bin/ld.exe: Socket.o:Socket.c:(.text+0xe05): undefined reference to `_imp__Perl_newCONSTSUB'
C:\toolchains\w64devkit\bin/ld.exe: Socket.o:Socket.c:(.text+0xe18): undefined reference to `PL_stack_sp'
C:\toolchains\w64devkit\bin/ld.exe: Socket.o:Socket.c:(.text+0xe29): undefined reference to `PL_stack_base'
C:\toolchains\w64devkit\bin/ld.exe: Socket.o:Socket.c:(.text+0xe60): undefined reference to `_imp__Perl_croak_xs_usage'
C:\toolchains\w64devkit\bin/ld.exe: Socket.o:Socket.c:(.text+0xe68): undefined reference to `PL_stack_base'
C:\toolchains\w64devkit\bin/ld.exe: Socket.o:Socket.c:(.text+0xe89): undefined reference to `_imp__Perl_sv_2pv_flags'
C:\toolchains\w64devkit\bin/ld.exe: Socket.o:Socket.c:(.text+0xee3): undefined reference to `_imp__Perl_newSVpvn'
C:\toolchains\w64devkit\bin/ld.exe: Socket.o:Socket.c:(.text+0xeed): undefined reference to `PL_stack_base'
C:\toolchains\w64devkit\bin/ld.exe: Socket.o:Socket.c:(.text+0xeff): undefined reference to `_imp__Perl_sv_2mortal'
C:\toolchains\w64devkit\bin/ld.exe: Socket.o:Socket.c:(.text+0xf10): undefined reference to `PL_stack_base'
C:\toolchains\w64devkit\bin/ld.exe: Socket.o:Socket.c:(.text+0xf26): undefined reference to `PL_stack_sp'
C:\toolchains\w64devkit\bin/ld.exe: Socket.o:Socket.c:(.text+0xf77): undefined reference to `_imp__Perl_newSVpvn'
C:\toolchains\w64devkit\bin/ld.exe: Socket.o:Socket.c:(.text+0xf81): undefined reference to `PL_stack_base'
C:\toolchains\w64devkit\bin/ld.exe: Socket.o:Socket.c:(.text+0xf93): undefined reference to `_imp__Perl_sv_2mortal'
C:\toolchains\w64devkit\bin/ld.exe: Socket.o:Socket.c:(.text+0xfa4): undefined reference to `PL_stack_base'
C:\toolchains\w64devkit\bin/ld.exe: Socket.o:Socket.c:(.text+0xfba): undefined reference to `PL_stack_sp'
C:\toolchains\w64devkit\bin/ld.exe: Socket.o:Socket.c:(.text+0xfc2): undefined reference to `PL_stack_base'
C:\toolchains\w64devkit\bin/ld.exe: Socket.o:Socket.c:(.text+0xfd1): undefined reference to `PL_sv_immortals'
C:\toolchains\w64devkit\bin/ld.exe: Socket.o:Socket.c:(.text+0xfde): undefined reference to `PL_stack_base'
C:\toolchains\w64devkit\bin/ld.exe: Socket.o:Socket.c:(.text+0xff4): undefined reference to `PL_stack_sp'
C:\toolchains\w64devkit\bin/ld.exe: Socket.o:Socket.c:(.text+0x1006): undefined reference to `PL_stack_sp'
C:\toolchains\w64devkit\bin/ld.exe: Socket.o:Socket.c:(.text+0x1017): undefined reference to `PL_stack_base'
C:\toolchains\w64devkit\bin/ld.exe: Socket.o:Socket.c:(.text+0x104e): undefined reference to `_imp__Perl_croak_xs_usage'
C:\toolchains\w64devkit\bin/ld.exe: Socket.o:Socket.c:(.text+0x1056): undefined reference to `PL_stack_base'
C:\toolchains\w64devkit\bin/ld.exe: Socket.o:Socket.c:(.text+0x1078): undefined reference to `PL_curcop'
C:\toolchains\w64devkit\bin/ld.exe: Socket.o:Socket.c:(.text+0x109d): undefined reference to `_imp__Perl_sv_utf8_downgrade_flags'
C:\toolchains\w64devkit\bin/ld.exe: Socket.o:Socket.c:(.text+0x10ba): undefined reference to `_imp__Perl_croak'
C:\toolchains\w64devkit\bin/ld.exe: Socket.o:Socket.c:(.text+0x10d1): undefined reference to `_imp__Perl_sv_2pvbyte_flags'
C:\toolchains\w64devkit\bin/ld.exe: Socket.o:Socket.c:(.text+0x1194): undefined reference to `_imp__Perl_newSVpvf'
C:\toolchains\w64devkit\bin/ld.exe: Socket.o:Socket.c:(.text+0x119e): undefined reference to `PL_stack_base'
C:\toolchains\w64devkit\bin/ld.exe: Socket.o:Socket.c:(.text+0x11b0): undefined reference to `_imp__Perl_sv_2mortal'
C:\toolchains\w64devkit\bin/ld.exe: Socket.o:Socket.c:(.text+0x11c1): undefined reference to `PL_stack_base'
C:\toolchains\w64devkit\bin/ld.exe: Socket.o:Socket.c:(.text+0x11d7): undefined reference to `PL_stack_sp'
C:\toolchains\w64devkit\bin/ld.exe: Socket.o:Socket.c:(.text+0x11fc): undefined reference to `_imp__Perl_croak'
C:\toolchains\w64devkit\bin/ld.exe: Socket.o:Socket.c:(.text+0x1211): undefined reference to `PL_stack_sp'
C:\toolchains\w64devkit\bin/ld.exe: Socket.o:Socket.c:(.text+0x1222): undefined reference to `PL_stack_base'
C:\toolchains\w64devkit\bin/ld.exe: Socket.o:Socket.c:(.text+0x1259): undefined reference to `_imp__Perl_croak_xs_usage'
C:\toolchains\w64devkit\bin/ld.exe: Socket.o:Socket.c:(.text+0x1261): undefined reference to `PL_stack_base'
C:\toolchains\w64devkit\bin/ld.exe: Socket.o:Socket.c:(.text+0x1284): undefined reference to `_imp__Perl_sv_2pvbyte_flags'
C:\toolchains\w64devkit\bin/ld.exe: Socket.o:Socket.c:(.text+0x12d8): undefined reference to `_imp__Perl_croak'
C:\toolchains\w64devkit\bin/ld.exe: Socket.o:Socket.c:(.text+0x12eb): undefined reference to `_imp__Perl_newSViv'
C:\toolchains\w64devkit\bin/ld.exe: Socket.o:Socket.c:(.text+0x12f5): undefined reference to `PL_stack_base'
C:\toolchains\w64devkit\bin/ld.exe: Socket.o:Socket.c:(.text+0x1307): undefined reference to `_imp__Perl_sv_2mortal'
C:\toolchains\w64devkit\bin/ld.exe: Socket.o:Socket.c:(.text+0x1318): undefined reference to `PL_stack_base'
C:\toolchains\w64devkit\bin/ld.exe: Socket.o:Socket.c:(.text+0x132e): undefined reference to `PL_stack_sp'
C:\toolchains\w64devkit\bin/ld.exe: Socket.o:Socket.c:(.text+0x1343): undefined reference to `PL_stack_sp'
C:\toolchains\w64devkit\bin/ld.exe: Socket.o:Socket.c:(.text+0x1354): undefined reference to `PL_stack_base'
C:\toolchains\w64devkit\bin/ld.exe: Socket.o:Socket.c:(.text+0x138b): undefined reference to `_imp__Perl_croak_xs_usage'
C:\toolchains\w64devkit\bin/ld.exe: Socket.o:Socket.c:(.text+0x1393): undefined reference to `PL_stack_base'
C:\toolchains\w64devkit\bin/ld.exe: Socket.o:Socket.c:(.text+0x13c4): undefined reference to `_imp__Perl_croak'
C:\toolchains\w64devkit\bin/ld.exe: Socket.o:Socket.c:(.text+0x1402): undefined reference to `_imp__Perl_sv_2pvbyte_flags'
C:\toolchains\w64devkit\bin/ld.exe: Socket.o:Socket.c:(.text+0x144e): undefined reference to `_imp__Perl_warn'
C:\toolchains\w64devkit\bin/ld.exe: Socket.o:Socket.c:(.text+0x14b0): undefined reference to `_imp__Perl_newSVpvn'
C:\toolchains\w64devkit\bin/ld.exe: Socket.o:Socket.c:(.text+0x14ba): undefined reference to `PL_stack_base'
C:\toolchains\w64devkit\bin/ld.exe: Socket.o:Socket.c:(.text+0x14cc): undefined reference to `_imp__Perl_sv_2mortal'
C:\toolchains\w64devkit\bin/ld.exe: Socket.o:Socket.c:(.text+0x14dd): undefined reference to `PL_stack_base'
C:\toolchains\w64devkit\bin/ld.exe: Socket.o:Socket.c:(.text+0x14f3): undefined reference to `PL_stack_sp'
C:\toolchains\w64devkit\bin/ld.exe: Socket.o:Socket.c:(.text+0x150b): undefined reference to `PL_stack_sp'
C:\toolchains\w64devkit\bin/ld.exe: Socket.o:Socket.c:(.text+0x151c): undefined reference to `PL_stack_base'
C:\toolchains\w64devkit\bin/ld.exe: Socket.o:Socket.c:(.text+0x1553): undefined reference to `_imp__Perl_croak_xs_usage'
C:\toolchains\w64devkit\bin/ld.exe: Socket.o:Socket.c:(.text+0x155b): undefined reference to `PL_stack_base'
C:\toolchains\w64devkit\bin/ld.exe: Socket.o:Socket.c:(.text+0x1593): undefined reference to `_imp__Perl_croak'
C:\toolchains\w64devkit\bin/ld.exe: Socket.o:Socket.c:(.text+0x15aa): undefined reference to `_imp__Perl_sv_2pvbyte_flags'
C:\toolchains\w64devkit\bin/ld.exe: Socket.o:Socket.c:(.text+0x15fe): undefined reference to `_imp__Perl_croak'
C:\toolchains\w64devkit\bin/ld.exe: Socket.o:Socket.c:(.text+0x1654): undefined reference to `_imp__Perl_croak'
C:\toolchains\w64devkit\bin/ld.exe: Socket.o:Socket.c:(.text+0x1695): undefined reference to `_imp__Perl_newSVpvn'
C:\toolchains\w64devkit\bin/ld.exe: Socket.o:Socket.c:(.text+0x169f): undefined reference to `PL_stack_base'
C:\toolchains\w64devkit\bin/ld.exe: Socket.o:Socket.c:(.text+0x16b1): undefined reference to `_imp__Perl_sv_2mortal'
C:\toolchains\w64devkit\bin/ld.exe: Socket.o:Socket.c:(.text+0x16c2): undefined reference to `PL_stack_base'
C:\toolchains\w64devkit\bin/ld.exe: Socket.o:Socket.c:(.text+0x16d8): undefined reference to `PL_stack_sp'
C:\toolchains\w64devkit\bin/ld.exe: Socket.o:Socket.c:(.text+0x16ed): undefined reference to `PL_stack_sp'
C:\toolchains\w64devkit\bin/ld.exe: Socket.o:Socket.c:(.text+0x16fe): undefined reference to `PL_stack_base'
C:\toolchains\w64devkit\bin/ld.exe: Socket.o:Socket.c:(.text+0x1735): undefined reference to `_imp__Perl_croak_xs_usage'
C:\toolchains\w64devkit\bin/ld.exe: Socket.o:Socket.c:(.text+0x173d): undefined reference to `PL_stack_base'
C:\toolchains\w64devkit\bin/ld.exe: Socket.o:Socket.c:(.text+0x1751): undefined reference to `PL_stack_base'
C:\toolchains\w64devkit\bin/ld.exe: Socket.o:Socket.c:(.text+0x17b4): undefined reference to `_imp__Perl_warn'
C:\toolchains\w64devkit\bin/ld.exe: Socket.o:Socket.c:(.text+0x17d9): undefined reference to `_imp__Perl_croak'
C:\toolchains\w64devkit\bin/ld.exe: Socket.o:Socket.c:(.text+0x17ef): undefined reference to `PL_curcop'
C:\toolchains\w64devkit\bin/ld.exe: Socket.o:Socket.c:(.text+0x1814): undefined reference to `_imp__Perl_sv_utf8_downgrade_flags'
C:\toolchains\w64devkit\bin/ld.exe: Socket.o:Socket.c:(.text+0x1831): undefined reference to `_imp__Perl_croak'
C:\toolchains\w64devkit\bin/ld.exe: Socket.o:Socket.c:(.text+0x1848): undefined reference to `_imp__Perl_sv_2pvbyte_flags'
C:\toolchains\w64devkit\bin/ld.exe: Socket.o:Socket.c:(.text+0x1923): undefined reference to `_imp__Perl_newSVpvn'
C:\toolchains\w64devkit\bin/ld.exe: Socket.o:Socket.c:(.text+0x192d): undefined reference to `PL_stack_base'
C:\toolchains\w64devkit\bin/ld.exe: Socket.o:Socket.c:(.text+0x193f): undefined reference to `_imp__Perl_sv_2mortal'
C:\toolchains\w64devkit\bin/ld.exe: Socket.o:Socket.c:(.text+0x1950): undefined reference to `PL_stack_base'
C:\toolchains\w64devkit\bin/ld.exe: Socket.o:Socket.c:(.text+0x1966): undefined reference to `PL_stack_sp'
C:\toolchains\w64devkit\bin/ld.exe: Socket.o:Socket.c:(.text+0x198b): undefined reference to `_imp__Perl_croak'
C:\toolchains\w64devkit\bin/ld.exe: Socket.o:Socket.c:(.text+0x19a0): undefined reference to `PL_stack_sp'
C:\toolchains\w64devkit\bin/ld.exe: Socket.o:Socket.c:(.text+0x19b1): undefined reference to `PL_stack_base'
C:\toolchains\w64devkit\bin/ld.exe: Socket.o:Socket.c:(.text+0x19e8): undefined reference to `_imp__Perl_croak_xs_usage'
C:\toolchains\w64devkit\bin/ld.exe: Socket.o:Socket.c:(.text+0x19fc): undefined reference to `PL_stack_base'
C:\toolchains\w64devkit\bin/ld.exe: Socket.o:Socket.c:(.text+0x1a2d): undefined reference to `_imp__Perl_croak'
C:\toolchains\w64devkit\bin/ld.exe: Socket.o:Socket.c:(.text+0x1a44): undefined reference to `_imp__Perl_sv_2pvbyte_flags'
C:\toolchains\w64devkit\bin/ld.exe: Socket.o:Socket.c:(.text+0x1a98): undefined reference to `_imp__Perl_croak'
C:\toolchains\w64devkit\bin/ld.exe: Socket.o:Socket.c:(.text+0x1ae3): undefined reference to `_imp__Perl_croak'
C:\toolchains\w64devkit\bin/ld.exe: Socket.o:Socket.c:(.text+0x1afb): undefined reference to `_imp__Perl_newSVpvn'
C:\toolchains\w64devkit\bin/ld.exe: Socket.o:Socket.c:(.text+0x1b0e): undefined reference to `PL_stack_max'
C:\toolchains\w64devkit\bin/ld.exe: Socket.o:Socket.c:(.text+0x1b30): undefined reference to `_imp__Perl_stack_grow'
C:\toolchains\w64devkit\bin/ld.exe: Socket.o:Socket.c:(.text+0x1b50): undefined reference to `_imp__Perl_sv_newmortal'
C:\toolchains\w64devkit\bin/ld.exe: Socket.o:Socket.c:(.text+0x1b68): undefined reference to `_imp__Perl_sv_setiv'
C:\toolchains\w64devkit\bin/ld.exe: Socket.o:Socket.c:(.text+0x1b79): undefined reference to `_imp__Perl_sv_2mortal'
C:\toolchains\w64devkit\bin/ld.exe: Socket.o:Socket.c:(.text+0x1b91): undefined reference to `_imp__Perl_sv_2mortal'
C:\toolchains\w64devkit\bin/ld.exe: Socket.o:Socket.c:(.text+0x1ba0): undefined reference to `PL_stack_sp'
C:\toolchains\w64devkit\bin/ld.exe: Socket.o:Socket.c:(.text+0x1bb3): undefined reference to `PL_stack_sp'
C:\toolchains\w64devkit\bin/ld.exe: Socket.o:Socket.c:(.text+0x1bc4): undefined reference to `PL_stack_base'
C:\toolchains\w64devkit\bin/ld.exe: Socket.o:Socket.c:(.text+0x1c01): undefined reference to `_imp__Perl_croak_xs_usage'
C:\toolchains\w64devkit\bin/ld.exe: Socket.o:Socket.c:(.text+0x1c09): undefined reference to `PL_stack_base'
C:\toolchains\w64devkit\bin/ld.exe: Socket.o:Socket.c:(.text+0x1c1d): undefined reference to `PL_stack_base'
C:\toolchains\w64devkit\bin/ld.exe: Socket.o:Socket.c:(.text+0x1c43): undefined reference to `PL_stack_base'
C:\toolchains\w64devkit\bin/ld.exe: Socket.o:Socket.c:(.text+0x1c71): undefined reference to `PL_stack_base'
C:\toolchains\w64devkit\bin/ld.exe: Socket.o:Socket.c:(.text+0x1c90): undefined reference to `PL_stack_base'
C:\toolchains\w64devkit\bin/ld.exe: Socket.o:Socket.c:(.text+0x1cb5): more undefined references to `PL_stack_base' follow
C:\toolchains\w64devkit\bin/ld.exe: Socket.o:Socket.c:(.text+0x1ccb): undefined reference to `PL_stack_sp'
C:\toolchains\w64devkit\bin/ld.exe: Socket.o:Socket.c:(.text+0x1cdd): undefined reference to `PL_stack_sp'
C:\toolchains\w64devkit\bin/ld.exe: Socket.o:Socket.c:(.text+0x1cee): undefined reference to `PL_stack_base'
C:\toolchains\w64devkit\bin/ld.exe: Socket.o:Socket.c:(.text+0x1d25): undefined reference to `_imp__Perl_croak_xs_usage'
C:\toolchains\w64devkit\bin/ld.exe: Socket.o:Socket.c:(.text+0x1d39): undefined reference to `PL_stack_base'
C:\toolchains\w64devkit\bin/ld.exe: Socket.o:Socket.c:(.text+0x1d4d): undefined reference to `PL_stack_base'
C:\toolchains\w64devkit\bin/ld.exe: Socket.o:Socket.c:(.text+0x1d6d): undefined reference to `PL_stack_sp'
C:\toolchains\w64devkit\bin/ld.exe: Socket.o:Socket.c:(.text+0x1d83): undefined reference to `PL_stack_sp'
C:\toolchains\w64devkit\bin/ld.exe: Socket.o:Socket.c:(.text+0x1d94): undefined reference to `PL_stack_base'
C:\toolchains\w64devkit\bin/ld.exe: Socket.o:Socket.c:(.text+0x1dcb): undefined reference to `_imp__Perl_croak_xs_usage'
C:\toolchains\w64devkit\bin/ld.exe: Socket.o:Socket.c:(.text+0x1dd3): undefined reference to `PL_stack_base'
C:\toolchains\w64devkit\bin/ld.exe: Socket.o:Socket.c:(.text+0x1def): undefined reference to `PL_stack_base'
C:\toolchains\w64devkit\bin/ld.exe: Socket.o:Socket.c:(.text+0x1e14): undefined reference to `PL_curcop'
C:\toolchains\w64devkit\bin/ld.exe: Socket.o:Socket.c:(.text+0x1e39): undefined reference to `_imp__Perl_sv_utf8_downgrade_flags'
C:\toolchains\w64devkit\bin/ld.exe: Socket.o:Socket.c:(.text+0x1e56): undefined reference to `_imp__Perl_croak'
C:\toolchains\w64devkit\bin/ld.exe: Socket.o:Socket.c:(.text+0x1e6d): undefined reference to `_imp__Perl_sv_2pvbyte_flags'
C:\toolchains\w64devkit\bin/ld.exe: Socket.o:Socket.c:(.text+0x1ebf): undefined reference to `_imp__Perl_croak'
C:\toolchains\w64devkit\bin/ld.exe: Socket.o:Socket.c:(.text+0x1edc): undefined reference to `_imp__Perl_croak'
C:\toolchains\w64devkit\bin/ld.exe: Socket.o:Socket.c:(.text+0x1ef9): undefined reference to `_imp__Perl_croak'
C:\toolchains\w64devkit\bin/ld.exe: Socket.o:Socket.c:(.text+0x1f9d): undefined reference to `_imp__Perl_newSVpvn'
C:\toolchains\w64devkit\bin/ld.exe: Socket.o:Socket.c:(.text+0x1fa7): undefined reference to `PL_stack_base'
C:\toolchains\w64devkit\bin/ld.exe: Socket.o:Socket.c:(.text+0x1fb9): undefined reference to `_imp__Perl_sv_2mortal'
C:\toolchains\w64devkit\bin/ld.exe: Socket.o:Socket.c:(.text+0x1fca): undefined reference to `PL_stack_base'
C:\toolchains\w64devkit\bin/ld.exe: Socket.o:Socket.c:(.text+0x1fe0): undefined reference to `PL_stack_sp'
C:\toolchains\w64devkit\bin/ld.exe: Socket.o:Socket.c:(.text+0x1ff5): undefined reference to `PL_stack_sp'
C:\toolchains\w64devkit\bin/ld.exe: Socket.o:Socket.c:(.text+0x2006): undefined reference to `PL_stack_base'
C:\toolchains\w64devkit\bin/ld.exe: Socket.o:Socket.c:(.text+0x203d): undefined reference to `_imp__Perl_croak_xs_usage'
C:\toolchains\w64devkit\bin/ld.exe: Socket.o:Socket.c:(.text+0x2045): undefined reference to `PL_stack_base'
C:\toolchains\w64devkit\bin/ld.exe: Socket.o:Socket.c:(.text+0x2061): undefined reference to `PL_stack_base'
C:\toolchains\w64devkit\bin/ld.exe: Socket.o:Socket.c:(.text+0x2085): undefined reference to `_imp__Perl_sv_2pv_flags'
C:\toolchains\w64devkit\bin/ld.exe: Socket.o:Socket.c:(.text+0x20ee): undefined reference to `_imp__Perl_croak'
C:\toolchains\w64devkit\bin/ld.exe: Socket.o:Socket.c:(.text+0x212c): undefined reference to `PL_stack_base'
C:\toolchains\w64devkit\bin/ld.exe: Socket.o:Socket.c:(.text+0x213b): undefined reference to `_imp__Perl_sv_newmortal'
C:\toolchains\w64devkit\bin/ld.exe: Socket.o:Socket.c:(.text+0x214e): undefined reference to `PL_stack_base'
C:\toolchains\w64devkit\bin/ld.exe: Socket.o:Socket.c:(.text+0x216c): undefined reference to `_imp__Perl_sv_setpvn'
C:\toolchains\w64devkit\bin/ld.exe: Socket.o:Socket.c:(.text+0x217b): undefined reference to `PL_stack_base'
C:\toolchains\w64devkit\bin/ld.exe: Socket.o:Socket.c:(.text+0x2191): undefined reference to `PL_stack_sp'
C:\toolchains\w64devkit\bin/ld.exe: Socket.o:Socket.c:(.text+0x21a2): undefined reference to `PL_stack_sp'
C:\toolchains\w64devkit\bin/ld.exe: Socket.o:Socket.c:(.text+0x21b3): undefined reference to `PL_stack_base'
C:\toolchains\w64devkit\bin/ld.exe: Socket.o:Socket.c:(.text+0x21f0): undefined reference to `_imp__Perl_croak_xs_usage'
C:\toolchains\w64devkit\bin/ld.exe: Socket.o:Socket.c:(.text+0x21f8): undefined reference to `PL_stack_base'
C:\toolchains\w64devkit\bin/ld.exe: Socket.o:Socket.c:(.text+0x2213): undefined reference to `PL_sv_immortals'
C:\toolchains\w64devkit\bin/ld.exe: Socket.o:Socket.c:(.text+0x221b): undefined reference to `PL_stack_base'
C:\toolchains\w64devkit\bin/ld.exe: Socket.o:Socket.c:(.text+0x2245): undefined reference to `PL_stack_base'
C:\toolchains\w64devkit\bin/ld.exe: Socket.o:Socket.c:(.text+0x225b): undefined reference to `PL_stack_sp'
C:\toolchains\w64devkit\bin/ld.exe: Socket.o:Socket.c:(.text+0x226a): undefined reference to `PL_stack_sp'
C:\toolchains\w64devkit\bin/ld.exe: Socket.o:Socket.c:(.text+0x227b): undefined reference to `PL_stack_base'
C:\toolchains\w64devkit\bin/ld.exe: Socket.o:Socket.c:(.text+0x22b2): undefined reference to `_imp__Perl_croak_xs_usage'
C:\toolchains\w64devkit\bin/ld.exe: Socket.o:Socket.c:(.text+0x22c6): undefined reference to `PL_stack_base'
C:\toolchains\w64devkit\bin/ld.exe: Socket.o:Socket.c:(.text+0x22e8): undefined reference to `PL_stack_sp'
C:\toolchains\w64devkit\bin/ld.exe: Socket.o:Socket.c:(.text+0x22f8): undefined reference to `PL_stack_sp'
C:\toolchains\w64devkit\bin/ld.exe: Socket.o:Socket.c:(.text+0x2309): undefined reference to `PL_stack_base'
C:\toolchains\w64devkit\bin/ld.exe: Socket.o:Socket.c:(.text+0x2346): undefined reference to `_imp__Perl_croak_xs_usage'
C:\toolchains\w64devkit\bin/ld.exe: Socket.o:Socket.c:(.text+0x234e): undefined reference to `PL_stack_base'
C:\toolchains\w64devkit\bin/ld.exe: Socket.o:Socket.c:(.text+0x2362): undefined reference to `PL_stack_base'
C:\toolchains\w64devkit\bin/ld.exe: Socket.o:Socket.c:(.text+0x2380): undefined reference to `PL_sv_immortals'
C:\toolchains\w64devkit\bin/ld.exe: Socket.o:Socket.c:(.text+0x2388): undefined reference to `PL_stack_base'
C:\toolchains\w64devkit\bin/ld.exe: Socket.o:Socket.c:(.text+0x23b2): undefined reference to `PL_stack_base'
C:\toolchains\w64devkit\bin/ld.exe: Socket.o:Socket.c:(.text+0x23c8): undefined reference to `PL_stack_sp'
C:\toolchains\w64devkit\bin/ld.exe: Socket.o:Socket.c:(.text+0x23d7): undefined reference to `PL_stack_sp'
C:\toolchains\w64devkit\bin/ld.exe: Socket.o:Socket.c:(.text+0x23e8): undefined reference to `PL_stack_base'
C:\toolchains\w64devkit\bin/ld.exe: Socket.o:Socket.c:(.text+0x241f): undefined reference to `_imp__Perl_croak_xs_usage'
C:\toolchains\w64devkit\bin/ld.exe: Socket.o:Socket.c:(.text+0x2433): undefined reference to `PL_stack_base'
C:\toolchains\w64devkit\bin/ld.exe: Socket.o:Socket.c:(.text+0x2455): undefined reference to `PL_stack_sp'
C:\toolchains\w64devkit\bin/ld.exe: Socket.o:Socket.c:(.text+0x2465): undefined reference to `PL_stack_sp'
C:\toolchains\w64devkit\bin/ld.exe: Socket.o:Socket.c:(.text+0x2476): undefined reference to `PL_stack_base'
C:\toolchains\w64devkit\bin/ld.exe: Socket.o:Socket.c:(.text+0x24ad): undefined reference to `_imp__Perl_croak_xs_usage'
C:\toolchains\w64devkit\bin/ld.exe: Socket.o:Socket.c:(.text+0x24b5): undefined reference to `PL_stack_base'
C:\toolchains\w64devkit\bin/ld.exe: Socket.o:Socket.c:(.text+0x24c9): undefined reference to `PL_stack_base'
C:\toolchains\w64devkit\bin/ld.exe: Socket.o:Socket.c:(.text+0x24fb): undefined reference to `PL_stack_base'
C:\toolchains\w64devkit\bin/ld.exe: Socket.o:Socket.c:(.text+0x2511): undefined reference to `PL_stack_sp'
C:\toolchains\w64devkit\bin/ld.exe: Socket.o:Socket.c:(.text+0x2520): undefined reference to `PL_stack_sp'
C:\toolchains\w64devkit\bin/ld.exe: Socket.o:Socket.c:(.text+0x2531): undefined reference to `PL_stack_base'
C:\toolchains\w64devkit\bin/ld.exe: Socket.o:Socket.c:(.text+0x2568): undefined reference to `_imp__Perl_croak_xs_usage'
C:\toolchains\w64devkit\bin/ld.exe: Socket.o:Socket.c:(.text+0x257c): undefined reference to `PL_stack_base'
C:\toolchains\w64devkit\bin/ld.exe: Socket.o:Socket.c:(.text+0x259e): undefined reference to `PL_stack_sp'
C:\toolchains\w64devkit\bin/ld.exe: Socket.o:Socket.c:(.text+0x25cc): undefined reference to `_imp__Perl_xs_handshake'
C:\toolchains\w64devkit\bin/ld.exe: Socket.o:Socket.c:(.text+0x25d7): undefined reference to `PL_stack_base'
C:\toolchains\w64devkit\bin/ld.exe: Socket.o:Socket.c:(.text+0x25ed): undefined reference to `PL_stack_sp'
C:\toolchains\w64devkit\bin/ld.exe: Socket.o:Socket.c:(.text+0x2617): undefined reference to `_imp__Perl_newXS_deffile'
C:\toolchains\w64devkit\bin/ld.exe: Socket.o:Socket.c:(.text+0x262d): undefined reference to `_imp__Perl_newXS_deffile'
C:\toolchains\w64devkit\bin/ld.exe: Socket.o:Socket.c:(.text+0x2643): undefined reference to `_imp__Perl_newXS_deffile'
C:\toolchains\w64devkit\bin/ld.exe: Socket.o:Socket.c:(.text+0x2659): undefined reference to `_imp__Perl_newXS_deffile'
C:\toolchains\w64devkit\bin/ld.exe: Socket.o:Socket.c:(.text+0x266f): undefined reference to `_imp__Perl_newXS_deffile'
C:\toolchains\w64devkit\bin/ld.exe: Socket.o:Socket.c:(.text+0x2685): more undefined references to `_imp__Perl_newXS_deffile' follow
C:\toolchains\w64devkit\bin/ld.exe: Socket.o:Socket.c:(.text+0x2784): undefined reference to `_imp__Perl_xs_boot_epilog'
C:\toolchains\w64devkit\bin/ld.exe: mg.o:mg.c:(.text+0x4550): undefined reference to `win32_signal_context()'
C:\toolchains\w64devkit\bin/ld.exe: mg.o:mg.c:(.text+0x90dd): undefined reference to `win32_signal_context()'
C:\toolchains\w64devkit\bin/ld.exe: perl.o:perl.c:(.text+0x2399): undefined reference to `win32_wait_for_children(interpreter*)'
C:\toolchains\w64devkit\bin/ld.exe: perllib.o:perllib.c:(.text+0x16): undefined reference to `_imp__Perl_croak'
C:\toolchains\w64devkit\bin/ld.exe: perllib.o:perllib.c:(.text+0x37): undefined reference to `_imp__Perl_sys_init3'
C:\toolchains\w64devkit\bin/ld.exe: perllib.o:perllib.c:(.text+0x3e): undefined reference to `_imp__perl_alloc'
C:\toolchains\w64devkit\bin/ld.exe: perllib.o:perllib.c:(.text+0x4e): undefined reference to `_imp__Perl_sys_term'
C:\toolchains\w64devkit\bin/ld.exe: perllib.o:perllib.c:(.text+0x62): undefined reference to `_imp__perl_construct'
C:\toolchains\w64devkit\bin/ld.exe: perllib.o:perllib.c:(.text+0x8c): undefined reference to `_imp__perl_parse'
C:\toolchains\w64devkit\bin/ld.exe: perllib.o:perllib.c:(.text+0xa2): undefined reference to `_imp__perl_run'
C:\toolchains\w64devkit\bin/ld.exe: perllib.o:perllib.c:(.text+0xb2): undefined reference to `_imp__perl_destruct'
C:\toolchains\w64devkit\bin/ld.exe: perllib.o:perllib.c:(.text+0xbf): undefined reference to `_imp__perl_free'
C:\toolchains\w64devkit\bin/ld.exe: perllib.o:perllib.c:(.text+0xc6): undefined reference to `_imp__Perl_sys_term'
C:\toolchains\w64devkit\bin/ld.exe: poll.o:poll.c:(.text+0x16): undefined reference to `_imp__Perl_croak'
C:\toolchains\w64devkit\bin/ld.exe: runperl.o:runperl.c:(.text+0x16): undefined reference to `_imp__Perl_croak'
C:\toolchains\w64devkit\bin/ld.exe: runperl.o:runperl.c:(.text+0x3c): undefined reference to `_imp__RunPerl'
C:\toolchains\w64devkit\bin/ld.exe: sv.o:sv.c:(.text+0x20304): undefined reference to `Perl_sys_intern_dup'
C:\toolchains\w64devkit\bin/ld.exe: win32.o:win32.c:(.text+0x16): undefined reference to `_imp__Perl_croak'
C:\toolchains\w64devkit\bin/ld.exe: win32.o:win32.c:(.text+0x20): undefined reference to `PL_markstack_ptr'
C:\toolchains\w64devkit\bin/ld.exe: win32.o:win32.c:(.text+0x29): undefined reference to `PL_markstack_ptr'
C:\toolchains\w64devkit\bin/ld.exe: win32.o:win32.c:(.text+0x73): undefined reference to `PL_scopestack_ix'
C:\toolchains\w64devkit\bin/ld.exe: win32.o:win32.c:(.text+0xba): undefined reference to `_imp__Perl_newSVpvn_flags'
C:\toolchains\w64devkit\bin/ld.exe: win32.o:win32.c:(.text+0xf8): undefined reference to `_imp__Perl_safesysmalloc'
C:\toolchains\w64devkit\bin/ld.exe: win32.o:win32.c:(.text+0x217): undefined reference to `PL_body_roots'
C:\toolchains\w64devkit\bin/ld.exe: win32.o:win32.c:(.text+0x258): undefined reference to `_imp__Perl_more_bodies'
C:\toolchains\w64devkit\bin/ld.exe: win32.o:win32.c:(.text+0x279): undefined reference to `PL_sv_root'
C:\toolchains\w64devkit\bin/ld.exe: win32.o:win32.c:(.text+0x282): undefined reference to `PL_sv_root'
C:\toolchains\w64devkit\bin/ld.exe: win32.o:win32.c:(.text+0x299): undefined reference to `PL_sv_root'
C:\toolchains\w64devkit\bin/ld.exe: win32.o:win32.c:(.text+0x29e): undefined reference to `PL_sv_count'
C:\toolchains\w64devkit\bin/ld.exe: win32.o:win32.c:(.text+0x2a6): undefined reference to `PL_sv_count'
C:\toolchains\w64devkit\bin/ld.exe: win32.o:win32.c:(.text+0x51c): undefined reference to `_imp__Perl_sv_backoff'
C:\toolchains\w64devkit\bin/ld.exe: win32.o:win32.c:(.text+0x5f5): undefined reference to `_imp__Perl_safesyscalloc'
C:\toolchains\w64devkit\bin/ld.exe: win32.o:win32.c:(.text+0x643): undefined reference to `_imp__Perl_gv_fetchpvn_flags'
C:\toolchains\w64devkit\bin/ld.exe: win32.o:win32.c:(.text+0x663): undefined reference to `PL_stashcache'
C:\toolchains\w64devkit\bin/ld.exe: win32.o:win32.c:(.text+0x66b): undefined reference to `_imp__Perl_hv_clear'
C:\toolchains\w64devkit\bin/ld.exe: win32.o:win32.c:(.text+0x6c4): undefined reference to `_imp__Perl_croak'
C:\toolchains\w64devkit\bin/ld.exe: win32.o:win32.c:(.text+0x6ef): undefined reference to `_imp__Perl_mg_get'
C:\toolchains\w64devkit\bin/ld.exe: win32.o:win32.c:(.text+0x74e): undefined reference to `_imp__Perl_sv_free2'
C:\toolchains\w64devkit\bin/ld.exe: win32.o:win32.c:(.text+0x78a): undefined reference to `_imp__Perl_sv_2iv_flags'
C:\toolchains\w64devkit\bin/ld.exe: win32.o:win32.c:(.text+0x9fe): undefined reference to `_imp__win32_ansipath'
C:\toolchains\w64devkit\bin/ld.exe: win32.o:win32.c:(.text+0xa29): undefined reference to `_imp__win32_free'
C:\toolchains\w64devkit\bin/ld.exe: win32.o:win32.c:(.text+0xad8): undefined reference to `_imp__Perl_newSVpvn'
C:\toolchains\w64devkit\bin/ld.exe: win32.o:win32.c:(.text+0xae2): undefined reference to `_imp__Perl_sv_2mortal'
C:\toolchains\w64devkit\bin/ld.exe: win32.o:win32.c:(.text+0xb1f): undefined reference to `_imp__Perl_sv_grow'
C:\toolchains\w64devkit\bin/ld.exe: win32.o:win32.c:(.text+0xdbd): undefined reference to `_imp__Perl_newSVpvn'
C:\toolchains\w64devkit\bin/ld.exe: win32.o:win32.c:(.text+0xdc7): undefined reference to `_imp__Perl_sv_2mortal'
C:\toolchains\w64devkit\bin/ld.exe: win32.o:win32.c:(.text+0xe01): undefined reference to `_imp__Perl_sv_catpvn_flags'
C:\toolchains\w64devkit\bin/ld.exe: win32.o:win32.c:(.text+0xe1a): undefined reference to `_imp__Perl_sv_catpv'
C:\toolchains\w64devkit\bin/ld.exe: win32.o:win32.c:(.text+0x106c): undefined reference to `_imp__Perl_sv_catpvn_flags'
C:\toolchains\w64devkit\bin/ld.exe: win32.o:win32.c:(.text+0x108e): undefined reference to `_imp__Perl_sv_catsv_flags'
C:\toolchains\w64devkit\bin/ld.exe: win32.o:win32.c:(.text+0x11ce): undefined reference to `_imp__Perl_PerlIO_flush'
C:\toolchains\w64devkit\bin/ld.exe: win32.o:win32.c:(.text+0x11e2): undefined reference to `_imp__win32_popen'
C:\toolchains\w64devkit\bin/ld.exe: win32.o:win32.c:(.text+0x11f9): undefined reference to `_imp__win32_pclose'
C:\toolchains\w64devkit\bin/ld.exe: win32.o:win32.c:(.text+0x1256): undefined reference to `_imp__Perl_safesysmalloc'
C:\toolchains\w64devkit\bin/ld.exe: win32.o:win32.c:(.text+0x1291): undefined reference to `_imp__Perl_safesysmalloc'
C:\toolchains\w64devkit\bin/ld.exe: win32.o:win32.c:(.text+0x13a6): undefined reference to `PL_sys_intern'
C:\toolchains\w64devkit\bin/ld.exe: win32.o:win32.c:(.text+0x13cb): undefined reference to `PL_sys_intern'
C:\toolchains\w64devkit\bin/ld.exe: win32.o:win32.c:(.text+0x13d3): undefined reference to `PL_sys_intern'
C:\toolchains\w64devkit\bin/ld.exe: win32.o:win32.c:(.text+0x13e3): undefined reference to `PL_sys_intern'
C:\toolchains\w64devkit\bin/ld.exe: win32.o:win32.c:(.text+0x14c1): undefined reference to `_imp__Perl_safesysmalloc'
C:\toolchains\w64devkit\bin/ld.exe: win32.o:win32.c:(.text+0x14c8): undefined reference to `PL_sys_intern'
C:\toolchains\w64devkit\bin/ld.exe: win32.o:win32.c:(.text+0x14d6): undefined reference to `_imp__Perl_safesysmalloc'
C:\toolchains\w64devkit\bin/ld.exe: win32.o:win32.c:(.text+0x14dd): undefined reference to `PL_sys_intern'
C:\toolchains\w64devkit\bin/ld.exe: win32.o:win32.c:(.text+0x14e8): undefined reference to `PL_sys_intern'
C:\toolchains\w64devkit\bin/ld.exe: win32.o:win32.c:(.text+0x1503): undefined reference to `PL_sys_intern'
C:\toolchains\w64devkit\bin/ld.exe: win32.o:win32.c:(.text+0x1528): undefined reference to `PL_sys_intern'
C:\toolchains\w64devkit\bin/ld.exe: win32.o:win32.c:(.text+0x152e): undefined reference to `PL_sys_intern'
C:\toolchains\w64devkit\bin/ld.exe: win32.o:win32.c:(.text+0x1536): more undefined references to `PL_sys_intern' follow
C:\toolchains\w64devkit\bin/ld.exe: win32.o:win32.c:(.text+0x15e4): undefined reference to `_imp__Perl_safesysmalloc'
C:\toolchains\w64devkit\bin/ld.exe: win32.o:win32.c:(.text+0x1656): undefined reference to `_imp__Perl_sv_2pv_flags'
C:\toolchains\w64devkit\bin/ld.exe: win32.o:win32.c:(.text+0x1708): undefined reference to `_imp__Perl_sv_2pv_flags'
C:\toolchains\w64devkit\bin/ld.exe: win32.o:win32.c:(.text+0x174c): undefined reference to `_imp__win32_spawnvp'
C:\toolchains\w64devkit\bin/ld.exe: win32.o:win32.c:(.text+0x178f): undefined reference to `PL_sys_intern'
C:\toolchains\w64devkit\bin/ld.exe: win32.o:win32.c:(.text+0x17cc): undefined reference to `PL_sys_intern'
C:\toolchains\w64devkit\bin/ld.exe: win32.o:win32.c:(.text+0x1818): undefined reference to `_imp__Perl_sv_2pv_flags'
C:\toolchains\w64devkit\bin/ld.exe: win32.o:win32.c:(.text+0x185c): undefined reference to `_imp__win32_spawnvp'
C:\toolchains\w64devkit\bin/ld.exe: win32.o:win32.c:(.text+0x186d): undefined reference to `PL_statusvalue'
C:\toolchains\w64devkit\bin/ld.exe: win32.o:win32.c:(.text+0x1885): undefined reference to `_imp__Perl_ckwarn'
C:\toolchains\w64devkit\bin/ld.exe: win32.o:win32.c:(.text+0x189c): undefined reference to `_imp__win32_strerror'
C:\toolchains\w64devkit\bin/ld.exe: win32.o:win32.c:(.text+0x18bf): undefined reference to `_imp__Perl_warner'
C:\toolchains\w64devkit\bin/ld.exe: win32.o:win32.c:(.text+0x18d6): undefined reference to `PL_statusvalue'
C:\toolchains\w64devkit\bin/ld.exe: win32.o:win32.c:(.text+0x18e1): undefined reference to `_imp__Perl_safesysfree'
C:\toolchains\w64devkit\bin/ld.exe: win32.o:win32.c:(.text+0x1a11): undefined reference to `_imp__Perl_safesysmalloc'
C:\toolchains\w64devkit\bin/ld.exe: win32.o:win32.c:(.text+0x1a2c): undefined reference to `_imp__Perl_safesysmalloc'
C:\toolchains\w64devkit\bin/ld.exe: win32.o:win32.c:(.text+0x1b0b): undefined reference to `_imp__win32_spawnvp'
C:\toolchains\w64devkit\bin/ld.exe: win32.o:win32.c:(.text+0x1b4e): undefined reference to `_imp__win32_execvp'
C:\toolchains\w64devkit\bin/ld.exe: win32.o:win32.c:(.text+0x1b79): undefined reference to `_imp__Perl_safesysfree'
C:\toolchains\w64devkit\bin/ld.exe: win32.o:win32.c:(.text+0x1b86): undefined reference to `_imp__Perl_safesysfree'
C:\toolchains\w64devkit\bin/ld.exe: win32.o:win32.c:(.text+0x1bb1): undefined reference to `PL_sys_intern'
C:\toolchains\w64devkit\bin/ld.exe: win32.o:win32.c:(.text+0x1bc5): undefined reference to `PL_sys_intern'
C:\toolchains\w64devkit\bin/ld.exe: win32.o:win32.c:(.text+0x1bd4): undefined reference to `_imp__Perl_safesysmalloc'
C:\toolchains\w64devkit\bin/ld.exe: win32.o:win32.c:(.text+0x1be1): undefined reference to `PL_sys_intern'
C:\toolchains\w64devkit\bin/ld.exe: win32.o:win32.c:(.text+0x1c06): undefined reference to `PL_sys_intern'
C:\toolchains\w64devkit\bin/ld.exe: win32.o:win32.c:(.text+0x1c6c): undefined reference to `_imp__win32_spawnvp'
C:\toolchains\w64devkit\bin/ld.exe: win32.o:win32.c:(.text+0x1caf): undefined reference to `_imp__win32_execvp'
C:\toolchains\w64devkit\bin/ld.exe: win32.o:win32.c:(.text+0x1cc8): undefined reference to `_imp__Perl_safesysfree'
C:\toolchains\w64devkit\bin/ld.exe: win32.o:win32.c:(.text+0x1cd6): undefined reference to `PL_statusvalue'
C:\toolchains\w64devkit\bin/ld.exe: win32.o:win32.c:(.text+0x1cee): undefined reference to `_imp__Perl_ckwarn'
C:\toolchains\w64devkit\bin/ld.exe: win32.o:win32.c:(.text+0x1d05): undefined reference to `_imp__win32_strerror'
C:\toolchains\w64devkit\bin/ld.exe: win32.o:win32.c:(.text+0x1d3c): undefined reference to `_imp__Perl_warner'
C:\toolchains\w64devkit\bin/ld.exe: win32.o:win32.c:(.text+0x1d53): undefined reference to `PL_statusvalue'
C:\toolchains\w64devkit\bin/ld.exe: win32.o:win32.c:(.text+0x1e1f): undefined reference to `_imp__Perl_safesyscalloc'
C:\toolchains\w64devkit\bin/ld.exe: win32.o:win32.c:(.text+0x1fca): undefined reference to `_imp__Perl_safesysfree'
C:\toolchains\w64devkit\bin/ld.exe: win32.o:win32.c:(.text+0x20da): undefined reference to `_imp__Perl_safesysmalloc'
C:\toolchains\w64devkit\bin/ld.exe: win32.o:win32.c:(.text+0x232d): undefined reference to `_imp__Perl_safesysrealloc'
C:\toolchains\w64devkit\bin/ld.exe: win32.o:win32.c:(.text+0x2496): undefined reference to `_imp__Perl_safesysfree'
C:\toolchains\w64devkit\bin/ld.exe: win32.o:win32.c:(.text+0x24a3): undefined reference to `_imp__Perl_safesysfree'
C:\toolchains\w64devkit\bin/ld.exe: win32.o:win32.c:(.text+0x24cf): undefined reference to `_imp__win32_telldir'
C:\toolchains\w64devkit\bin/ld.exe: win32.o:win32.c:(.text+0x24e0): undefined reference to `_imp__win32_readdir'
C:\toolchains\w64devkit\bin/ld.exe: win32.o:win32.c:(.text+0x24f8): undefined reference to `_imp__win32_seekdir'
C:\toolchains\w64devkit\bin/ld.exe: win32.o:win32.c:(.text+0x2506): undefined reference to `_imp__Perl_safesysmalloc'
C:\toolchains\w64devkit\bin/ld.exe: win32.o:win32.c:(.text+0x2533): undefined reference to `_imp__Perl_safesysmalloc'
C:\toolchains\w64devkit\bin/ld.exe: win32.o:win32.c:(.text+0x2610): undefined reference to `PL_sys_intern'
C:\toolchains\w64devkit\bin/ld.exe: win32.o:win32.c:(.text+0x2655): undefined reference to `PL_sys_intern'
C:\toolchains\w64devkit\bin/ld.exe: win32.o:win32.c:(.text+0x2661): undefined reference to `PL_sys_intern'
C:\toolchains\w64devkit\bin/ld.exe: win32.o:win32.c:(.text+0x269b): undefined reference to `PL_sys_intern'
C:\toolchains\w64devkit\bin/ld.exe: win32.o:win32.c:(.text+0x26b7): undefined reference to `PL_sys_intern'
C:\toolchains\w64devkit\bin/ld.exe: win32.o:win32.c:(.text+0x26d0): more undefined references to `PL_sys_intern' follow
C:\toolchains\w64devkit\bin/ld.exe: win32.o:win32.c:(.text+0x2fec): undefined reference to `_imp__Perl_newSVpvn'
C:\toolchains\w64devkit\bin/ld.exe: win32.o:win32.c:(.text+0x307f): undefined reference to `_imp__Perl_sv_setpvn'
C:\toolchains\w64devkit\bin/ld.exe: win32.o:win32.c:(.text+0x309b): undefined reference to `_imp__Perl_sv_2pv_flags'
C:\toolchains\w64devkit\bin/ld.exe: win32.o:win32.c:(.text+0x3162): undefined reference to `_imp__Perl_newSVpv'
C:\toolchains\w64devkit\bin/ld.exe: win32.o:win32.c:(.text+0x318b): undefined reference to `_imp__Perl_sv_catpvn_flags'
C:\toolchains\w64devkit\bin/ld.exe: win32.o:win32.c:(.text+0x3213): undefined reference to `_imp__Perl_newSVpvn'
C:\toolchains\w64devkit\bin/ld.exe: win32.o:win32.c:(.text+0x324d): undefined reference to `_imp__Perl_sv_catpvn_flags'
C:\toolchains\w64devkit\bin/ld.exe: win32.o:win32.c:(.text+0x3273): undefined reference to `_imp__Perl_sv_catpvn_flags'
C:\toolchains\w64devkit\bin/ld.exe: win32.o:win32.c:(.text+0x32ac): undefined reference to `_imp__win32_readlink'
C:\toolchains\w64devkit\bin/ld.exe: win32.o:win32.c:(.text+0x3a8c): undefined reference to `_imp__win32_stat'
C:\toolchains\w64devkit\bin/ld.exe: win32.o:win32.c:(.text+0x3b3d): undefined reference to `_imp__win32_stat'
C:\toolchains\w64devkit\bin/ld.exe: win32.o:win32.c:(.text+0x3fe8): undefined reference to `_imp__Perl_croak_no_mem_ext'
C:\toolchains\w64devkit\bin/ld.exe: win32.o:win32.c:(.text+0x400f): undefined reference to `_imp__Perl_croak'
C:\toolchains\w64devkit\bin/ld.exe: win32.o:win32.c:(.text+0x4084): undefined reference to `_imp__win32_malloc'
C:\toolchains\w64devkit\bin/ld.exe: win32.o:win32.c:(.text+0x412c): undefined reference to `_imp__win32_malloc'
C:\toolchains\w64devkit\bin/ld.exe: win32.o:win32.c:(.text+0x41cb): undefined reference to `_imp__win32_realloc'
C:\toolchains\w64devkit\bin/ld.exe: win32.o:win32.c:(.text+0x423a): undefined reference to `_imp__win32_free'
C:\toolchains\w64devkit\bin/ld.exe: win32.o:win32.c:(.text+0x42ff): undefined reference to `_imp__win32_calloc'
C:\toolchains\w64devkit\bin/ld.exe: win32.o:win32.c:(.text+0x43ce): undefined reference to `_imp__Perl_newSVpvn'
C:\toolchains\w64devkit\bin/ld.exe: win32.o:win32.c:(.text+0x43d8): undefined reference to `_imp__Perl_sv_2mortal'
C:\toolchains\w64devkit\bin/ld.exe: win32.o:win32.c:(.text+0x4413): undefined reference to `_imp__Perl_sv_grow'
C:\toolchains\w64devkit\bin/ld.exe: win32.o:win32.c:(.text+0x44d5): undefined reference to `_imp__Perl_newSVpv'
C:\toolchains\w64devkit\bin/ld.exe: win32.o:win32.c:(.text+0x44df): undefined reference to `_imp__Perl_sv_2mortal'
C:\toolchains\w64devkit\bin/ld.exe: win32.o:win32.c:(.text+0x45cc): undefined reference to `_imp__win32_malloc'
C:\toolchains\w64devkit\bin/ld.exe: win32.o:win32.c:(.text+0x4649): undefined reference to `_imp__win32_free'
C:\toolchains\w64devkit\bin/ld.exe: win32.o:win32.c:(.text+0x4d49): undefined reference to `PL_sys_intern'
C:\toolchains\w64devkit\bin/ld.exe: win32.o:win32.c:(.text+0x4daf): undefined reference to `_imp__Perl_warn'
C:\toolchains\w64devkit\bin/ld.exe: win32.o:win32.c:(.text+0x4dc7): undefined reference to `PL_sys_intern'
C:\toolchains\w64devkit\bin/ld.exe: win32.o:win32.c:(.text+0x4dd0): undefined reference to `PL_sys_intern'
C:\toolchains\w64devkit\bin/ld.exe: win32.o:win32.c:(.text+0x4ee9): undefined reference to `PL_sig_pending'
C:\toolchains\w64devkit\bin/ld.exe: win32.o:win32.c:(.text+0x4ef2): undefined reference to `_imp__Perl_despatch_signals'
C:\toolchains\w64devkit\bin/ld.exe: win32.o:win32.c:(.text+0x501b): undefined reference to `_imp__win32_async_check'
C:\toolchains\w64devkit\bin/ld.exe: win32.o:win32.c:(.text+0x50b5): undefined reference to `PL_sys_intern'
C:\toolchains\w64devkit\bin/ld.exe: win32.o:win32.c:(.text+0x50d7): undefined reference to `PL_sys_intern'
C:\toolchains\w64devkit\bin/ld.exe: win32.o:win32.c:(.text+0x50e2): undefined reference to `PL_sys_intern'
C:\toolchains\w64devkit\bin/ld.exe: win32.o:win32.c:(.text+0x5100): undefined reference to `_imp__win32_msgwait'
C:\toolchains\w64devkit\bin/ld.exe: win32.o:win32.c:(.text+0x512f): undefined reference to `PL_sys_intern'
C:\toolchains\w64devkit\bin/ld.exe: win32.o:win32.c:(.text+0x5151): undefined reference to `PL_sys_intern'
C:\toolchains\w64devkit\bin/ld.exe: win32.o:win32.c:(.text+0x5188): undefined reference to `PL_sys_intern'
C:\toolchains\w64devkit\bin/ld.exe: win32.o:win32.c:(.text+0x5223): undefined reference to `PL_sys_intern'
C:\toolchains\w64devkit\bin/ld.exe: win32.o:win32.c:(.text+0x5251): undefined reference to `_imp__win32_msgwait'
C:\toolchains\w64devkit\bin/ld.exe: win32.o:win32.c:(.text+0x52a2): undefined reference to `PL_sys_intern'
C:\toolchains\w64devkit\bin/ld.exe: win32.o:win32.c:(.text+0x5320): undefined reference to `_imp__win32_msgwait'
C:\toolchains\w64devkit\bin/ld.exe: win32.o:win32.c:(.text+0x5402): undefined reference to `_imp__Perl_ck_warner'
C:\toolchains\w64devkit\bin/ld.exe: win32.o:win32.c:(.text+0x543a): undefined reference to `_imp__win32_msgwait'
C:\toolchains\w64devkit\bin/ld.exe: win32.o:win32.c:(.text+0x5476): undefined reference to `_imp__win32_msgwait'
C:\toolchains\w64devkit\bin/ld.exe: win32.o:win32.c:(.text+0x548c): undefined reference to `PL_sys_intern'
C:\toolchains\w64devkit\bin/ld.exe: win32.o:win32.c:(.text+0x549b): undefined reference to `PL_sys_intern'
C:\toolchains\w64devkit\bin/ld.exe: win32.o:win32.c:(.text+0x54aa): undefined reference to `PL_sys_intern'
C:\toolchains\w64devkit\bin/ld.exe: win32.o:win32.c:(.text+0x54cb): undefined reference to `PL_sys_intern'
C:\toolchains\w64devkit\bin/ld.exe: win32.o:win32.c:(.text+0x54f1): undefined reference to `PL_sys_intern'
C:\toolchains\w64devkit\bin/ld.exe: win32.o:win32.c:(.text+0x54f9): more undefined references to `PL_sys_intern' follow
C:\toolchains\w64devkit\bin/ld.exe: win32.o:win32.c:(.text+0x5a71): undefined reference to `_imp__Perl_sv_setpvn'
C:\toolchains\w64devkit\bin/ld.exe: win32.o:win32.c:(.text+0x5be3): undefined reference to `_imp__win32_fseek'
C:\toolchains\w64devkit\bin/ld.exe: win32.o:win32.c:(.text+0x5c3a): undefined reference to `_imp__win32_fseek'
C:\toolchains\w64devkit\bin/ld.exe: win32.o:win32.c:(.text+0x5ed2): undefined reference to `_imp__win32_tmpfd_mode'
C:\toolchains\w64devkit\bin/ld.exe: win32.o:win32.c:(.text+0x5fb0): undefined reference to `_imp__win32_open_osfhandle'
C:\toolchains\w64devkit\bin/ld.exe: win32.o:win32.c:(.text+0x5fd4): undefined reference to `_imp__win32_tmpfd'
C:\toolchains\w64devkit\bin/ld.exe: win32.o:win32.c:(.text+0x5ff2): undefined reference to `_imp__win32_fdopen'
C:\toolchains\w64devkit\bin/ld.exe: win32.o:win32.c:(.text+0x6018): undefined reference to `_imp__win32_get_osfhandle'
C:\toolchains\w64devkit\bin/ld.exe: win32.o:win32.c:(.text+0x6183): undefined reference to `_imp__win32_pipe'
C:\toolchains\w64devkit\bin/ld.exe: win32.o:win32.c:(.text+0x6222): undefined reference to `PL_sys_intern'
C:\toolchains\w64devkit\bin/ld.exe: win32.o:win32.c:(.text+0x623c): undefined reference to `PL_sys_intern'
C:\toolchains\w64devkit\bin/ld.exe: win32.o:win32.c:(.text+0x6250): undefined reference to `_imp__Perl_safesysmalloc'
C:\toolchains\w64devkit\bin/ld.exe: win32.o:win32.c:(.text+0x6268): undefined reference to `_imp__Perl_save_pushptr'
C:\toolchains\w64devkit\bin/ld.exe: win32.o:win32.c:(.text+0x62a7): undefined reference to `_imp__Perl_sv_2pv_flags'
C:\toolchains\w64devkit\bin/ld.exe: win32.o:win32.c:(.text+0x634c): undefined reference to `_imp__win32_close'
C:\toolchains\w64devkit\bin/ld.exe: win32.o:win32.c:(.text+0x635a): undefined reference to `PL_sys_intern'
C:\toolchains\w64devkit\bin/ld.exe: win32.o:win32.c:(.text+0x636e): undefined reference to `_imp__Perl_av_fetch'
C:\toolchains\w64devkit\bin/ld.exe: win32.o:win32.c:(.text+0x6381): undefined reference to `_imp__Perl_sv_setiv'
C:\toolchains\w64devkit\bin/ld.exe: win32.o:win32.c:(.text+0x638b): undefined reference to `PL_forkprocess'
C:\toolchains\w64devkit\bin/ld.exe: win32.o:win32.c:(.text+0x63a1): undefined reference to `_imp__PerlIO_fdopen'
C:\toolchains\w64devkit\bin/ld.exe: win32.o:win32.c:(.text+0x63b4): undefined reference to `_imp__win32_close'
C:\toolchains\w64devkit\bin/ld.exe: win32.o:win32.c:(.text+0x63c1): undefined reference to `_imp__win32_close'
C:\toolchains\w64devkit\bin/ld.exe: win32.o:win32.c:(.text+0x640c): undefined reference to `_imp__Perl_PerlIO_fileno'
C:\toolchains\w64devkit\bin/ld.exe: win32.o:win32.c:(.text+0x6414): undefined reference to `PL_sys_intern'
C:\toolchains\w64devkit\bin/ld.exe: win32.o:win32.c:(.text+0x6428): undefined reference to `_imp__Perl_av_fetch'
C:\toolchains\w64devkit\bin/ld.exe: win32.o:win32.c:(.text+0x6477): undefined reference to `_imp__Perl_PerlIO_close'
C:\toolchains\w64devkit\bin/ld.exe: win32.o:win32.c:(.text+0x649f): undefined reference to `_imp__win32_waitpid'
C:\toolchains\w64devkit\bin/ld.exe: win32.o:win32.c:(.text+0x6692): undefined reference to `_imp__Perl_save_pushptr'
C:\toolchains\w64devkit\bin/ld.exe: win32.o:win32.c:(.text+0x6aa8): undefined reference to `_imp__win32_tell'
C:\toolchains\w64devkit\bin/ld.exe: win32.o:win32.c:(.text+0x6ae2): undefined reference to `_imp__win32_lseek'
C:\toolchains\w64devkit\bin/ld.exe: win32.o:win32.c:(.text+0x6b46): undefined reference to `_imp__win32_setmode'
C:\toolchains\w64devkit\bin/ld.exe: win32.o:win32.c:(.text+0x6bc0): undefined reference to `_imp__win32_write'
C:\toolchains\w64devkit\bin/ld.exe: win32.o:win32.c:(.text+0x6c0c): undefined reference to `_imp__win32_setmode'
C:\toolchains\w64devkit\bin/ld.exe: win32.o:win32.c:(.text+0x6c36): undefined reference to `_imp__win32_lseek'
C:\toolchains\w64devkit\bin/ld.exe: win32.o:win32.c:(.text+0x6c89): undefined reference to `_imp__win32_lseek'
C:\toolchains\w64devkit\bin/ld.exe: win32.o:win32.c:(.text+0x7095): undefined reference to `_imp__win32_isatty'
C:\toolchains\w64devkit\bin/ld.exe: win32.o:win32.c:(.text+0x737c): undefined reference to `_imp__Perl_safesysmalloc'
C:\toolchains\w64devkit\bin/ld.exe: win32.o:win32.c:(.text+0x761a): undefined reference to `_imp__Perl_safesysmalloc'
C:\toolchains\w64devkit\bin/ld.exe: win32.o:win32.c:(.text+0x7813): undefined reference to `_imp__Perl_safesysfree'
C:\toolchains\w64devkit\bin/ld.exe: win32.o:win32.c:(.text+0x7929): undefined reference to `_imp__Perl_safesysmalloc'
C:\toolchains\w64devkit\bin/ld.exe: win32.o:win32.c:(.text+0x795b): undefined reference to `_imp__Perl_safesysfree'
C:\toolchains\w64devkit\bin/ld.exe: win32.o:win32.c:(.text+0x79f0): undefined reference to `_imp__Perl_safesysmalloc'
C:\toolchains\w64devkit\bin/ld.exe: win32.o:win32.c:(.text+0x7a56): undefined reference to `_imp__win32_get_childenv'
C:\toolchains\w64devkit\bin/ld.exe: win32.o:win32.c:(.text+0x7a60): undefined reference to `_imp__win32_get_childdir'
C:\toolchains\w64devkit\bin/ld.exe: win32.o:win32.c:(.text+0x7a76): undefined reference to `PL_sys_intern'
C:\toolchains\w64devkit\bin/ld.exe: win32.o:win32.c:(.text+0x7bef): undefined reference to `PL_sys_intern'
C:\toolchains\w64devkit\bin/ld.exe: win32.o:win32.c:(.text+0x7c03): undefined reference to `PL_sys_intern'
C:\toolchains\w64devkit\bin/ld.exe: win32.o:win32.c:(.text+0x7c9b): undefined reference to `_imp__Perl_safesysfree'
C:\toolchains\w64devkit\bin/ld.exe: win32.o:win32.c:(.text+0x7cd5): undefined reference to `PL_sys_intern'
C:\toolchains\w64devkit\bin/ld.exe: win32.o:win32.c:(.text+0x7cdb): undefined reference to `PL_sys_intern'
C:\toolchains\w64devkit\bin/ld.exe: win32.o:win32.c:(.text+0x7cef): undefined reference to `PL_sys_intern'
C:\toolchains\w64devkit\bin/ld.exe: win32.o:win32.c:(.text+0x7cf5): undefined reference to `PL_sys_intern'
C:\toolchains\w64devkit\bin/ld.exe: win32.o:win32.c:(.text+0x7d03): undefined reference to `PL_sys_intern'
C:\toolchains\w64devkit\bin/ld.exe: win32.o:win32.c:(.text+0x7d32): undefined reference to `_imp__win32_msgwait'
C:\toolchains\w64devkit\bin/ld.exe: win32.o:win32.c:(.text+0x7d8b): undefined reference to `_imp__win32_free_childenv'
C:\toolchains\w64devkit\bin/ld.exe: win32.o:win32.c:(.text+0x7d98): undefined reference to `_imp__win32_free_childdir'
C:\toolchains\w64devkit\bin/ld.exe: win32.o:win32.c:(.text+0x7da5): undefined reference to `_imp__Perl_safesysfree'
C:\toolchains\w64devkit\bin/ld.exe: win32.o:win32.c:(.text+0x7dba): undefined reference to `_imp__Perl_safesysfree'
C:\toolchains\w64devkit\bin/ld.exe: win32.o:win32.c:(.text+0x7fba): undefined reference to `_imp__win32_fileno'
C:\toolchains\w64devkit\bin/ld.exe: win32.o:win32.c:(.text+0x7fc4): undefined reference to `_imp__win32_dup'
C:\toolchains\w64devkit\bin/ld.exe: win32.o:win32.c:(.text+0x8024): undefined reference to `_imp__win32_fdopen'
C:\toolchains\w64devkit\bin/ld.exe: win32.o:win32.c:(.text+0x8113): undefined reference to `PL_stack_sp'
C:\toolchains\w64devkit\bin/ld.exe: win32.o:win32.c:(.text+0x8124): undefined reference to `PL_stack_base'
C:\toolchains\w64devkit\bin/ld.exe: win32.o:win32.c:(.text+0x8147): undefined reference to `PL_sys_intern'
C:\toolchains\w64devkit\bin/ld.exe: win32.o:win32.c:(.text+0x8151): undefined reference to `PL_sys_intern'
C:\toolchains\w64devkit\bin/ld.exe: win32.o:win32.c:(.text+0x816e): undefined reference to `_imp__Perl_croak_xs_usage'
C:\toolchains\w64devkit\bin/ld.exe: win32.o:win32.c:(.text+0x817c): undefined reference to `PL_stack_base'
C:\toolchains\w64devkit\bin/ld.exe: win32.o:win32.c:(.text+0x8199): undefined reference to `PL_sys_intern'
C:\toolchains\w64devkit\bin/ld.exe: win32.o:win32.c:(.text+0x81a5): undefined reference to `PL_sys_intern'
C:\toolchains\w64devkit\bin/ld.exe: win32.o:win32.c:(.text+0x81af): undefined reference to `PL_stack_base'
C:\toolchains\w64devkit\bin/ld.exe: win32.o:win32.c:(.text+0x81c8): undefined reference to `PL_sys_intern'
C:\toolchains\w64devkit\bin/ld.exe: win32.o:win32.c:(.text+0x81cd): undefined reference to `PL_stack_max'
C:\toolchains\w64devkit\bin/ld.exe: win32.o:win32.c:(.text+0x81ee): undefined reference to `_imp__Perl_stack_grow'
C:\toolchains\w64devkit\bin/ld.exe: win32.o:win32.c:(.text+0x8205): undefined reference to `_imp__Perl_newSViv'
C:\toolchains\w64devkit\bin/ld.exe: win32.o:win32.c:(.text+0x820f): undefined reference to `PL_stack_base'
C:\toolchains\w64devkit\bin/ld.exe: win32.o:win32.c:(.text+0x8221): undefined reference to `_imp__Perl_sv_2mortal'
C:\toolchains\w64devkit\bin/ld.exe: win32.o:win32.c:(.text+0x822d): undefined reference to `PL_stack_base'
C:\toolchains\w64devkit\bin/ld.exe: win32.o:win32.c:(.text+0x823c): undefined reference to `PL_sv_immortals'
C:\toolchains\w64devkit\bin/ld.exe: win32.o:win32.c:(.text+0x8249): undefined reference to `PL_stack_base'
C:\toolchains\w64devkit\bin/ld.exe: win32.o:win32.c:(.text+0x825f): undefined reference to `PL_stack_sp'
C:\toolchains\w64devkit\bin/ld.exe: win32.o:win32.c:(.text+0x82db): undefined reference to `_imp__Perl_newXS'
C:\toolchains\w64devkit\bin/ld.exe: win32.o:win32.c:(.text+0x83f0): undefined reference to `_imp__win32_malloc'
C:\toolchains\w64devkit\bin/ld.exe: win32.o:win32.c:(.text+0x842a): undefined reference to `_imp__win32_free'
C:\toolchains\w64devkit\bin/ld.exe: win32.o:win32.c:(.text+0x8453): undefined reference to `_imp__win32_realloc'
C:\toolchains\w64devkit\bin/ld.exe: win32.o:win32.c:(.text+0x8506): undefined reference to `_imp__win32_ansipath'
C:\toolchains\w64devkit\bin/ld.exe: win32.o:win32.c:(.text+0x8542): undefined reference to `_imp__win32_realloc'
C:\toolchains\w64devkit\bin/ld.exe: win32.o:win32.c:(.text+0x859c): undefined reference to `_imp__win32_malloc'
C:\toolchains\w64devkit\bin/ld.exe: win32.o:win32.c:(.text+0x85f0): undefined reference to `_imp__win32_free'
C:\toolchains\w64devkit\bin/ld.exe: win32.o:win32.c:(.text+0x863f): undefined reference to `_imp__win32_free'
C:\toolchains\w64devkit\bin/ld.exe: win32.o:win32.c:(.text+0x864c): undefined reference to `_imp__win32_free'
C:\toolchains\w64devkit\bin/ld.exe: win32.o:win32.c:(.text+0x8c16): undefined reference to `PL_sys_intern'
C:\toolchains\w64devkit\bin/ld.exe: win32.o:win32.c:(.text+0x8c38): undefined reference to `PL_sys_intern'
C:\toolchains\w64devkit\bin/ld.exe: win32.o:win32.c:(.text+0x8cf7): undefined reference to `PL_sys_intern'
C:\toolchains\w64devkit\bin/ld.exe: win32.o:win32.c:(.text+0x8d00): undefined reference to `PL_sys_intern'
C:\toolchains\w64devkit\bin/ld.exe: win32.o:win32.c:(.text+0x8d0b): undefined reference to `PL_sys_intern'
C:\toolchains\w64devkit\bin/ld.exe: win32.o:win32.c:(.text+0x8d10): more undefined references to `PL_sys_intern' follow
C:\toolchains\w64devkit\bin/ld.exe: win32.o:win32.c:(.text+0x8e78): undefined reference to `_imp__Perl_safesysmalloc'
C:\toolchains\w64devkit\bin/ld.exe: win32.o:win32.c:(.text+0x8e7f): undefined reference to `PL_sys_intern'
C:\toolchains\w64devkit\bin/ld.exe: win32.o:win32.c:(.text+0x8e84): undefined reference to `PL_sys_intern'
C:\toolchains\w64devkit\bin/ld.exe: win32.o:win32.c:(.text+0x8e90): undefined reference to `PL_sys_intern'
C:\toolchains\w64devkit\bin/ld.exe: win32.o:win32.c:(.text+0x8e9a): undefined reference to `PL_sys_intern'
C:\toolchains\w64devkit\bin/ld.exe: win32.o:win32.c:(.text+0x8ea4): undefined reference to `PL_sys_intern'
C:\toolchains\w64devkit\bin/ld.exe: win32.o:win32.c:(.text+0x8ec0): more undefined references to `PL_sys_intern' follow
C:\toolchains\w64devkit\bin/ld.exe: win32.o:win32.c:(.text+0x8f40): undefined reference to `_imp__Perl_safesysfree'
C:\toolchains\w64devkit\bin/ld.exe: win32.o:win32.c:(.text+0x8f47): undefined reference to `PL_sys_intern'
C:\toolchains\w64devkit\bin/ld.exe: win32.o:win32.c:(.text+0x8f4f): undefined reference to `_imp__Perl_safesysfree'
C:\toolchains\w64devkit\bin/ld.exe: win32.o:win32.c:(.text+0x8f56): undefined reference to `PL_sys_intern'
C:\toolchains\w64devkit\bin/ld.exe: win32.o:win32.c:(.text+0x8f5e): undefined reference to `_imp__Perl_safesysfree'
C:\toolchains\w64devkit\bin/ld.exe: win32.o:win32.c:(.text+0x8f65): undefined reference to `PL_sys_intern'
C:\toolchains\w64devkit\bin/ld.exe: win32.o:win32.c:(.text+0x8f6f): undefined reference to `PL_sys_intern'
C:\toolchains\w64devkit\bin/ld.exe: win32.o:win32.c:(.text+0x8f74): undefined reference to `PL_sys_intern'
C:\toolchains\w64devkit\bin/ld.exe: win32.o:win32.c:(.text+0x8f8b): undefined reference to `PL_sys_intern'
C:\toolchains\w64devkit\bin/ld.exe: win32.o:win32.c:(.text+0x8f94): undefined reference to `PL_sys_intern'
C:\toolchains\w64devkit\bin/ld.exe: win32.o:win32.c:(.text+0x8f9d): more undefined references to `PL_sys_intern' follow
C:\toolchains\w64devkit\bin/ld.exe: win32sck.o:win32sck.c:(.text+0x16): undefined reference to `_imp__Perl_croak'
C:\toolchains\w64devkit\bin/ld.exe: win32sck.o:win32sck.c:(.text+0x23): undefined reference to `PL_scopestack_ix'
C:\toolchains\w64devkit\bin/ld.exe: win32sck.o:win32sck.c:(.text+0x6a): undefined reference to `_imp__Perl_newSVpvn_flags'
C:\toolchains\w64devkit\bin/ld.exe: win32sck.o:win32sck.c:(.text+0xcc1): undefined reference to `_imp__win32_open_osfhandle'
C:\toolchains\w64devkit\bin/ld.exe: win32sck.o:win32sck.c:(.text+0x19b0): undefined reference to `_imp__Perl_safesysmalloc'
C:\toolchains\w64devkit\bin/ld.exe: win32sck.o:win32sck.c:(.text+0x1b98): undefined reference to `_imp__Perl_safesysfree'
C:\toolchains\w64devkit\bin/ld.exe: win32sck.o:win32sck.c:(.text+0x1c0f): undefined reference to `_imp__win32_open_osfhandle'
C:\toolchains\w64devkit\bin/ld.exe: win32sck.o:win32sck.c:(.text+0x1e67): undefined reference to `PL_sys_intern'
C:\toolchains\w64devkit\bin/ld.exe: win32sck.o:win32sck.c:(.text+0x1eeb): undefined reference to `PL_sys_intern'
C:\toolchains\w64devkit\bin/ld.exe: win32sck.o:win32sck.c:(.text+0x1f74): undefined reference to `_imp__Perl_croak'
C:\toolchains\w64devkit\bin/ld.exe: win32sck.o:win32sck.c:(.text+0x1fe2): undefined reference to `_imp__win32_croak_not_implemented'
C:\toolchains\w64devkit\bin/ld.exe: win32sck.o:win32sck.c:(.text+0x1ff6): undefined reference to `_imp__win32_croak_not_implemented'
C:\toolchains\w64devkit\bin/ld.exe: win32sck.o:win32sck.c:(.text+0x200a): undefined reference to `_imp__win32_croak_not_implemented'
C:\toolchains\w64devkit\bin/ld.exe: win32sck.o:win32sck.c:(.text+0x201e): undefined reference to `_imp__win32_croak_not_implemented'
C:\toolchains\w64devkit\bin/ld.exe: win32sck.o:win32sck.c:(.text+0x2032): undefined reference to `_imp__win32_croak_not_implemented'
C:\toolchains\w64devkit\bin/ld.exe: win32sck.o:win32sck.c:(.text+0x2046): more undefined references to `_imp__win32_croak_not_implemented' follow
C:\toolchains\w64devkit\bin/ld.exe: win32thread.o:win32thread.c:(.text+0x16): undefined reference to `_imp__Perl_croak'
C:\toolchains\w64devkit\bin/ld.exe: xs_init.o:xs_init.c:(.text+0x16): undefined reference to `_imp__Perl_croak'
C:\toolchains\w64devkit\bin/ld.exe: xs_init.o:xs_init.c:(.text+0x3a): undefined reference to `_imp__Perl_newXS'
C:\toolchains\w64devkit\bin/ld.exe: xs_init.o:xs_init.c:(.text+0x58): undefined reference to `_imp__Perl_newXS'
C:\toolchains\w64devkit\bin/ld.exe: xs_init.o:xs_init.c:(.text+0x76): undefined reference to `_imp__Perl_newXS'
C:\toolchains\w64devkit\bin/ld.exe: xs_init.o:xs_init.c:(.text+0x94): undefined reference to `_imp__Perl_newXS'
C:\toolchains\w64devkit\bin/ld.exe: xs_init.o:xs_init.c:(.text+0xb2): undefined reference to `_imp__Perl_newXS'
C:\toolchains\w64devkit\bin/ld.exe: xs_init.o:xs_init.c:(.text+0xd0): more undefined references to `_imp__Perl_newXS' follow
collect2.exe: error: ld returned 1 exit status
